{"type":"FeatureCollection","features":[{"type":"Feature","geometry":{"type":"Polygon","coordinates":[[[73.69622,34.08025],[73.69711,34.07174],[73.69509,34.06767],[73.68955,34.06448],[73.68254,34.06524],[73.66854,34.06035],[73.64942,34.06018],[73.64483,34.05897],[73.63483,34.0639],[73.63112,34.07014],[73.63111,34.07636],[73.62879,34.08163],[73.61979,34.07858],[73.61653,34.07385],[73.61923,34.06091],[73.58925,34.07409],[73.57454,34.08892],[73.57058,34.09919],[73.55909,34.09981],[73.5557,34.10155],[73.54866,34.09974],[73.5362,34.10042],[73.54162,34.10876],[73.53808,34.11078],[73.53987,34.11765],[73.53952,34.12492],[73.53526,34.13206],[73.52405,34.13093],[73.52349,34.12961],[73.5275,34.12696],[73.52473,34.12614],[73.5216,34.12867],[73.5184,34.12566],[73.51887,34.12443],[73.52688,34.12227],[73.52937,34.11769],[73.52254,34.11812],[73.51972,34.10983],[73.51312,34.11096],[73.49441,34.10701],[73.50139,34.08611],[73.5061,34.06166],[73.50722,34.03889],[73.51201,34.01767],[73.51639,34.00111],[73.52916,33.97804],[73.53871,33.95126],[73.56248,33.9261],[73.5742,33.90961],[73.58294,33.9148],[73.58626,33.91221],[73.5879,33.91716],[73.59118,33.91905],[73.59859,33.91674],[73.59721,33.92333],[73.59981,33.93008],[73.60607,33.93621],[73.60766,33.94016],[73.61129,33.93959],[73.61311,33.94194],[73.61078,33.95354],[73.6144,33.95726],[73.61621,33.96393],[73.62889,33.97046],[73.63309,33.97619],[73.64133,33.97844],[73.64574,33.97719],[73.65263,33.97155],[73.66643,33.9693],[73.67137,33.96624],[73.68154,33.9412],[73.6875,33.9374],[73.69642,33.93661],[73.70712,33.92775],[73.70904,33.92099],[73.71838,33.91215],[73.72955,33.91473],[73.73786,33.91337],[73.73349,33.90701],[73.73332,33.90372],[73.73429,33.89868],[73.73704,33.89581],[73.74695,33.89323],[73.7543,33.88785],[73.75855,33.8875],[73.77133,33.8907],[73.77523,33.89015],[73.7808,33.88113],[73.79287,33.87677],[73.80098,33.87995],[73.81694,33.87988],[73.82363,33.8821],[73.82573,33.88523],[73.82802,33.90116],[73.82961,33.90406],[73.83257,33.90525],[73.83665,33.90339],[73.84442,33.90349],[73.84825,33.90173],[73.85132,33.90243],[73.86373,33.89804],[73.87728,33.89658],[73.88146,33.89705],[73.89039,33.90198],[73.9063,33.89479],[73.91221,33.88972],[73.91983,33.88657],[73.93399,33.89267],[73.9427,33.90491],[73.9472,33.90644],[73.95703,33.9158],[73.96925,33.91692],[73.97564,33.92134],[73.97366,33.93058],[73.97959,33.93688],[73.9807,33.94169],[73.98762,33.94421],[73.99092,33.95108],[73.99444,33.95414],[73.99927,33.95541],[74.00134,33.97446],[73.99697,33.97822],[73.98724,33.98088],[73.97937,33.98491],[73.97403,33.98589],[73.96393,33.98305],[73.95943,33.98355],[73.95417,33.98709],[73.94925,33.99594],[73.94791,34.00227],[73.93848,34.01312],[73.93824,34.03178],[73.91473,34.01977],[73.90559,34.01972],[73.89807,34.01597],[73.88531,34.01894],[73.87468,34.01718],[73.86985,34.01771],[73.86122,34.02328],[73.85663,34.0287],[73.85192,34.0386],[73.85264,34.06431],[73.8395,34.0707],[73.83408,34.07843],[73.80934,34.08426],[73.78776,34.07596],[73.77428,34.08029],[73.77022,34.07949],[73.75575,34.0826],[73.74268,34.07979],[73.72517,34.07883],[73.7159,34.07526],[73.70557,34.08065],[73.69622,34.08025]]]},"properties":{"district":"Bagh","province":"Azad Kashmir","pcode":"PK101","pop_2023":null,"area_km2":694.4}},{"type":"Feature","geometry":{"type":"Polygon","coordinates":[[[74.01311,33.24987],[74.00501,33.25616],[74.00018,33.25634],[73.97956,33.23988],[73.9763,33.23943],[73.97383,33.24151],[73.96562,33.24077],[73.95257,33.25797],[73.94767,33.2602],[73.94381,33.2599],[73.93788,33.25441],[73.93387,33.24551],[73.92557,33.24418],[73.91741,33.23216],[73.91177,33.22994],[73.90773,33.23085],[73.90895,33.22402],[73.90748,33.2205],[73.909,33.21746],[73.9038,33.20764],[73.90812,33.20301],[73.9058,33.20098],[73.90585,33.19698],[73.91719,33.18085],[73.9168,33.17733],[73.91149,33.171],[73.907,33.16916],[73.907,33.16568],[73.90434,33.16323],[73.87941,33.1524],[73.879,33.14648],[73.88227,33.13442],[73.88125,33.12625],[73.87717,33.12216],[73.86818,33.11828],[73.85796,33.11093],[73.85387,33.1003],[73.85571,33.0956],[73.86184,33.09009],[73.86613,33.08212],[73.87635,33.07701],[73.87757,33.0717],[73.87533,33.06434],[73.87104,33.05821],[73.85449,33.04397],[73.85326,33.03349],[73.84754,33.02838],[73.83569,33.02838],[73.82833,33.02001],[73.82544,33.01335],[73.86081,33.03027],[73.88027,33.03527],[73.89777,33.03777],[73.9211,33.03416],[73.9422,33.02194],[73.95416,33.0075],[73.95833,32.99833],[73.97442,32.97471],[73.98638,32.96166],[74.00278,32.95166],[74.02721,32.9411],[74.08415,32.92527],[74.11081,32.91054],[74.13054,32.90332],[74.16832,32.88583],[74.18915,32.87833],[74.25888,32.84415],[74.28916,32.83194],[74.31499,32.81889],[74.32609,32.81527],[74.33278,32.81556],[74.3375,32.79889],[74.34333,32.79],[74.35056,32.78222],[74.35973,32.77583],[74.37889,32.76972],[74.40083,32.77056],[74.41223,32.77444],[74.43028,32.78694],[74.44193,32.79192],[74.45445,32.79306],[74.46167,32.79169],[74.4575,32.80158],[74.45422,32.80505],[74.45064,32.81681],[74.44322,32.82883],[74.43005,32.84466],[74.42636,32.85778],[74.42934,32.8795],[74.4285,32.88361],[74.42506,32.89305],[74.41389,32.90395],[74.40606,32.90697],[74.3858,32.90864],[74.34775,32.90822],[74.32781,32.91316],[74.31803,32.9197],[74.31614,32.93016],[74.32072,32.94143],[74.34636,32.96555],[74.35318,32.98313],[74.3517,33.01313],[74.34983,33.01625],[74.33792,33.02594],[74.32648,33.02946],[74.30788,33.03052],[74.2832,33.04319],[74.25497,33.04877],[74.2204,33.04481],[74.21645,33.04299],[74.20525,33.0433],[74.19926,33.04687],[74.19064,33.07671],[74.17625,33.10716],[74.14878,33.13389],[74.14485,33.13527],[74.1117,33.16444],[74.09987,33.17251],[74.08284,33.18074],[74.05643,33.18662],[74.02625,33.18859],[74.01823,33.19319],[74.01427,33.19825],[74.01125,33.21875],[74.01102,33.2385],[74.01311,33.24987]]]},"properties":{"district":"Bhimber","province":"Azad Kashmir","pcode":"PK102","pop_2023":null,"area_km2":1212.9}},{"type":"Feature","geometry":{"type":"Polygon","coordinates":[[[73.93824,34.03178],[73.89817,34.03282],[73.88322,34.04995],[73.88565,34.07512],[73.90438,34.09689],[73.90408,34.12225],[73.91708,34.14211],[73.94477,34.17019],[73.97658,34.2118],[73.98202,34.23908],[73.97623,34.26481],[73.94097,34.30174],[73.91993,34.34231],[73.89941,34.35981],[73.87941,34.35424],[73.84175,34.33832],[73.82007,34.34993],[73.81209,34.34577],[73.80302,34.34655],[73.79453,34.3385],[73.78126,34.33468],[73.76998,34.33352],[73.76093,34.33978],[73.75137,34.33048],[73.75042,34.31953],[73.75181,34.3158],[73.74932,34.30832],[73.74975,34.29709],[73.75027,34.29455],[73.7581,34.28928],[73.76253,34.27742],[73.76176,34.27379],[73.75866,34.27117],[73.7576,34.2655],[73.75195,34.25899],[73.74889,34.24872],[73.74565,34.24611],[73.73393,34.24229],[73.71401,34.21627],[73.70084,34.20881],[73.68977,34.20581],[73.67796,34.19969],[73.66388,34.20343],[73.65569,34.20164],[73.64786,34.20646],[73.64304,34.20703],[73.63598,34.21257],[73.62365,34.203],[73.63127,34.19519],[73.63216,34.19067],[73.63518,34.18788],[73.63546,34.18467],[73.64036,34.17655],[73.63754,34.17502],[73.64489,34.16849],[73.64645,34.13793],[73.65639,34.1303],[73.66382,34.11431],[73.67015,34.11121],[73.6817,34.09942],[73.68845,34.08872],[73.69622,34.08025],[73.70557,34.08065],[73.7159,34.07526],[73.72517,34.07883],[73.74268,34.07979],[73.75575,34.0826],[73.77022,34.07949],[73.77428,34.08029],[73.78776,34.07596],[73.80934,34.08426],[73.83408,34.07843],[73.8395,34.0707],[73.85264,34.06431],[73.85192,34.0386],[73.85663,34.0287],[73.86122,34.02328],[73.86985,34.01771],[73.87468,34.01718],[73.88531,34.01894],[73.89807,34.01597],[73.90559,34.01972],[73.91473,34.01977],[73.93824,34.03178]]]},"properties":{"district":"Jhelum Valley","province":"Azad Kashmir","pcode":"PK103","pop_2023":null,"area_km2":681.8}},{"type":"Feature","geometry":{"type":"Polygon","coordinates":[[[74.05743,33.81449],[74.06574,33.8201],[74.09001,33.82628],[74.1298,33.82756],[74.14335,33.83014],[74.17009,33.83988],[74.20762,33.8594],[74.21967,33.86717],[74.24556,33.89501],[74.26113,33.9248],[74.26358,33.94262],[74.26275,33.97429],[74.24869,34.01382],[74.23722,34.02553],[74.22556,34.0334],[74.21468,34.03856],[74.19635,34.04008],[74.16142,34.03887],[74.14922,34.04302],[74.13245,34.05267],[74.12369,34.05518],[74.11498,34.05378],[74.10046,34.04563],[74.09592,34.04032],[74.08703,34.03776],[74.06107,34.03471],[74.05666,34.03125],[74.0389,34.02911],[74.00607,34.02245],[74,34.03019],[73.93824,34.03178],[73.93848,34.01312],[73.94791,34.00227],[73.94925,33.99594],[73.95417,33.98709],[73.95943,33.98355],[73.96393,33.98305],[73.97403,33.98589],[73.97937,33.98491],[73.98724,33.98088],[73.99697,33.97822],[74.00134,33.97446],[73.99927,33.95541],[73.99444,33.95414],[73.99092,33.95108],[73.98762,33.94421],[73.9807,33.94169],[73.97959,33.93688],[73.97366,33.93058],[73.97564,33.92134],[73.9774,33.91654],[73.98473,33.90758],[73.99021,33.89633],[73.99748,33.88665],[73.99689,33.87696],[74.0021,33.86497],[74.01168,33.85373],[74.02704,33.84412],[74.03185,33.83608],[74.02451,33.8359],[74.02218,33.83394],[74.02233,33.83107],[74.03236,33.82565],[74.03247,33.8222],[74.03522,33.81953],[74.05743,33.81449]]]},"properties":{"district":"Haveli","province":"Azad Kashmir","pcode":"PK104","pop_2023":null,"area_km2":550.9}},{"type":"Feature","geometry":{"type":"Polygon","coordinates":[[[73.90594,33.60076],[73.89711,33.59986],[73.89114,33.59515],[73.88363,33.5988],[73.87563,33.59892],[73.8734,33.59558],[73.87781,33.59037],[73.87721,33.58837],[73.86798,33.58436],[73.84371,33.58415],[73.83468,33.58877],[73.82505,33.58997],[73.81001,33.60261],[73.79995,33.60678],[73.79537,33.61384],[73.79116,33.61324],[73.78414,33.60642],[73.78093,33.60642],[73.77471,33.60782],[73.76709,33.61284],[73.75119,33.61866],[73.74885,33.6167],[73.74711,33.60908],[73.74717,33.60563],[73.74942,33.60231],[73.74687,33.60044],[73.74153,33.58842],[73.74349,33.58178],[73.7389,33.57982],[73.73445,33.58073],[73.71762,33.59182],[73.71353,33.6002],[73.70141,33.61194],[73.69488,33.61678],[73.68951,33.61778],[73.68951,33.62377],[73.68329,33.63199],[73.67491,33.62907],[73.67161,33.6357],[73.6634,33.64107],[73.65932,33.63631],[73.65533,33.63738],[73.6532,33.63969],[73.64968,33.63768],[73.63512,33.64672],[73.62752,33.64796],[73.62646,33.65146],[73.62972,33.65593],[73.62656,33.65835],[73.62134,33.65863],[73.61139,33.66626],[73.60971,33.66793],[73.60983,33.67362],[73.60777,33.67798],[73.59973,33.68101],[73.59545,33.68519],[73.59193,33.67944],[73.57388,33.66444],[73.57277,33.65388],[73.57609,33.64333],[73.56888,33.62416],[73.58943,33.61472],[73.5986,33.60694],[73.60248,33.59499],[73.61054,33.58582],[73.61971,33.57888],[73.62692,33.56889],[73.6233,33.55916],[73.62303,33.54805],[73.62942,33.5375],[73.63165,33.52638],[73.61914,33.5211],[73.61137,33.51277],[73.60832,33.49194],[73.6147,33.47999],[73.62303,33.47083],[73.62647,33.46025],[73.64386,33.45934],[73.64973,33.4576],[73.65329,33.45879],[73.65817,33.46722],[73.66339,33.46805],[73.66844,33.46502],[73.67161,33.45942],[73.68136,33.462],[73.69007,33.46181],[73.70007,33.45961],[73.73032,33.43807],[73.73745,33.43007],[73.75801,33.41423],[73.76315,33.40597],[73.7615,33.40646],[73.75898,33.40453],[73.75307,33.39415],[73.75234,33.38657],[73.75646,33.37709],[73.77767,33.36092],[73.77515,33.35425],[73.76595,33.34861],[73.78004,33.33645],[73.79161,33.3331],[73.79191,33.3317],[73.78687,33.32621],[73.79562,33.31894],[73.81461,33.29728],[73.83152,33.28171],[73.84413,33.27281],[73.8735,33.2467],[73.88759,33.24329],[73.89219,33.23112],[73.89545,33.22727],[73.89768,33.22549],[73.90065,33.22564],[73.90773,33.23085],[73.91177,33.22994],[73.91741,33.23216],[73.92557,33.24418],[73.93387,33.24551],[73.93788,33.25441],[73.94381,33.2599],[73.94767,33.2602],[73.95257,33.25797],[73.96562,33.24077],[73.97383,33.24151],[73.9763,33.23943],[73.97956,33.23988],[74.00018,33.25634],[74.00501,33.25616],[74.01311,33.24987],[74.02438,33.26246],[74.0365,33.26475],[74.048,33.26447],[74.06503,33.25992],[74.07894,33.26024],[74.09069,33.26365],[74.10298,33.27054],[74.1158,33.28113],[74.11763,33.28559],[74.16685,33.34414],[74.1701,33.34623],[74.18508,33.38351],[74.18421,33.39104],[74.18006,33.40207],[74.17929,33.42569],[74.18166,33.43041],[74.18293,33.44197],[74.18707,33.45552],[74.18534,33.46711],[74.17815,33.48168],[74.14264,33.51832],[74.12339,33.54321],[74.09634,33.56979],[74.08836,33.57321],[74.07443,33.56898],[74.0539,33.56508],[74.04535,33.56575],[74.02844,33.57468],[74.01672,33.59454],[74.01291,33.593],[74.0092,33.5945],[74.00496,33.59824],[73.98893,33.60411],[73.98106,33.60999],[73.97195,33.60686],[73.96824,33.60759],[73.96069,33.6185],[73.95155,33.61448],[73.95067,33.61193],[73.9464,33.61107],[73.93728,33.61419],[73.93253,33.61126],[73.93012,33.60722],[73.91269,33.60134],[73.90594,33.60076]]]},"properties":{"district":"Kotli","province":"Azad Kashmir","pcode":"PK105","pop_2023":null,"area_km2":1599.1}},{"type":"Feature","geometry":{"type":"Polygon","coordinates":[[[73.90773,33.23085],[73.90065,33.22564],[73.89768,33.22549],[73.89545,33.22727],[73.89219,33.23112],[73.88759,33.24329],[73.8735,33.2467],[73.84413,33.27281],[73.83152,33.28171],[73.81461,33.29728],[73.79562,33.31894],[73.78687,33.32621],[73.79191,33.3317],[73.79161,33.3331],[73.78004,33.33645],[73.76595,33.34861],[73.77515,33.35425],[73.77767,33.36092],[73.75646,33.37709],[73.75234,33.38657],[73.75307,33.39415],[73.75898,33.40453],[73.7615,33.40646],[73.76315,33.40597],[73.75801,33.41423],[73.73745,33.43007],[73.73032,33.43807],[73.70007,33.45961],[73.69007,33.46181],[73.68136,33.462],[73.67161,33.45942],[73.66844,33.46502],[73.66339,33.46805],[73.65817,33.46722],[73.65329,33.45879],[73.64973,33.4576],[73.64386,33.45934],[73.62647,33.46025],[73.62248,33.45054],[73.60803,33.44527],[73.59721,33.43915],[73.59444,33.42944],[73.59582,33.41777],[73.58055,33.40193],[73.57527,33.39305],[73.57083,33.38333],[73.57054,33.37222],[73.58472,33.33916],[73.59888,33.33971],[73.60721,33.33333],[73.60078,33.32441],[73.59863,33.31805],[73.60893,33.31011],[73.60919,33.30665],[73.60661,33.30174],[73.60771,33.29846],[73.61584,33.29136],[73.61233,33.28464],[73.61183,33.27846],[73.6236,33.25527],[73.62324,33.24404],[73.62825,33.23846],[73.64277,33.23234],[73.64006,33.21917],[73.64118,33.21612],[73.64922,33.22257],[73.65403,33.22296],[73.66019,33.21824],[73.66706,33.21531],[73.66988,33.19155],[73.66858,33.15799],[73.66116,33.14927],[73.63179,33.13594],[73.62665,33.12804],[73.62442,33.10583],[73.62831,33.09471],[73.64305,33.08611],[73.65694,33.08111],[73.69581,33.07277],[73.75027,33.05305],[73.75861,33.04722],[73.77394,33.02333],[73.78954,33.01799],[73.80582,33.00889],[73.81721,33.01028],[73.82544,33.01335],[73.82833,33.02001],[73.83569,33.02838],[73.84754,33.02838],[73.85326,33.03349],[73.85449,33.04397],[73.87104,33.05821],[73.87533,33.06434],[73.87757,33.0717],[73.87635,33.07701],[73.86613,33.08212],[73.86184,33.09009],[73.85571,33.0956],[73.85387,33.1003],[73.85796,33.11093],[73.86818,33.11828],[73.87717,33.12216],[73.88125,33.12625],[73.88227,33.13442],[73.879,33.14648],[73.87941,33.1524],[73.90434,33.16323],[73.907,33.16568],[73.907,33.16916],[73.91149,33.171],[73.9168,33.17733],[73.91719,33.18085],[73.90585,33.19698],[73.9058,33.20098],[73.90812,33.20301],[73.9038,33.20764],[73.909,33.21746],[73.90748,33.2205],[73.90895,33.22402],[73.90773,33.23085]]]},"properties":{"district":"Mirpur","province":"Azad Kashmir","pcode":"PK106","pop_2023":null,"area_km2":896.9}},{"type":"Feature","geometry":{"type":"Polygon","coordinates":[[[73.64451,34.57099],[73.63721,34.56499],[73.62498,34.56388],[73.61443,34.56806],[73.60081,34.57972],[73.59248,34.58472],[73.58166,34.58777],[73.55971,34.58443],[73.54526,34.57888],[73.5194,34.57251],[73.46471,34.57194],[73.45555,34.56833],[73.44832,34.56305],[73.44275,34.55499],[73.44136,34.55],[73.4322,34.47916],[73.4247,34.45972],[73.40694,34.42444],[73.39972,34.39888],[73.39816,34.37406],[73.40193,34.34415],[73.40971,34.32305],[73.41415,34.3161],[73.43054,34.29944],[73.46471,34.27527],[73.46226,34.25722],[73.46499,34.25889],[73.47943,34.22193],[73.48776,34.18499],[73.48665,34.13722],[73.48804,34.12527],[73.49441,34.10701],[73.51312,34.11096],[73.51972,34.10983],[73.52254,34.11812],[73.52937,34.11769],[73.52688,34.12227],[73.51887,34.12443],[73.5184,34.12566],[73.5216,34.12867],[73.52473,34.12614],[73.5275,34.12696],[73.52349,34.12961],[73.52405,34.13093],[73.53526,34.13206],[73.53952,34.12492],[73.53987,34.11765],[73.53808,34.11078],[73.54162,34.10876],[73.5362,34.10042],[73.54866,34.09974],[73.5557,34.10155],[73.55909,34.09981],[73.57058,34.09919],[73.57454,34.08892],[73.58925,34.07409],[73.61923,34.06091],[73.61653,34.07385],[73.61979,34.07858],[73.62879,34.08163],[73.63111,34.07636],[73.63112,34.07014],[73.63483,34.0639],[73.64483,34.05897],[73.64942,34.06018],[73.66854,34.06035],[73.68254,34.06524],[73.68955,34.06448],[73.69509,34.06767],[73.69711,34.07174],[73.69622,34.08025],[73.68845,34.08872],[73.6817,34.09942],[73.67015,34.11121],[73.66382,34.11431],[73.65639,34.1303],[73.64645,34.13793],[73.64489,34.16849],[73.63754,34.17502],[73.64036,34.17655],[73.63546,34.18467],[73.63518,34.18788],[73.63216,34.19067],[73.63127,34.19519],[73.62365,34.203],[73.63598,34.21257],[73.64304,34.20703],[73.64786,34.20646],[73.65569,34.20164],[73.66388,34.20343],[73.67796,34.19969],[73.68977,34.20581],[73.70084,34.20881],[73.71401,34.21627],[73.73393,34.24229],[73.74565,34.24611],[73.74889,34.24872],[73.75195,34.25899],[73.7576,34.2655],[73.75866,34.27117],[73.76176,34.27379],[73.76253,34.27742],[73.7581,34.28928],[73.75027,34.29455],[73.74975,34.29709],[73.74932,34.30832],[73.75181,34.3158],[73.75042,34.31953],[73.75137,34.33048],[73.76093,34.33978],[73.76998,34.33352],[73.78126,34.33468],[73.79453,34.3385],[73.80302,34.34655],[73.81209,34.34577],[73.82007,34.34993],[73.8074,34.35672],[73.77339,34.34975],[73.76322,34.35963],[73.76432,34.37107],[73.76884,34.38721],[73.76341,34.38644],[73.7559,34.3817],[73.75073,34.38074],[73.73473,34.38145],[73.73519,34.38861],[73.74265,34.39153],[73.744,34.40035],[73.74752,34.40577],[73.74666,34.41865],[73.74844,34.42571],[73.74095,34.43265],[73.73977,34.4359],[73.74005,34.43907],[73.74838,34.44236],[73.74883,34.4462],[73.74786,34.44965],[73.7413,34.45403],[73.73343,34.46361],[73.74078,34.47505],[73.74409,34.47761],[73.75519,34.48152],[73.7608,34.48829],[73.75751,34.49701],[73.75914,34.49983],[73.75936,34.50708],[73.76254,34.51385],[73.76195,34.5185],[73.75988,34.51958],[73.74741,34.51932],[73.74098,34.52467],[73.73742,34.5254],[73.72801,34.52251],[73.72007,34.52196],[73.70731,34.52413],[73.70635,34.52776],[73.69677,34.53157],[73.69073,34.53591],[73.68232,34.53798],[73.67801,34.53817],[73.66925,34.53243],[73.66314,34.53984],[73.66284,34.54363],[73.65378,34.55435],[73.64451,34.57099]]]},"properties":{"district":"Muzaffarabad","province":"Azad Kashmir","pcode":"PK107","pop_2023":null,"area_km2":1361}},{"type":"Feature","geometry":{"type":"Polygon","coordinates":[[[74.86488,34.67993],[74.82656,34.7265],[74.79949,34.75262],[74.79142,34.75592],[74.78239,34.76397],[74.76958,34.78633],[74.76659,34.79536],[74.76445,34.81287],[74.75912,34.81794],[74.75255,34.82147],[74.73566,34.83854],[74.72588,34.8433],[74.72823,34.84759],[74.7281,34.85276],[74.72277,34.86094],[74.71741,34.8609],[74.71095,34.85651],[74.70567,34.85757],[74.69884,34.87503],[74.68743,34.87357],[74.6774,34.88009],[74.67133,34.89603],[74.66652,34.89817],[74.66416,34.90745],[74.65353,34.90121],[74.64515,34.9018],[74.63918,34.90385],[74.6332,34.90842],[74.61317,34.91628],[74.59999,34.91933],[74.57401,34.90364],[74.56596,34.90751],[74.57195,34.92598],[74.56851,34.92868],[74.56338,34.92926],[74.57033,34.93505],[74.57042,34.94136],[74.5747,34.9473],[74.56914,34.94979],[74.56271,34.95698],[74.56275,34.96014],[74.56768,34.96446],[74.56469,34.97314],[74.57278,34.98124],[74.57219,34.9939],[74.57904,34.9971],[74.5835,35.00164],[74.57785,35.00809],[74.57462,35.01867],[74.56788,35.01838],[74.56227,35.01267],[74.55426,35.01323],[74.53986,35.02328],[74.53651,35.02976],[74.52853,35.036],[74.53119,35.05101],[74.53761,35.05591],[74.53699,35.06557],[74.53239,35.07085],[74.52509,35.07579],[74.51913,35.07785],[74.51102,35.08489],[74.50771,35.092],[74.50978,35.09915],[74.49435,35.10845],[74.48472,35.11236],[74.47783,35.1127],[74.46635,35.1106],[74.45931,35.11931],[74.45194,35.13377],[74.4425,35.13466],[74.43947,35.13411],[74.43763,35.1312],[74.43172,35.11955],[74.4294,35.11036],[74.42492,35.10683],[74.40495,35.09777],[74.39677,35.08775],[74.39082,35.08361],[74.37508,35.06126],[74.36661,35.05913],[74.33127,35.06032],[74.3158,35.06573],[74.29949,35.06739],[74.29579,35.06607],[74.28883,35.05954],[74.28163,35.04692],[74.27426,35.04173],[74.25391,35.03902],[74.24857,35.03936],[74.23763,35.05109],[74.23795,35.06601],[74.23605,35.06998],[74.22708,35.06544],[74.21579,35.06698],[74.21619,35.08714],[74.20619,35.09245],[74.20396,35.08545],[74.20182,35.08442],[74.1899,35.08442],[74.17179,35.08018],[74.16074,35.08042],[74.15249,35.08834],[74.14279,35.09051],[74.1414,35.10024],[74.13843,35.10133],[74.11591,35.12306],[74.09332,35.11305],[74.08221,35.10555],[74.06581,35.08999],[74.06026,35.07472],[74.0622,35.06055],[74.07721,35.04416],[74.08443,35.03361],[74.08735,35.02494],[74.08954,35.02407],[74.08276,35.015],[74.07582,35.00889],[74.06331,35.00222],[74.05582,34.9961],[74.05415,34.98638],[74.05525,34.97166],[74.05165,34.95555],[74.03387,34.93443],[74.01027,34.91332],[74.00444,34.90527],[73.99859,34.89138],[73.98638,34.87054],[73.97554,34.86194],[73.93719,34.84944],[73.92387,34.83694],[73.90776,34.82666],[73.89833,34.82472],[73.88611,34.82444],[73.86638,34.82555],[73.84554,34.82861],[73.83388,34.82694],[73.82193,34.81972],[73.81248,34.81027],[73.79942,34.8036],[73.78831,34.80193],[73.77054,34.80166],[73.76027,34.79944],[73.7397,34.78722],[73.72638,34.77527],[73.72053,34.76721],[73.71113,34.73629],[73.7036,34.72471],[73.69803,34.71776],[73.67276,34.70332],[73.6636,34.69444],[73.6611,34.68416],[73.67137,34.66888],[73.67415,34.6611],[73.67442,34.64583],[73.67249,34.63499],[73.65444,34.58694],[73.64999,34.57749],[73.64451,34.57099],[73.65378,34.55435],[73.66284,34.54363],[73.66314,34.53984],[73.66925,34.53243],[73.67801,34.53817],[73.68232,34.53798],[73.69073,34.53591],[73.69677,34.53157],[73.70635,34.52776],[73.70731,34.52413],[73.72007,34.52196],[73.72801,34.52251],[73.73742,34.5254],[73.74098,34.52467],[73.74741,34.51932],[73.75988,34.51958],[73.76195,34.5185],[73.76254,34.51385],[73.75936,34.50708],[73.75914,34.49983],[73.75751,34.49701],[73.7608,34.48829],[73.75519,34.48152],[73.74409,34.47761],[73.74078,34.47505],[73.73343,34.46361],[73.7413,34.45403],[73.74786,34.44965],[73.74883,34.4462],[73.74838,34.44236],[73.74005,34.43907],[73.73977,34.4359],[73.74095,34.43265],[73.74844,34.42571],[73.74666,34.41865],[73.74752,34.40577],[73.744,34.40035],[73.74265,34.39153],[73.73519,34.38861],[73.73473,34.38145],[73.75073,34.38074],[73.7559,34.3817],[73.76341,34.38644],[73.76884,34.38721],[73.77698,34.4163],[73.80216,34.43769],[73.85481,34.47335],[73.89874,34.49577],[73.88669,34.51499],[73.89534,34.54667],[73.94807,34.57309],[73.94156,34.59196],[73.9274,34.64606],[73.94156,34.6772],[73.96022,34.69668],[74,34.70822],[74.01289,34.70985],[74.04172,34.68732],[74.04914,34.68497],[74.0597,34.68509],[74.08653,34.6937],[74.09314,34.69451],[74.09716,34.6929],[74.11677,34.69121],[74.1327,34.69024],[74.14179,34.6912],[74.14897,34.69527],[74.17474,34.71736],[74.20297,34.73657],[74.22575,34.74746],[74.22749,34.75008],[74.23901,34.75207],[74.2699,34.76269],[74.27976,34.76827],[74.2868,34.77417],[74.30278,34.79754],[74.3073,34.8003],[74.31509,34.80026],[74.33127,34.79232],[74.34125,34.78969],[74.34621,34.79041],[74.36754,34.80256],[74.37554,34.80344],[74.47397,34.79063],[74.48537,34.78709],[74.50658,34.77553],[74.5147,34.7748],[74.54407,34.77654],[74.56149,34.77444],[74.56529,34.77187],[74.57716,34.76949],[74.58018,34.7701],[74.61816,34.74215],[74.63155,34.738],[74.63883,34.73354],[74.65806,34.7106],[74.6713,34.7007],[74.72807,34.68858],[74.76312,34.68434],[74.7664,34.68519],[74.77214,34.68271],[74.78659,34.68273],[74.8356,34.67754],[74.86488,34.67993]]]},"properties":{"district":"Neelum","province":"Azad Kashmir","pcode":"PK108","pop_2023":null,"area_km2":3137.5}},{"type":"Feature","geometry":{"type":"Polygon","coordinates":[[[73.97564,33.92134],[73.96925,33.91692],[73.95703,33.9158],[73.9472,33.90644],[73.9427,33.90491],[73.93399,33.89267],[73.91983,33.88657],[73.91221,33.88972],[73.9063,33.89479],[73.89039,33.90198],[73.88146,33.89705],[73.87728,33.89658],[73.86373,33.89804],[73.85132,33.90243],[73.84825,33.90173],[73.84442,33.90349],[73.83665,33.90339],[73.83257,33.90525],[73.82961,33.90406],[73.82802,33.90116],[73.82573,33.88523],[73.82363,33.8821],[73.81694,33.87988],[73.80098,33.87995],[73.79287,33.87677],[73.7808,33.88113],[73.77523,33.89015],[73.77133,33.8907],[73.75855,33.8875],[73.7543,33.88785],[73.74695,33.89323],[73.73704,33.89581],[73.73429,33.89868],[73.73332,33.90372],[73.73349,33.90701],[73.73786,33.91337],[73.72955,33.91473],[73.71838,33.91215],[73.70904,33.92099],[73.70712,33.92775],[73.69642,33.93661],[73.6875,33.9374],[73.68154,33.9412],[73.67137,33.96624],[73.66643,33.9693],[73.65263,33.97155],[73.64574,33.97719],[73.64133,33.97844],[73.63309,33.97619],[73.62889,33.97046],[73.61621,33.96393],[73.6144,33.95726],[73.61078,33.95354],[73.61311,33.94194],[73.61129,33.93959],[73.60766,33.94016],[73.60607,33.93621],[73.59981,33.93008],[73.59721,33.92333],[73.59859,33.91674],[73.59118,33.91905],[73.5879,33.91716],[73.58626,33.91221],[73.58294,33.9148],[73.5742,33.90961],[73.5836,33.89444],[73.58554,33.88193],[73.58276,33.86166],[73.57144,33.82414],[73.57822,33.82402],[73.5858,33.82089],[73.58927,33.81695],[73.59442,33.81671],[73.61721,33.82442],[73.63134,33.81952],[73.64005,33.82619],[73.65158,33.82743],[73.65591,33.82498],[73.67217,33.82627],[73.67763,33.81451],[73.68556,33.80312],[73.69365,33.81003],[73.70396,33.80479],[73.71147,33.80383],[73.71804,33.80671],[73.72524,33.80471],[73.73474,33.80426],[73.74496,33.79741],[73.74848,33.79122],[73.75186,33.78898],[73.75749,33.78866],[73.76114,33.78477],[73.76417,33.78465],[73.77365,33.77651],[73.78434,33.77044],[73.79571,33.76779],[73.80584,33.76263],[73.81399,33.75529],[73.81153,33.74868],[73.8143,33.7459],[73.81454,33.74013],[73.81923,33.73821],[73.82584,33.74133],[73.83329,33.73965],[73.83533,33.74169],[73.84495,33.74494],[73.85985,33.74722],[73.87115,33.75383],[73.87492,33.75299],[73.88004,33.73917],[73.88473,33.73388],[73.88521,33.73124],[73.87584,33.71561],[73.87956,33.70744],[73.88004,33.69879],[73.88233,33.69494],[73.88485,33.69434],[73.89627,33.69939],[73.92187,33.6947],[73.92355,33.68424],[73.95312,33.66537],[73.95829,33.65888],[73.95648,33.65564],[73.94727,33.64883],[73.94609,33.6511],[73.93924,33.64858],[73.91912,33.64983],[73.92164,33.64566],[73.92074,33.64101],[73.91409,33.63894],[73.91785,33.63473],[73.89793,33.62439],[73.9011,33.6159],[73.89842,33.61382],[73.90077,33.6068],[73.90594,33.60076],[73.91269,33.60134],[73.93012,33.60722],[73.93253,33.61126],[73.93728,33.61419],[73.9464,33.61107],[73.95067,33.61193],[73.95155,33.61448],[73.96069,33.6185],[73.96824,33.60759],[73.97195,33.60686],[73.98106,33.60999],[73.98893,33.60411],[74.00496,33.59824],[74.0092,33.5945],[74.01291,33.593],[74.01672,33.59454],[74,33.62367],[73.9757,33.69363],[73.95624,33.72029],[73.96646,33.74032],[74,33.75258],[74.02833,33.77596],[74.03833,33.79514],[74.04905,33.80883],[74.05743,33.81449],[74.03522,33.81953],[74.03247,33.8222],[74.03236,33.82565],[74.02233,33.83107],[74.02218,33.83394],[74.02451,33.8359],[74.03185,33.83608],[74.02704,33.84412],[74.01168,33.85373],[74.0021,33.86497],[73.99689,33.87696],[73.99748,33.88665],[73.99021,33.89633],[73.98473,33.90758],[73.9774,33.91654],[73.97564,33.92134]]]},"properties":{"district":"Poonch","province":"Azad Kashmir","pcode":"PK109","pop_2023":null,"area_km2":719.6}},{"type":"Feature","geometry":{"type":"Polygon","coordinates":[[[73.90594,33.60076],[73.90077,33.6068],[73.89842,33.61382],[73.9011,33.6159],[73.89793,33.62439],[73.91785,33.63473],[73.91409,33.63894],[73.92074,33.64101],[73.92164,33.64566],[73.91912,33.64983],[73.93924,33.64858],[73.94609,33.6511],[73.94727,33.64883],[73.95648,33.65564],[73.95829,33.65888],[73.95312,33.66537],[73.92355,33.68424],[73.92187,33.6947],[73.89627,33.69939],[73.88485,33.69434],[73.88233,33.69494],[73.88004,33.69879],[73.87956,33.70744],[73.87584,33.71561],[73.88521,33.73124],[73.88473,33.73388],[73.88004,33.73917],[73.87492,33.75299],[73.87115,33.75383],[73.85985,33.74722],[73.84495,33.74494],[73.83533,33.74169],[73.83329,33.73965],[73.82584,33.74133],[73.81923,33.73821],[73.81454,33.74013],[73.8143,33.7459],[73.81153,33.74868],[73.81399,33.75529],[73.80584,33.76263],[73.79571,33.76779],[73.78434,33.77044],[73.77365,33.77651],[73.76417,33.78465],[73.76114,33.78477],[73.75749,33.78866],[73.75186,33.78898],[73.74848,33.79122],[73.74496,33.79741],[73.73474,33.80426],[73.72524,33.80471],[73.71804,33.80671],[73.71147,33.80383],[73.70396,33.80479],[73.69365,33.81003],[73.68556,33.80312],[73.67763,33.81451],[73.67217,33.82627],[73.65591,33.82498],[73.65158,33.82743],[73.64005,33.82619],[73.63134,33.81952],[73.61721,33.82442],[73.59442,33.81671],[73.58927,33.81695],[73.5858,33.82089],[73.57822,33.82402],[73.57144,33.82414],[73.56721,33.8111],[73.56666,33.78889],[73.57165,33.77721],[73.59248,33.74694],[73.59721,33.7336],[73.59943,33.72166],[73.59888,33.6986],[73.59545,33.68519],[73.59973,33.68101],[73.60777,33.67798],[73.60983,33.67362],[73.60971,33.66793],[73.61139,33.66626],[73.62134,33.65863],[73.62656,33.65835],[73.62972,33.65593],[73.62646,33.65146],[73.62752,33.64796],[73.63512,33.64672],[73.64968,33.63768],[73.6532,33.63969],[73.65533,33.63738],[73.65932,33.63631],[73.6634,33.64107],[73.67161,33.6357],[73.67491,33.62907],[73.68329,33.63199],[73.68951,33.62377],[73.68951,33.61778],[73.69488,33.61678],[73.70141,33.61194],[73.71353,33.6002],[73.71762,33.59182],[73.73445,33.58073],[73.7389,33.57982],[73.74349,33.58178],[73.74153,33.58842],[73.74687,33.60044],[73.74942,33.60231],[73.74717,33.60563],[73.74711,33.60908],[73.74885,33.6167],[73.75119,33.61866],[73.76709,33.61284],[73.77471,33.60782],[73.78093,33.60642],[73.78414,33.60642],[73.79116,33.61324],[73.79537,33.61384],[73.79995,33.60678],[73.81001,33.60261],[73.82505,33.58997],[73.83468,33.58877],[73.84371,33.58415],[73.86798,33.58436],[73.87721,33.58837],[73.87781,33.59037],[73.8734,33.59558],[73.87563,33.59892],[73.88363,33.5988],[73.89114,33.59515],[73.89711,33.59986],[73.90594,33.60076]]]},"properties":{"district":"Sudhnoti","province":"Azad Kashmir","pcode":"PK110","pop_2023":null,"area_km2":567.9}},{"type":"Feature","geometry":{"type":"Polygon","coordinates":[[[66.25184,26.4799],[66.2227,26.51715],[66.22149,26.52893],[66.22279,26.53302],[66.21504,26.53882],[66.19415,26.56434],[66.18787,26.56972],[66.1773,26.57105],[66.16514,26.56683],[66.15655,26.56033],[66.14442,26.55533],[66.12143,26.53116],[66.11048,26.51069],[66.10501,26.48772],[66.108,26.47519],[66.1126,26.46742],[66.11461,26.4588],[66.11403,26.44854],[66.11017,26.43034],[66.09736,26.41901],[66.08527,26.41321],[66.0819,26.4084],[66.08135,26.36743],[66.08512,26.35807],[66.08965,26.35267],[66.08924,26.3369],[66.09241,26.31808],[66.09733,26.29929],[66.10935,26.27674],[66.10949,26.27202],[66.10739,26.2673],[66.07764,26.31458],[66.0435,26.37441],[65.93316,26.54177],[65.92735,26.55975],[65.92513,26.57466],[65.93101,26.61184],[66.00072,26.83653],[66.00992,26.88168],[66.01948,26.91502],[66.02682,26.96407],[66.03841,27.01471],[66.04443,27.04954],[66.05089,27.09937],[66.05454,27.15466],[66.0541,27.16963],[66.0491,27.18923],[66.04552,27.19466],[66.04011,27.19453],[66.02296,27.17756],[66.01285,27.16155],[65.99921,27.14545],[65.98524,27.13946],[65.96332,27.1359],[65.9351,27.13521],[65.91203,27.13936],[65.89382,27.15705],[65.88091,27.17486],[65.87021,27.20614],[65.85764,27.25376],[65.84624,27.27871],[65.82765,27.30742],[65.80747,27.32978],[65.77827,27.35742],[65.7666,27.36264],[65.67799,27.39343],[65.63236,27.40798],[65.59297,27.41753],[65.58736,27.40752],[65.58517,27.35731],[65.58252,27.34474],[65.57575,27.32334],[65.56479,27.30065],[65.53864,27.25773],[65.49997,27.20715],[65.48351,27.17812],[65.46973,27.15915],[65.44501,27.12],[65.42162,27.08713],[65.36748,27.01674],[65.34731,26.98374],[65.34377,26.96941],[65.34084,26.92829],[65.33627,26.89541],[65.33469,26.88697],[65.3257,26.86166],[65.3075,26.82532],[65.29847,26.80337],[65.29002,26.79173],[65.2503,26.75595],[65.1804,26.67945],[65.1279,26.63003],[65.09175,26.59905],[65.00864,26.53193],[64.96622,26.5019],[64.93956,26.47966],[64.92216,26.46176],[64.9149,26.45073],[64.91511,26.43982],[64.91824,26.42308],[64.93166,26.40482],[64.93281,26.39309],[64.93119,26.38047],[64.92574,26.37283],[64.91837,26.36768],[64.90072,26.36404],[64.87461,26.36363],[64.83909,26.36725],[64.81016,26.36761],[64.73378,26.36212],[64.594,26.37037],[64.51932,26.37233],[64.46992,26.37054],[64.4454,26.3655],[64.42941,26.35197],[64.42009,26.33268],[64.42099,26.29598],[64.42986,26.26678],[64.44463,26.22959],[64.45638,26.22326],[64.47552,26.20551],[64.49747,26.17685],[64.5063,26.15379],[64.51476,26.12406],[64.51649,26.11023],[64.51115,26.08732],[64.50209,26.06541],[64.49141,26.05454],[64.46418,26.04208],[64.44531,26.03653],[64.40795,26.03208],[64.38748,26.02036],[64.37585,26.00224],[64.36634,25.97479],[64.36027,25.95629],[64.35356,25.92223],[64.34852,25.89267],[64.35006,25.88439],[64.35755,25.86464],[64.35715,25.85908],[64.35178,25.85503],[64.33634,25.8545],[64.33105,25.85106],[64.32639,25.84426],[64.32197,25.83136],[64.32205,25.81305],[64.32453,25.79324],[64.32038,25.77314],[64.30965,25.76504],[64.29883,25.75916],[64.27644,25.75125],[64.27369,25.74284],[64.27416,25.73065],[64.27847,25.71414],[64.29073,25.69788],[64.2935,25.68964],[64.29918,25.68538],[64.32339,25.67726],[64.3518,25.65484],[64.35456,25.6466],[64.35236,25.63988],[64.3432,25.63346],[64.33307,25.63152],[64.31532,25.6202],[64.30347,25.6174],[64.29262,25.62115],[64.28713,25.62043],[64.27758,25.61403],[64.26722,25.61259],[64.25844,25.61786],[64.24639,25.62858],[64.24028,25.62838],[64.23678,25.62384],[64.2352,25.61713],[64.23045,25.6131],[64.21405,25.61257],[64.2074,25.60737],[64.17098,25.55974],[64.16686,25.55394],[64.1611,25.53662],[64.12584,25.48919],[64.12415,25.4821],[64.12596,25.47188],[64.13989,25.46724],[64.19545,25.46598],[64.23276,25.46775],[64.27174,25.46522],[64.28303,25.46291],[64.31411,25.44542],[64.33707,25.43716],[64.3575,25.43249],[64.36931,25.43257],[64.38077,25.43633],[64.40808,25.44927],[64.42365,25.46192],[64.47732,25.49278],[64.50424,25.49916],[64.64486,25.51601],[64.81258,25.54184],[64.8463,25.54481],[64.87497,25.54559],[64.89234,25.5503],[64.91493,25.55344],[64.96446,25.55654],[64.99313,25.56044],[65.03398,25.56825],[65.07311,25.57763],[65.13224,25.59245],[65.16356,25.60181],[65.17138,25.60179],[65.17919,25.59626],[65.18958,25.58521],[65.20166,25.56392],[65.20315,25.55727],[65.20937,25.56163],[65.22228,25.566],[65.22732,25.56943],[65.23334,25.56867],[65.23991,25.56456],[65.24464,25.55874],[65.24928,25.55796],[65.25752,25.56395],[65.27016,25.58594],[65.28208,25.59365],[65.28947,25.59543],[65.3006,25.59557],[65.30285,25.59939],[65.30038,25.60984],[65.30531,25.60991],[65.32273,25.60341],[65.33491,25.59516],[65.33868,25.59101],[65.34702,25.59111],[65.34976,25.59367],[65.34682,25.60455],[65.34858,25.61045],[65.35681,25.6181],[65.37431,25.62671],[65.38171,25.62764],[65.38823,25.62604],[65.40207,25.62788],[65.43073,25.63662],[65.45641,25.65791],[65.46561,25.66305],[65.50355,25.67103],[65.51919,25.68044],[65.52561,25.68639],[65.53118,25.68645],[65.53585,25.68398],[65.53776,25.6798],[65.52705,25.64777],[65.52709,25.64442],[65.53178,25.64027],[65.53098,25.6328],[65.51615,25.63002],[65.50272,25.61674],[65.50281,25.6132],[65.50375,25.6092],[65.51791,25.59004],[65.518,25.58332],[65.51528,25.5791],[65.51537,25.57238],[65.51726,25.56904],[65.53781,25.55667],[65.54457,25.53575],[65.543,25.51391],[65.54401,25.5072],[65.5497,25.49719],[65.5479,25.49297],[65.54147,25.48871],[65.53786,25.48195],[65.53704,25.47355],[65.53344,25.46595],[65.52335,25.45829],[65.4985,25.44795],[65.49676,25.43953],[65.49958,25.43621],[65.50889,25.43211],[65.52279,25.43058],[65.54496,25.43418],[65.57624,25.44878],[65.62771,25.47952],[65.68395,25.50021],[65.71164,25.50887],[65.73843,25.51499],[65.74955,25.51509],[65.83007,25.48461],[65.84862,25.4814],[65.8625,25.48235],[65.87643,25.4884],[65.8883,25.49683],[65.90216,25.49945],[65.90959,25.49699],[65.91992,25.48112],[65.93572,25.47536],[65.94498,25.47543],[65.96804,25.48482],[65.97174,25.48485],[65.99406,25.47409],[66.01922,25.45328],[66.0285,25.44998],[66.04034,25.45169],[66.06996,25.47626],[66.08646,25.49903],[66.14098,25.58729],[66.16385,25.63444],[66.18128,25.66308],[66.19687,25.69255],[66.21695,25.74891],[66.24079,25.8011],[66.24902,25.82379],[66.25731,25.83727],[66.26002,25.84988],[66.25898,25.87088],[66.25327,25.89354],[66.24846,25.92208],[66.23801,25.96067],[66.2246,26.02447],[66.21978,26.05778],[66.21403,26.07819],[66.20133,26.16125],[66.19278,26.18642],[66.16918,26.22916],[66.16442,26.24343],[66.16244,26.26107],[66.16235,26.27536],[66.16684,26.30241],[66.16762,26.32667],[66.17037,26.33425],[66.17592,26.34184],[66.18522,26.34946],[66.2132,26.36374],[66.21969,26.37134],[66.22709,26.38482],[66.23074,26.39914],[66.23228,26.45632],[66.2341,26.4639],[66.25184,26.4799]]]},"properties":{"district":"Awaran","province":"Balochistan","pcode":"PK201","pop_2023":178958,"area_km2":24989.6}},{"type":"Feature","geometry":{"type":"Polygon","coordinates":[[[69.96117,30.32264],[69.92656,30.33387],[69.89626,30.3333],[69.88629,30.33111],[69.8802,30.32739],[69.87323,30.32068],[69.8658,30.31022],[69.84065,30.30249],[69.82457,30.29245],[69.8185,30.29098],[69.8012,30.29107],[69.78006,30.29905],[69.77405,30.30546],[69.76891,30.31373],[69.76563,30.34224],[69.76071,30.35021],[69.75553,30.35323],[69.74084,30.35668],[69.73954,30.35838],[69.73541,30.35124],[69.72378,30.33784],[69.72378,30.33561],[69.72792,30.33146],[69.72942,30.32757],[69.70612,30.29921],[69.69944,30.28141],[69.68985,30.26612],[69.66408,30.23375],[69.64549,30.21516],[69.6413,30.20857],[69.64549,30.19958],[69.64459,30.19328],[69.6314,30.172],[69.61522,30.15132],[69.60713,30.14383],[69.59933,30.13903],[69.59424,30.13783],[69.58195,30.14233],[69.58165,30.14713],[69.57903,30.15091],[69.55947,30.15372],[69.55737,30.15732],[69.56545,30.17861],[69.56277,30.18489],[69.56277,30.1893],[69.57835,30.20437],[69.58884,30.21816],[69.59064,30.22655],[69.58764,30.23165],[69.58345,30.23315],[69.57814,30.23256],[69.56696,30.22685],[69.53879,30.20078],[69.49802,30.15851],[69.43778,30.10096],[69.42489,30.08448],[69.40332,30.06138],[69.40407,30.0448],[69.41975,30.05376],[69.44037,30.05994],[69.45234,30.06194],[69.47832,30.07084],[69.49236,30.07063],[69.49587,30.06974],[69.49892,30.06583],[69.49399,30.05715],[69.48765,30.05113],[69.48985,30.03711],[69.48841,30.03392],[69.47453,30.02359],[69.46857,30.01711],[69.46986,30.01355],[69.4772,30.00719],[69.47766,30.00385],[69.45819,29.97492],[69.45696,29.97014],[69.44469,29.95562],[69.42866,29.94264],[69.40458,29.92949],[69.40334,29.92328],[69.39578,29.91531],[69.39351,29.89988],[69.39167,29.8974],[69.38155,29.89412],[69.34614,29.88887],[69.3377,29.88529],[69.33444,29.88281],[69.33176,29.87772],[69.3281,29.87546],[69.29735,29.87096],[69.28146,29.86494],[69.24926,29.84651],[69.19517,29.81922],[69.16124,29.7933],[69.15067,29.77492],[69.13099,29.76541],[69.08234,29.74842],[69.06303,29.73562],[69.0605,29.72638],[69.0795,29.70309],[69.08254,29.69572],[69.09094,29.68607],[69.0988,29.68098],[69.12391,29.66906],[69.1472,29.66059],[69.19057,29.62996],[69.2113,29.62598],[69.22675,29.61885],[69.25552,29.61134],[69.27399,29.61283],[69.29675,29.61805],[69.32468,29.62552],[69.34788,29.63411],[69.36594,29.64158],[69.37626,29.64756],[69.39947,29.65351],[69.41151,29.65874],[69.43514,29.67828],[69.45279,29.68836],[69.47043,29.69507],[69.48978,29.69914],[69.5444,29.70611],[69.56761,29.70716],[69.59253,29.70521],[69.61485,29.69913],[69.63202,29.6927],[69.646,29.68526],[69.65496,29.6917],[69.66648,29.69729],[69.69062,29.70389],[69.69688,29.71036],[69.7221,29.71421],[69.73258,29.71887],[69.7534,29.74563],[69.77536,29.76229],[69.78271,29.76418],[69.789,29.76881],[69.81183,29.81025],[69.81387,29.81761],[69.8358,29.86147],[69.85596,29.87616],[69.87768,29.89879],[69.89251,29.91481],[69.91102,29.96245],[69.92247,30.00171],[69.9407,30.03596],[69.94657,30.04289],[69.96231,30.053],[69.96943,30.061],[69.97966,30.07675],[69.98531,30.09163],[69.98754,30.10607],[69.98484,30.12132],[69.98554,30.13951],[69.99146,30.15313],[69.999,30.18248],[70.00272,30.18568],[70.01043,30.18699],[70.01506,30.18991],[70.01734,30.21291],[70.02076,30.21931],[70.02417,30.22197],[70.04763,30.22669],[70.05165,30.22989],[70.0762,30.26242],[70.0753,30.26724],[70.07234,30.27128],[70.05992,30.27506],[70.03987,30.27514],[70.01242,30.27739],[70.00346,30.27341],[69.98763,30.25341],[69.98237,30.25075],[69.97282,30.25346],[69.97132,30.26256],[69.97842,30.27399],[69.98185,30.2828],[69.98409,30.29992],[69.98318,30.30233],[69.98133,30.30233],[69.97793,30.30128],[69.96647,30.29249],[69.96062,30.29385],[69.95912,30.30455],[69.96117,30.32264]]]},"properties":{"district":"Barkhan","province":"Balochistan","pcode":"PK202","pop_2023":210249,"area_km2":3515.4}},{"type":"Feature","geometry":{"type":"Polygon","coordinates":[[[65.1293,29.55164],[65.06705,29.53624],[65.02856,29.53431],[65,29.53742],[64.95577,29.55357],[64.8217,29.56407],[64.76212,29.57114],[64.63193,29.58108],[64.53229,29.57587],[64.48762,29.57179],[64.45548,29.56401],[64.42811,29.55094],[64.41181,29.5451],[64.39076,29.54417],[64.36999,29.54872],[64.3526,29.54539],[64.31528,29.53035],[64.27942,29.52809],[64.26682,29.52384],[64.23742,29.50245],[64.20805,29.49436],[64.17104,29.45951],[64.15234,29.44956],[64.13107,29.39195],[64.11999,29.3821],[64.10529,29.37748],[64.08726,29.38288],[64.06784,29.39178],[64.04468,29.41301],[64.03237,29.41769],[63.91078,29.43862],[63.64485,29.47948],[63.59084,29.49043],[63.36451,29.47637],[62.84258,29.42691],[62.45577,29.38897],[62.00497,29.52253],[61.65252,29.6257],[61.32187,29.72722],[60.8786,29.86178],[61.12586,29.57293],[61.19259,29.50249],[61.31113,29.39647],[61.3726,29.34867],[61.37749,29.3353],[61.37342,29.31647],[61.35775,29.28278],[61.38349,29.22146],[61.39097,29.21361],[61.39913,29.20853],[61.42244,29.20051],[61.42867,29.19378],[61.41484,29.15619],[61.41336,29.14122],[61.41581,29.13564],[61.44353,29.12812],[61.45863,29.12241],[61.47052,29.11395],[61.47794,29.10276],[61.47887,29.08055],[61.50317,29.05641],[61.50557,29.04805],[61.50323,29.01922],[61.50432,29.00755],[61.54722,28.96264],[61.56332,28.94247],[61.5736,28.91403],[61.62,28.85574],[61.64027,28.82162],[61.66569,28.79522],[61.68104,28.77059],[61.72106,28.7382],[61.77752,28.67992],[61.79562,28.65583],[61.80416,28.64017],[61.82291,28.63269],[61.87011,28.59706],[61.90861,28.57378],[61.95758,28.54869],[61.99316,28.54075],[62.01583,28.5286],[62.0433,28.50789],[62.11579,28.4851],[62.15236,28.48951],[62.17055,28.48755],[62.20243,28.4787],[62.23988,28.46586],[62.26944,28.46647],[62.29629,28.46345],[62.34996,28.44119],[62.37252,28.43802],[62.43967,28.40713],[62.47234,28.37606],[62.50288,28.33135],[62.51597,28.32227],[62.54158,28.30997],[62.5731,28.27851],[62.59232,28.25513],[62.6307,28.25937],[62.78694,28.28118],[62.79194,28.2771],[62.79657,28.20895],[62.78079,28.10293],[62.76823,28.03241],[62.77183,28.01505],[62.79006,27.97811],[62.79747,27.91445],[62.80196,27.88882],[62.85344,27.91992],[62.86849,27.93094],[62.88776,27.94936],[62.91594,27.98245],[62.94597,28.01255],[62.98752,28.04399],[63.01764,28.0718],[63.06804,28.11132],[63.1262,28.15326],[63.1463,28.16947],[63.16412,28.17659],[63.19491,28.17711],[63.20505,28.18295],[63.2199,28.20933],[63.2209,28.22298],[63.22559,28.24464],[63.23558,28.25843],[63.25027,28.27071],[63.26043,28.27656],[63.26814,28.27668],[63.2888,28.27133],[63.33517,28.26523],[63.3673,28.26459],[63.39673,28.27069],[63.46834,28.2888],[63.51067,28.2928],[63.57104,28.2959],[63.66876,28.29036],[63.70212,28.29305],[63.75464,28.30391],[63.78661,28.31451],[63.80052,28.32713],[63.8031,28.33752],[63.81649,28.34569],[63.82068,28.3291],[63.82373,28.30529],[63.89111,28.36133],[63.9057,28.37128],[63.92352,28.37909],[63.93372,28.38013],[63.94391,28.37793],[63.95911,28.37769],[63.97369,28.38171],[63.97949,28.38831],[63.98767,28.39392],[63.99408,28.39392],[64.00049,28.3855],[64.00671,28.38232],[64.01236,28.38523],[64.01948,28.3965],[64.03802,28.41324],[64.04388,28.42108],[64.0509,28.4245],[64.06168,28.42547],[64.07889,28.43047],[64.12231,28.46551],[64.12671,28.46771],[64.15149,28.46753],[64.1637,28.47211],[64.17572,28.47369],[64.1955,28.47009],[64.20545,28.47149],[64.23533,28.4908],[64.24951,28.49469],[64.27368,28.49573],[64.2807,28.49951],[64.28589,28.50568],[64.2829,28.5271],[64.28353,28.53485],[64.28931,28.54042],[64.29503,28.54038],[64.30581,28.53749],[64.3197,28.52948],[64.33691,28.52271],[64.38129,28.52008],[64.40704,28.5234],[64.42291,28.5343],[64.43707,28.54712],[64.44989,28.56769],[64.46149,28.58112],[64.48853,28.60608],[64.49875,28.61161],[64.52167,28.61196],[64.58869,28.63635],[64.60291,28.64349],[64.61247,28.64508],[64.63647,28.64349],[64.68011,28.65448],[64.70302,28.66321],[64.76453,28.6795],[64.81122,28.69511],[64.83191,28.6955],[64.8785,28.68474],[64.91309,28.68296],[64.92872,28.68593],[64.93774,28.69199],[64.95266,28.70807],[64.99993,28.75235],[65.02204,28.7773],[65.04085,28.79501],[65.05243,28.80102],[65.06653,28.80476],[65.11824,28.80739],[65.14125,28.80987],[65.16048,28.81464],[65.17596,28.82339],[65.22183,28.86251],[65.23624,28.88137],[65.25311,28.89515],[65.27123,28.90721],[65.29632,28.91636],[65.30999,28.92494],[65.35212,28.95813],[65.42596,29.00463],[65.45779,29.02767],[65.47623,29.03292],[65.46868,29.05232],[65.44504,29.10191],[65.42685,29.13051],[65.4001,29.18093],[65.33661,29.29293],[65.26112,29.41347],[65.22723,29.45252],[65.20693,29.48055],[65.18922,29.50027],[65.1293,29.55164]]]},"properties":{"district":"Chagai","province":"Balochistan","pcode":"PK203","pop_2023":269192,"area_km2":44476.9}},{"type":"Feature","geometry":{"type":"Polygon","coordinates":[[[69.36376,28.44564],[69.35325,28.46646],[69.34463,28.49355],[69.34039,28.50122],[69.33841,28.51215],[69.32132,28.54355],[69.32194,28.54961],[69.32469,28.55491],[69.35776,28.5711],[69.37243,28.5753],[69.3866,28.58275],[69.41135,28.59029],[69.42092,28.59768],[69.43941,28.62869],[69.46928,28.6736],[69.4844,28.7019],[69.50391,28.72861],[69.53291,28.77309],[69.53776,28.79342],[69.53767,28.80113],[69.53198,28.81529],[69.52541,28.82573],[69.52167,28.83057],[69.51192,28.83657],[69.49065,28.84004],[69.48648,28.84162],[69.4846,28.84445],[69.48308,28.85661],[69.48761,28.86395],[69.4896,28.89157],[69.50008,28.90302],[69.52991,28.91992],[69.54182,28.92855],[69.55222,28.94933],[69.55542,28.9518],[69.57434,28.95398],[69.5812,28.96012],[69.58636,28.97063],[69.59396,28.99424],[69.6089,29.01151],[69.61357,29.02037],[69.63416,29.04245],[69.65057,29.06571],[69.66484,29.07272],[69.6856,29.07855],[69.70218,29.08638],[69.70631,29.08966],[69.70992,29.09902],[69.71268,29.11564],[69.72411,29.13115],[69.75012,29.17395],[69.75191,29.18045],[69.75233,29.18573],[69.74339,29.20313],[69.74239,29.21124],[69.74402,29.23642],[69.74718,29.24456],[69.76717,29.27749],[69.76897,29.2844],[69.76843,29.29333],[69.76654,29.29778],[69.75818,29.29935],[69.7457,29.29521],[69.73647,29.29028],[69.69875,29.25957],[69.69042,29.25747],[69.68671,29.25867],[69.68247,29.26513],[69.68223,29.29111],[69.67142,29.30524],[69.66212,29.30883],[69.64404,29.30869],[69.6403,29.3111],[69.63883,29.31921],[69.64202,29.32532],[69.66637,29.34946],[69.66909,29.35557],[69.66763,29.36246],[69.65975,29.37887],[69.65253,29.38914],[69.64117,29.40238],[69.62758,29.41487],[69.61496,29.4233],[69.60567,29.42403],[69.58403,29.40722],[69.57663,29.40431],[69.57153,29.40387],[69.56687,29.40586],[69.5626,29.41475],[69.56351,29.45861],[69.56575,29.46716],[69.57439,29.48388],[69.59184,29.50391],[69.59455,29.51084],[69.59805,29.53106],[69.59771,29.56436],[69.59895,29.57939],[69.60333,29.59678],[69.60006,29.60868],[69.5926,29.61872],[69.59147,29.62605],[69.59663,29.63527],[69.61866,29.64003],[69.62586,29.65569],[69.6289,29.66872],[69.60918,29.67482],[69.5937,29.67699],[69.56843,29.6785],[69.55979,29.67683],[69.51599,29.66189],[69.47134,29.62823],[69.44052,29.59693],[69.43088,29.58273],[69.4261,29.56673],[69.42613,29.5437],[69.42923,29.53866],[69.43661,29.53207],[69.4466,29.52772],[69.46775,29.52101],[69.49037,29.51804],[69.49665,29.51572],[69.49976,29.51225],[69.50254,29.50514],[69.50021,29.49103],[69.49564,29.48065],[69.48746,29.46844],[69.4662,29.44686],[69.45204,29.43772],[69.38638,29.40923],[69.36708,29.39937],[69.3555,29.38819],[69.34301,29.37276],[69.32577,29.36038],[69.30765,29.35276],[69.27335,29.34581],[69.25653,29.33687],[69.23975,29.31896],[69.22494,29.29626],[69.20582,29.27109],[69.19866,29.26517],[69.18746,29.25953],[69.14388,29.24805],[69.12707,29.24741],[69.11728,29.24747],[69.09529,29.25062],[69.04817,29.26018],[69.01643,29.26061],[68.99879,29.25642],[68.98674,29.25047],[68.97666,29.241],[68.96403,29.23405],[68.93823,29.22416],[68.9205,29.22275],[68.90336,29.22508],[68.85398,29.23831],[68.80485,29.24804],[68.71196,29.26189],[68.69768,29.26348],[68.66069,29.26408],[68.62844,29.2584],[68.59638,29.2487],[68.53372,29.23429],[68.4865,29.21745],[68.47701,29.21037],[68.46783,29.20644],[68.42507,29.20191],[68.37621,29.20538],[68.34317,29.21501],[68.31449,29.22612],[68.30686,29.22704],[68.29664,29.2262],[68.28936,29.22148],[68.2843,29.21508],[68.27942,29.20321],[68.2788,29.19217],[68.27949,29.17884],[68.28249,29.17012],[68.28949,29.16111],[68.33329,29.11622],[68.34821,29.09828],[68.38287,29.0495],[68.39028,29.0379],[68.39993,29.01595],[68.40479,28.99322],[68.40697,28.98781],[68.41261,28.98101],[68.41429,28.97301],[68.41552,28.96587],[68.41329,28.94719],[68.41283,28.91989],[68.41442,28.88797],[68.43503,28.81556],[68.44086,28.75989],[68.43957,28.72032],[68.44361,28.687],[68.44818,28.67401],[68.45172,28.66523],[68.46848,28.64643],[68.48976,28.63532],[68.50542,28.625],[68.57069,28.59134],[68.60044,28.57195],[68.69275,28.51876],[68.75448,28.49106],[68.77835,28.48364],[68.80414,28.47882],[68.88391,28.46724],[68.92072,28.46501],[68.94071,28.46655],[68.97486,28.46619],[69.02869,28.46177],[69.03601,28.45935],[69.08029,28.49362],[69.088,28.49579],[69.10042,28.49089],[69.11848,28.4727],[69.12356,28.4653],[69.12566,28.45783],[69.1275,28.44061],[69.27507,28.44626],[69.36376,28.44564]]]},"properties":{"district":"Dera Bugti","province":"Balochistan","pcode":"PK204","pop_2023":355274,"area_km2":10294.1}},{"type":"Feature","geometry":{"type":"MultiPolygon","coordinates":[[[[61.77986,25.81754],[61.76884,25.80179],[61.74858,25.7984],[61.71772,25.79602],[61.68921,25.79917],[61.69058,25.75853],[61.68991,25.71792],[61.70498,25.70388],[61.70672,25.68632],[61.70446,25.6725],[61.689,25.66255],[61.68072,25.65435],[61.66721,25.51239],[61.66982,25.4219],[61.66432,25.33338],[61.65561,25.2975],[61.64507,25.27364],[61.62939,25.24524],[61.61045,25.19495],[61.62354,25.20049],[61.63367,25.20281],[61.6397,25.20177],[61.64392,25.19939],[61.65396,25.18725],[61.65924,25.18691],[61.68115,25.19656],[61.68782,25.20148],[61.68994,25.20533],[61.69823,25.20424],[61.6988,25.19689],[61.70463,25.18827],[61.71447,25.18876],[61.72152,25.17874],[61.73122,25.18336],[61.73825,25.18252],[61.74243,25.17853],[61.74675,25.17018],[61.75226,25.16868],[61.76405,25.18657],[61.77431,25.19369],[61.77908,25.19267],[61.78128,25.19033],[61.78521,25.15673],[61.78306,25.14186],[61.77826,25.13163],[61.77357,25.12576],[61.769,25.12403],[61.76398,25.12482],[61.75138,25.1345],[61.74754,25.13206],[61.74746,25.12885],[61.75431,25.12067],[61.75813,25.10268],[61.75751,25.09834],[61.75415,25.09496],[61.7443,25.09356],[61.73969,25.09045],[61.73704,25.08545],[61.73762,25.07833],[61.73618,25.07124],[61.72712,25.06133],[61.72417,25.05405],[61.72479,25.04899],[61.72795,25.04433],[61.73935,25.03744],[61.74884,25.03471],[61.76439,25.03278],[61.77422,25.03348],[61.79751,25.03872],[61.83073,25.03869],[61.8406,25.04077],[61.84494,25.04343],[61.84671,25.05326],[61.84991,25.06008],[61.86399,25.07836],[61.86411,25.08272],[61.86019,25.08694],[61.85858,25.09271],[61.85942,25.09613],[61.86456,25.09969],[61.87471,25.10268],[61.90122,25.10554],[61.98468,25.10962],[62.04577,25.10591],[62.06484,25.10363],[62.08683,25.0976],[62.09837,25.09618],[62.1045,25.09902],[62.1054,25.10428],[62.08914,25.11683],[62.089,25.12946],[62.08661,25.1341],[62.07007,25.14597],[62.06654,25.15478],[62.06947,25.16894],[62.07352,25.17849],[62.08488,25.18809],[62.11694,25.19904],[62.14795,25.2077],[62.16695,25.21115],[62.20336,25.21508],[62.21723,25.2152],[62.25382,25.20832],[62.26506,25.20483],[62.28843,25.19414],[62.30077,25.1858],[62.31078,25.17521],[62.31487,25.16868],[62.32179,25.14765],[62.32214,25.13475],[62.32025,25.12054],[62.31731,25.11697],[62.31018,25.1144],[62.2806,25.11055],[62.27091,25.10643],[62.26803,25.10283],[62.26896,25.10028],[62.27417,25.09763],[62.31978,25.09051],[62.33989,25.08954],[62.37686,25.09616],[62.3868,25.09981],[62.38991,25.10271],[62.38947,25.10479],[62.38402,25.10768],[62.37525,25.10901],[62.35676,25.10563],[62.34645,25.10612],[62.33936,25.11319],[62.33749,25.12587],[62.33941,25.13913],[62.34536,25.15252],[62.35623,25.16992],[62.36429,25.17798],[62.38593,25.19303],[62.41177,25.20545],[62.43058,25.21023],[62.47073,25.21262],[62.47714,25.21589],[62.47645,25.21798],[62.47201,25.22108],[62.46307,25.22522],[62.45993,25.22967],[62.46368,25.23645],[62.4738,25.24537],[62.49446,25.25285],[62.59514,25.2623],[62.65766,25.26149],[62.69492,25.25953],[62.72206,25.25669],[62.75539,25.25046],[62.83089,25.24621],[62.95304,25.22124],[62.99403,25.21127],[63.00711,25.21064],[63.02713,25.22013],[63.06527,25.2286],[63.07476,25.2329],[63.09971,25.25256],[63.11071,25.25681],[63.1395,25.25774],[63.17636,25.25198],[63.23582,25.23745],[63.28012,25.2289],[63.36586,25.22264],[63.42142,25.21228],[63.48186,25.1983],[63.49269,25.19816],[63.49833,25.20026],[63.50124,25.20361],[63.50084,25.20615],[63.49651,25.21112],[63.49595,25.21596],[63.50507,25.223],[63.50394,25.22625],[63.4857,25.23652],[63.48379,25.23911],[63.48236,25.2534],[63.48007,25.25899],[63.47455,25.26583],[63.46163,25.27683],[63.45225,25.28889],[63.45607,25.29517],[63.46151,25.29843],[63.47291,25.28725],[63.48112,25.28444],[63.48448,25.28639],[63.48908,25.29404],[63.49404,25.31018],[63.49836,25.31715],[63.53565,25.34573],[63.54491,25.35],[63.56866,25.3563],[63.60587,25.37063],[63.64373,25.37619],[63.67508,25.38266],[63.71912,25.37925],[63.75799,25.37878],[63.76539,25.37461],[63.79408,25.37242],[63.84332,25.35523],[63.86853,25.34895],[63.9154,25.34108],[63.92961,25.3371],[63.94596,25.3358],[64.01802,25.33813],[64.03358,25.33616],[64.06428,25.32833],[64.0674,25.33027],[64.06187,25.34174],[64.07254,25.35948],[64.07196,25.36318],[64.05969,25.371],[64.05261,25.38712],[64.04166,25.40155],[64.03606,25.40613],[64.02839,25.40964],[64.02081,25.40947],[64.01766,25.40706],[64.01218,25.39211],[64.00811,25.38606],[64.00424,25.38437],[63.99947,25.38501],[63.99634,25.38834],[63.9936,25.40567],[63.99126,25.4099],[63.98511,25.41335],[63.98053,25.4126],[63.96951,25.40383],[63.96804,25.4048],[63.9674,25.40735],[63.97105,25.42077],[63.97445,25.4234],[63.98202,25.42311],[63.98745,25.42038],[64.00083,25.40908],[64.00577,25.40659],[64.0112,25.41488],[64.02016,25.42304],[64.01974,25.4249],[64.01726,25.42568],[64.00115,25.4217],[63.99588,25.42236],[63.99193,25.42435],[63.99152,25.42643],[63.99344,25.4298],[64.0253,25.44123],[64.02872,25.44408],[64.03072,25.44929],[64.02821,25.46041],[64.02867,25.46499],[64.03442,25.46339],[64.039,25.45885],[64.04125,25.45279],[64.03475,25.43788],[64.04037,25.43376],[64.04734,25.43143],[64.05118,25.43243],[64.05946,25.44199],[64.06416,25.44526],[64.07925,25.44376],[64.11741,25.45446],[64.12009,25.45229],[64.12426,25.43903],[64.1304,25.44063],[64.15563,25.45573],[64.16122,25.45643],[64.16512,25.45329],[64.16691,25.4484],[64.16602,25.44568],[64.14571,25.43843],[64.1381,25.43229],[64.13732,25.42658],[64.14282,25.41465],[64.14191,25.41124],[64.12762,25.41363],[64.12328,25.41288],[64.10917,25.40286],[64.10301,25.4008],[64.0838,25.40063],[64.08089,25.39775],[64.08102,25.39522],[64.08366,25.39213],[64.11613,25.36814],[64.11749,25.36487],[64.11533,25.36196],[64.10953,25.36196],[64.0936,25.36694],[64.09178,25.36586],[64.09036,25.36247],[64.09039,25.34685],[64.08292,25.33289],[64.08377,25.32942],[64.09223,25.32679],[64.13933,25.32979],[64.16352,25.32885],[64.22334,25.318],[64.23171,25.31881],[64.23793,25.32224],[64.24625,25.33248],[64.25104,25.327],[64.23946,25.31184],[64.2383,25.3089],[64.23997,25.307],[64.26678,25.30272],[64.34048,25.27678],[64.37653,25.26062],[64.38802,25.25303],[64.39997,25.23968],[64.40596,25.23828],[64.45757,25.24121],[64.46474,25.24344],[64.472,25.24728],[64.48076,25.26093],[64.48708,25.26618],[64.49837,25.26984],[64.52859,25.27364],[64.54357,25.27048],[64.57648,25.25255],[64.60535,25.22997],[64.61097,25.21663],[64.61192,25.2058],[64.60943,25.19648],[64.60452,25.18911],[64.59595,25.18442],[64.58318,25.18128],[64.58002,25.17361],[64.58292,25.16131],[64.58459,25.1594],[64.59997,25.15462],[64.61661,25.1546],[64.66227,25.16],[64.67844,25.1655],[64.69299,25.17384],[64.69703,25.17872],[64.70047,25.18661],[64.69916,25.19057],[64.69401,25.19332],[64.65852,25.19462],[64.64835,25.19804],[64.64016,25.20551],[64.63698,25.21231],[64.63517,25.22617],[64.64394,25.25911],[64.65249,25.27322],[64.66,25.28185],[64.67184,25.29123],[64.702,25.30785],[64.7262,25.31668],[64.7499,25.32094],[64.78782,25.32181],[64.79273,25.32389],[64.78033,25.33776],[64.77747,25.34583],[64.78055,25.34775],[64.78524,25.34467],[64.79835,25.32985],[64.81508,25.32154],[64.82706,25.31894],[64.85681,25.31808],[64.90344,25.32589],[64.95103,25.3233],[64.96603,25.32055],[64.9796,25.32385],[64.99532,25.3252],[65,25.32228],[65.00274,25.32311],[65.04368,25.31534],[65.08499,25.31259],[65.09672,25.30878],[65.09729,25.31843],[65.10062,25.32026],[65.10188,25.31844],[65.10645,25.31909],[65.10931,25.31338],[65.11379,25.31562],[65.11522,25.31074],[65.11765,25.30856],[65.12193,25.31003],[65.133,25.30953],[65.14442,25.30675],[65.15642,25.30609],[65.17587,25.31143],[65.18319,25.312],[65.18977,25.3096],[65.19551,25.30967],[65.20221,25.3169],[65.20814,25.31384],[65.21368,25.31328],[65.21902,25.31646],[65.22633,25.31724],[65.22955,25.32095],[65.22791,25.32923],[65.229,25.33409],[65.23279,25.34013],[65.23809,25.34442],[65.23862,25.35345],[65.21519,25.37214],[65.20572,25.38949],[65.20403,25.40051],[65.20757,25.41938],[65.209,25.43797],[65.2074,25.47339],[65.20839,25.50644],[65.20679,25.54107],[65.20315,25.55727],[65.20166,25.56392],[65.18958,25.58521],[65.17919,25.59626],[65.17138,25.60179],[65.16356,25.60181],[65.13224,25.59245],[65.07311,25.57763],[65.03398,25.56825],[64.99313,25.56044],[64.96446,25.55654],[64.91493,25.55344],[64.89234,25.5503],[64.87497,25.54559],[64.8463,25.54481],[64.81258,25.54184],[64.64486,25.51601],[64.50424,25.49916],[64.47732,25.49278],[64.42365,25.46192],[64.40808,25.44927],[64.38077,25.43633],[64.36931,25.43257],[64.3575,25.43249],[64.33707,25.43716],[64.31411,25.44542],[64.28303,25.46291],[64.27174,25.46522],[64.23276,25.46775],[64.19545,25.46598],[64.13989,25.46724],[64.12596,25.47188],[64.12415,25.4821],[64.12584,25.48919],[64.1611,25.53662],[64.16686,25.55394],[64.17098,25.55974],[64.12919,25.55659],[64.11253,25.55993],[64.09933,25.56837],[64.09167,25.57643],[64.08698,25.58626],[64.08608,25.59345],[64.08221,25.59831],[64.06555,25.60164],[64.05991,25.60478],[64.05411,25.6118],[64.04605,25.61431],[63.9991,25.61209],[63.99052,25.61043],[63.78093,25.55793],[63.77252,25.5543],[63.7673,25.54746],[63.75424,25.54186],[63.73616,25.53704],[63.707,25.52455],[63.57888,25.46493],[63.52934,25.43805],[63.46777,25.40743],[63.44981,25.38622],[63.42505,25.36696],[63.41544,25.36326],[63.40616,25.36567],[63.40277,25.37275],[63.40312,25.37831],[63.40833,25.38461],[63.43594,25.40842],[63.43295,25.41995],[63.42473,25.42574],[63.41721,25.44264],[63.41194,25.45075],[63.40565,25.45439],[63.38787,25.45536],[63.37349,25.46201],[63.3629,25.47879],[63.36009,25.48645],[63.35433,25.49177],[63.34249,25.4963],[63.28861,25.49694],[63.23384,25.50449],[63.21527,25.50873],[63.19642,25.50631],[63.1861,25.51698],[63.17741,25.5194],[63.15637,25.51434],[63.11277,25.51453],[63.09428,25.51709],[63.07473,25.52849],[63.06098,25.52954],[63.04171,25.52766],[63.03549,25.52962],[63.02664,25.54701],[62.99816,25.57688],[62.98302,25.59732],[62.9749,25.60031],[62.95525,25.59793],[62.92786,25.58693],[62.86773,25.57811],[62.84199,25.55709],[62.83021,25.55604],[62.82259,25.55717],[62.804,25.56602],[62.79582,25.56624],[62.66841,25.55573],[62.62853,25.55954],[62.50148,25.55588],[62.44911,25.5529],[62.42548,25.55469],[62.40444,25.55412],[62.32586,25.53653],[62.2368,25.50901],[62.2096,25.50315],[62.16064,25.48483],[62.12412,25.47361],[62.11524,25.47337],[62.11189,25.47388],[62.10694,25.47954],[62.10478,25.49438],[62.09979,25.49866],[62.09272,25.50112],[62.06067,25.50459],[62.05662,25.50606],[62.05415,25.50889],[62.05606,25.52365],[62.05882,25.53146],[62.06152,25.53741],[62.06731,25.54423],[62.07309,25.55058],[62.08189,25.55501],[62.10805,25.56],[62.1129,25.56961],[62.11305,25.57515],[62.10814,25.58266],[62.08948,25.59638],[62.08405,25.60343],[62.0798,25.61648],[62.07287,25.62496],[62.0711,25.63557],[62.07748,25.66418],[62.07633,25.67901],[62.06749,25.69262],[62.05202,25.7073],[62.04898,25.72772],[62.04975,25.73789],[62.0501,25.74141],[62.05511,25.75017],[62.05586,25.75691],[62.05558,25.76044],[62.0518,25.76753],[62.0444,25.77172],[62.03629,25.77182],[62.02747,25.76752],[62.02514,25.76344],[62.02615,25.74377],[62.01992,25.73915],[62.01397,25.73159],[62.01145,25.71401],[61.99154,25.69912],[61.98253,25.68044],[61.97035,25.66709],[61.96022,25.66104],[61.95504,25.6611],[61.93857,25.66568],[61.92075,25.66559],[61.91238,25.66979],[61.90281,25.68134],[61.89673,25.6847],[61.89088,25.68645],[61.84716,25.68868],[61.83842,25.69024],[61.82038,25.69922],[61.80651,25.70085],[61.80298,25.70304],[61.79888,25.71029],[61.80104,25.71451],[61.80186,25.72211],[61.77986,25.81754]]],[[[63.86261,25.11428],[63.87694,25.11926],[63.88039,25.12304],[63.87879,25.12677],[63.87411,25.12924],[63.86732,25.12949],[63.84175,25.12102],[63.84087,25.1183],[63.84398,25.11451],[63.85069,25.11242],[63.86261,25.11428]]],[[[64.10732,25.41718],[64.1245,25.42271],[64.12115,25.42652],[64.1084,25.42954],[64.10378,25.42788],[64.09293,25.4175],[64.08501,25.41574],[64.06715,25.41735],[64.06505,25.41559],[64.07168,25.41143],[64.08338,25.40776],[64.09048,25.40841],[64.10732,25.41718]]]]},"properties":{"district":"Gwadar","province":"Balochistan","pcode":"PK205","pop_2023":305160,"area_km2":11574.4}},{"type":"Feature","geometry":{"type":"Polygon","coordinates":[[[68.2082,30.17378],[68.20553,30.17959],[68.20049,30.18176],[68.1882,30.18374],[68.18315,30.1862],[68.16598,30.20528],[68.15961,30.20799],[68.14062,30.21209],[68.12884,30.22786],[68.10554,30.24161],[68.1021,30.24554],[68.09875,30.26109],[68.09395,30.26418],[68.0679,30.27096],[68.03332,30.2755],[68.01095,30.28122],[68.00385,30.28534],[67.99081,30.29819],[67.98268,30.30343],[67.95794,30.31022],[67.92431,30.32452],[67.89402,30.3319],[67.8738,30.3411],[67.86888,30.34455],[67.86891,30.34859],[67.87309,30.35615],[67.87168,30.36285],[67.83404,30.3742],[67.75652,30.38343],[67.73856,30.384],[67.73603,30.37875],[67.73707,30.37489],[67.74278,30.37055],[67.75523,30.36467],[67.75706,30.35592],[67.74937,30.33932],[67.73753,30.32646],[67.6703,30.29807],[67.64304,30.30077],[67.63221,30.29981],[67.62132,30.29692],[67.60022,30.28866],[67.57848,30.27534],[67.56153,30.2791],[67.52166,30.29433],[67.51878,30.29712],[67.5153,30.30595],[67.51082,30.30894],[67.49423,30.31469],[67.45352,30.31811],[67.44634,30.3166],[67.43759,30.31139],[67.42779,30.30991],[67.40922,30.30988],[67.39727,30.31713],[67.38814,30.31982],[67.33717,30.32432],[67.3127,30.33827],[67.30476,30.34025],[67.29608,30.33968],[67.28019,30.33287],[67.28347,30.32652],[67.2903,30.29976],[67.28922,30.29505],[67.26232,30.27092],[67.25202,30.25804],[67.24108,30.25126],[67.22828,30.24982],[67.21996,30.23411],[67.24612,30.22887],[67.25528,30.23477],[67.26215,30.24435],[67.27052,30.2521],[67.28064,30.25176],[67.28292,30.24869],[67.27917,30.23293],[67.27793,30.20785],[67.28107,30.20105],[67.28997,30.19441],[67.29769,30.18085],[67.30436,30.17602],[67.31451,30.17443],[67.35768,30.17749],[67.37507,30.17546],[67.38221,30.17753],[67.38698,30.18517],[67.39122,30.18779],[67.40351,30.18687],[67.40941,30.18327],[67.41254,30.17647],[67.42576,30.10857],[67.43318,30.06182],[67.43211,30.05193],[67.43764,30.04513],[67.44583,30.03923],[67.47293,30.02792],[67.50843,30.02926],[67.51945,30.031],[67.5287,30.03477],[67.53247,30.03865],[67.53707,30.05484],[67.55684,30.07387],[67.55973,30.07897],[67.56197,30.09283],[67.56525,30.09514],[67.59843,30.10352],[67.63371,30.1202],[67.6452,30.12192],[67.65837,30.11883],[67.67324,30.12603],[67.68006,30.12468],[67.69489,30.11599],[67.7383,30.09985],[67.75361,30.09233],[67.77769,30.07527],[67.79146,30.06261],[67.79395,30.055],[67.79195,30.04949],[67.77783,30.03712],[67.76526,30.02987],[67.76406,30.02119],[67.76765,30.01869],[67.77858,30.01763],[67.85267,30.01898],[67.87576,30.02635],[67.8868,30.02846],[67.93663,30.02838],[67.94888,30.02568],[67.95602,30.02073],[67.96457,30.02349],[67.97252,30.02189],[68.00152,29.98815],[68.0074,29.97417],[68.01106,29.96009],[68.0082,29.92688],[68.00373,29.90315],[67.98773,29.86264],[67.97646,29.83989],[67.92269,29.77697],[67.90164,29.7338],[67.88737,29.71549],[67.88176,29.71126],[67.8792,29.70298],[67.88456,29.69967],[67.90572,29.70589],[67.93051,29.72511],[67.96585,29.74606],[67.97382,29.75261],[67.97745,29.76523],[67.97635,29.7732],[67.96958,29.78404],[67.97032,29.79237],[67.98654,29.79989],[68.0184,29.81138],[68.02862,29.81667],[68.03617,29.82402],[68.04856,29.83919],[68.05246,29.84624],[68.05558,29.85728],[68.05617,29.87395],[68.05824,29.88105],[68.06444,29.88843],[68.07236,29.89299],[68.08445,29.89784],[68.09727,29.9],[68.1673,29.90845],[68.24796,29.92886],[68.29151,29.93319],[68.3605,29.93398],[68.39828,29.9364],[68.39641,29.95796],[68.40099,29.97314],[68.40944,30.01609],[68.39238,30.03235],[68.3899,30.03761],[68.3898,30.04712],[68.38793,30.05289],[68.38301,30.05762],[68.37386,30.06125],[68.34634,30.07688],[68.31879,30.09566],[68.28948,30.10651],[68.2754,30.11536],[68.2283,30.13872],[68.21726,30.14601],[68.21283,30.15404],[68.21079,30.1686],[68.2082,30.17378]]]},"properties":{"district":"Harnai","province":"Balochistan","pcode":"PK206","pop_2023":127571,"area_km2":3063}},{"type":"Feature","geometry":{"type":"Polygon","coordinates":[[[68.43421,28.40901],[68.42461,28.41699],[68.42116,28.42204],[68.41951,28.43076],[68.41471,28.43314],[68.40533,28.44439],[68.40158,28.45226],[68.40196,28.46126],[68.39821,28.47476],[68.39671,28.50438],[68.39146,28.53249],[68.39146,28.54974],[68.38809,28.55649],[68.38259,28.56272],[68.38377,28.53421],[68.38811,28.51008],[68.38759,28.48233],[68.38179,28.45163],[68.3763,28.44525],[68.36732,28.43907],[68.35972,28.43603],[68.34827,28.43516],[68.29383,28.44562],[68.28338,28.44519],[68.25382,28.43953],[68.22082,28.44159],[68.20373,28.44088],[68.1708,28.43301],[68.1419,28.42255],[68.09939,28.40169],[68.08663,28.39396],[68.0789,28.38644],[68.07501,28.37943],[68.07278,28.37078],[68.07437,28.3486],[68.07097,28.33989],[68.06071,28.32919],[68.0433,28.31475],[68.02724,28.30379],[68.00384,28.28023],[67.99274,28.264],[67.97347,28.24845],[67.95082,28.23822],[67.80362,28.20356],[67.74857,28.19043],[67.66124,28.15758],[67.62831,28.14837],[67.62661,28.14557],[67.63274,28.13088],[67.63953,28.10136],[67.63443,28.06668],[67.63579,28.05522],[67.63885,28.04768],[67.66471,28.01813],[67.67051,28.00518],[67.67119,27.99432],[67.67493,27.98739],[67.67491,27.94849],[67.67049,27.94125],[67.67068,27.93424],[67.71015,27.93791],[67.76083,27.94574],[67.76858,27.94527],[67.77259,27.94272],[67.77759,27.94426],[67.78857,27.95162],[67.79044,27.96815],[67.79437,27.97616],[67.81239,27.98547],[67.85476,27.99121],[67.86639,27.99839],[67.87725,28.00017],[67.88982,27.99956],[67.91296,27.9943],[67.93017,28.02046],[67.94286,28.04377],[67.96442,28.0696],[67.97472,28.07525],[68.01778,28.09205],[68.209,28.24252],[68.35037,28.28287],[68.35344,28.28482],[68.35912,28.29103],[68.40523,28.38762],[68.41286,28.3945],[68.43421,28.40901]]]},"properties":{"district":"Jaffarabad","province":"Balochistan","pcode":"PK207","pop_2023":594558,"area_km2":1701.8}},{"type":"Feature","geometry":{"type":"Polygon","coordinates":[[[67.68482,28.83817],[67.65605,28.83961],[67.63913,28.83777],[67.59402,28.82289],[67.5883,28.82235],[67.58315,28.82247],[67.57997,28.82506],[67.58099,28.84033],[67.57893,28.8458],[67.57465,28.84735],[67.56859,28.84726],[67.55821,28.84481],[67.5515,28.84104],[67.53436,28.82358],[67.5277,28.80398],[67.52464,28.78673],[67.52933,28.75678],[67.528,28.7313],[67.52309,28.71586],[67.52079,28.7133],[67.51393,28.71075],[67.5073,28.71057],[67.50075,28.71231],[67.49547,28.71613],[67.49175,28.71974],[67.47691,28.74497],[67.46238,28.75484],[67.44848,28.75921],[67.43418,28.75714],[67.42441,28.7508],[67.363,28.72545],[67.35005,28.72179],[67.34489,28.71941],[67.33163,28.70635],[67.31791,28.70199],[67.30101,28.70055],[67.27922,28.70245],[67.26038,28.70625],[67.23603,28.71599],[67.23542,28.70231],[67.22421,28.65355],[67.22343,28.64167],[67.21475,28.59836],[67.21004,28.55924],[67.20371,28.54248],[67.1879,28.52989],[67.1697,28.5187],[67.15942,28.50612],[67.15943,28.50193],[67.16102,28.49774],[67.16578,28.49286],[67.17369,28.49077],[67.19981,28.49498],[67.2101,28.49499],[67.22118,28.49011],[67.24671,28.46654],[67.25859,28.4421],[67.26492,28.43442],[67.27441,28.43023],[67.30529,28.42882],[67.31187,28.42551],[67.32424,28.41347],[67.3274,28.40509],[67.3266,28.36948],[67.33134,28.3604],[67.34872,28.34573],[67.35108,28.33456],[67.35265,28.30802],[67.36133,28.29475],[67.36686,28.29126],[67.37711,28.2745],[67.39222,28.22916],[67.39534,28.20479],[67.39373,28.15376],[67.40234,28.09372],[67.40233,28.08744],[67.38968,28.04417],[67.39122,27.94582],[67.39424,27.90968],[67.40428,27.90994],[67.40914,27.90803],[67.41185,27.90517],[67.41618,27.89513],[67.41997,27.89274],[67.5332,27.90677],[67.54939,27.90152],[67.55209,27.902],[67.56071,27.91062],[67.57958,27.91925],[67.67068,27.93424],[67.67049,27.94125],[67.67491,27.94849],[67.67493,27.98739],[67.67119,27.99432],[67.67051,28.00518],[67.66471,28.01813],[67.63885,28.04768],[67.63579,28.05522],[67.63443,28.06668],[67.63953,28.10136],[67.63274,28.13088],[67.62661,28.14557],[67.62831,28.14837],[67.66124,28.15758],[67.74857,28.19043],[67.80362,28.20356],[67.79782,28.24903],[67.78242,28.30225],[67.75595,28.37757],[67.74262,28.42669],[67.74392,28.45835],[67.75008,28.47632],[67.76268,28.50148],[67.77035,28.50869],[67.7835,28.53088],[67.78846,28.55373],[67.77659,28.59709],[67.77594,28.60811],[67.75405,28.66968],[67.74781,28.70006],[67.74298,28.70784],[67.72946,28.72165],[67.71583,28.73936],[67.70883,28.75211],[67.70248,28.77221],[67.70686,28.78993],[67.72771,28.80581],[67.73635,28.8143],[67.73612,28.81823],[67.732,28.82253],[67.72383,28.82747],[67.7099,28.83324],[67.68482,28.83817]]]},"properties":{"district":"Jhal Magsi","province":"Balochistan","pcode":"PK208","pop_2023":203368,"area_km2":3860.1}},{"type":"Feature","geometry":{"type":"Polygon","coordinates":[[[67.3763,29.92143],[67.3475,29.91115],[67.33465,29.91136],[67.32985,29.91303],[67.32672,29.91551],[67.31944,29.93905],[67.31576,29.94374],[67.30963,29.94609],[67.30123,29.94313],[67.29889,29.93894],[67.29989,29.92855],[67.29753,29.92472],[67.29338,29.92232],[67.28824,29.92247],[67.27721,29.92835],[67.26963,29.94927],[67.25809,29.96443],[67.23764,29.97773],[67.22871,29.97661],[67.22417,29.97343],[67.22453,29.96711],[67.22265,29.96238],[67.21751,29.96235],[67.21105,29.96536],[67.2017,29.97695],[67.19634,29.98083],[67.18098,29.9798],[67.16696,29.97382],[67.12471,29.94425],[67.11759,29.93817],[67.11464,29.92984],[67.11504,29.92278],[67.12709,29.89908],[67.13712,29.87306],[67.14093,29.85869],[67.14597,29.80121],[67.14869,29.7909],[67.15842,29.76943],[67.16425,29.76511],[67.1725,29.76286],[67.17658,29.75856],[67.18152,29.74685],[67.18514,29.74328],[67.19992,29.73869],[67.21928,29.72871],[67.23316,29.72483],[67.24639,29.71878],[67.25685,29.7073],[67.26387,29.70387],[67.27459,29.7032],[67.27681,29.70162],[67.2766,29.69775],[67.27159,29.68781],[67.26346,29.68039],[67.22327,29.6582],[67.20867,29.64454],[67.20015,29.6289],[67.19492,29.62309],[67.19249,29.6133],[67.1923,29.5861],[67.18755,29.57957],[67.17553,29.56941],[67.15617,29.55894],[67.1496,29.55265],[67.12502,29.53482],[67.12174,29.525],[67.12368,29.51182],[67.13508,29.51385],[67.14671,29.51226],[67.16631,29.50586],[67.17673,29.50426],[67.19081,29.50587],[67.20857,29.50321],[67.22694,29.50642],[67.24701,29.50164],[67.25388,29.50161],[67.27102,29.50536],[67.28266,29.51017],[67.31145,29.52568],[67.32002,29.52781],[67.32982,29.5262],[67.33655,29.51817],[67.33716,29.51122],[67.34266,29.50266],[67.3402,29.4941],[67.34296,29.46969],[67.34968,29.45043],[67.36251,29.4317],[67.37473,29.41992],[67.41568,29.39687],[67.43035,29.39257],[67.44134,29.38293],[67.44255,29.37865],[67.44248,29.34334],[67.45099,29.31605],[67.45344,29.2926],[67.46071,29.26477],[67.46548,29.21342],[67.46297,29.18294],[67.45805,29.16155],[67.4519,29.14284],[67.44456,29.13002],[67.436,29.11934],[67.41327,29.10226],[67.39251,29.07769],[67.37539,29.03546],[67.36866,29.01354],[67.34486,28.95741],[67.33831,28.92809],[67.32246,28.88264],[67.3048,28.85913],[67.28838,28.84737],[67.28595,28.84951],[67.28717,28.85378],[67.28565,28.85646],[67.27468,28.85698],[67.26312,28.84972],[67.24328,28.82735],[67.23138,28.80779],[67.22742,28.79521],[67.22505,28.77844],[67.2346,28.74422],[67.23603,28.71599],[67.26038,28.70625],[67.27922,28.70245],[67.30101,28.70055],[67.31791,28.70199],[67.33163,28.70635],[67.34489,28.71941],[67.35005,28.72179],[67.363,28.72545],[67.42441,28.7508],[67.43418,28.75714],[67.44848,28.75921],[67.46238,28.75484],[67.47691,28.74497],[67.49175,28.71974],[67.49547,28.71613],[67.50075,28.71231],[67.5073,28.71057],[67.51393,28.71075],[67.52079,28.7133],[67.52309,28.71586],[67.528,28.7313],[67.52933,28.75678],[67.52464,28.78673],[67.5277,28.80398],[67.53436,28.82358],[67.5515,28.84104],[67.55821,28.84481],[67.56859,28.84726],[67.57465,28.84735],[67.57893,28.8458],[67.58099,28.84033],[67.57997,28.82506],[67.58315,28.82247],[67.5883,28.82235],[67.59402,28.82289],[67.63913,28.83777],[67.65605,28.83961],[67.68482,28.83817],[67.67558,28.85956],[67.65399,28.89589],[67.65018,28.90647],[67.64829,28.92413],[67.65318,28.93673],[67.66306,28.95],[67.67907,29.00012],[67.68883,29.01603],[67.71251,29.04093],[67.72558,29.05956],[67.73657,29.07908],[67.74075,29.09106],[67.74007,29.09894],[67.7355,29.11371],[67.73806,29.13536],[67.73356,29.14762],[67.77711,29.1424],[67.8214,29.12386],[67.84708,29.11644],[67.87865,29.11193],[67.90537,29.10541],[67.91766,29.10201],[67.931,29.09455],[67.95428,29.08956],[67.96007,29.0892],[67.96841,29.09232],[67.97608,29.1002],[67.97866,29.1059],[67.97919,29.12462],[67.98336,29.14555],[67.98325,29.17375],[67.98266,29.18804],[67.97952,29.20203],[67.96981,29.28632],[67.97034,29.30746],[67.97192,29.32237],[67.98382,29.3754],[67.97634,29.37201],[67.94118,29.33876],[67.92737,29.33316],[67.91503,29.3303],[67.87516,29.33211],[67.8721,29.3351],[67.8722,29.33854],[67.88307,29.35177],[67.88675,29.36721],[67.88133,29.39511],[67.88009,29.41262],[67.87611,29.4298],[67.87046,29.43749],[67.85891,29.44533],[67.84186,29.45171],[67.82561,29.4549],[67.81663,29.4583],[67.81131,29.4624],[67.80846,29.47241],[67.81226,29.48422],[67.80332,29.51701],[67.802,29.54644],[67.79946,29.55246],[67.78927,29.56066],[67.78668,29.56509],[67.78679,29.58257],[67.77905,29.59666],[67.76877,29.60247],[67.761,29.60464],[67.73871,29.60161],[67.72826,29.60187],[67.71841,29.60727],[67.71523,29.60734],[67.70175,29.59813],[67.69858,29.5986],[67.69589,29.59986],[67.69196,29.60512],[67.68419,29.61881],[67.68399,29.62715],[67.68034,29.63599],[67.67772,29.64116],[67.67198,29.64686],[67.65572,29.65121],[67.63472,29.66402],[67.61612,29.66644],[67.58144,29.66646],[67.57074,29.67145],[67.5594,29.6729],[67.55175,29.67585],[67.54115,29.68721],[67.53777,29.69603],[67.53377,29.6993],[67.52114,29.70355],[67.51355,29.70889],[67.50873,29.71535],[67.49978,29.7366],[67.49749,29.75175],[67.49783,29.76366],[67.4945,29.77446],[67.49351,29.7911],[67.48687,29.81389],[67.47446,29.84198],[67.45519,29.87021],[67.45172,29.87871],[67.43955,29.89796],[67.41616,29.90998],[67.3763,29.92143]]]},"properties":{"district":"Kachhi","province":"Balochistan","pcode":"PK209","pop_2023":442612,"area_km2":5363.9}},{"type":"Feature","geometry":{"type":"Polygon","coordinates":[[[67.12368,29.51182],[67.12452,29.50612],[67.12307,29.50159],[67.11835,29.49468],[67.0929,29.4701],[67.09094,29.45959],[67.08813,29.45649],[67.08172,29.45695],[67.07423,29.46109],[67.07226,29.4584],[67.07079,29.43934],[67.06805,29.43512],[67.06221,29.433],[67.04185,29.43362],[67.00703,29.43916],[66.99164,29.43997],[66.96026,29.4449],[66.95089,29.44486],[66.93948,29.44323],[66.91649,29.43586],[66.88352,29.43139],[66.86671,29.42765],[66.8298,29.42522],[66.82336,29.42604],[66.81766,29.42876],[66.81578,29.43166],[66.81612,29.44024],[66.82623,29.45635],[66.85126,29.48692],[66.86096,29.50301],[66.86708,29.52192],[66.8685,29.5339],[66.86444,29.5449],[66.85867,29.54873],[66.83338,29.56072],[66.80831,29.56628],[66.80321,29.56605],[66.78731,29.56085],[66.72269,29.50122],[66.71614,29.49682],[66.70931,29.49772],[66.68899,29.47878],[66.67338,29.45789],[66.6628,29.4478],[66.6454,29.44362],[66.63901,29.4447],[66.62536,29.45058],[66.6198,29.45538],[66.61592,29.46243],[66.61457,29.47358],[66.61737,29.49887],[66.62864,29.53128],[66.62945,29.53835],[66.63744,29.55326],[66.64316,29.56966],[66.64472,29.58968],[66.63778,29.60823],[66.6339,29.61565],[66.62929,29.61963],[66.61592,29.62708],[66.61037,29.62854],[66.59546,29.62846],[66.58271,29.62356],[66.55472,29.60666],[66.52845,29.58829],[66.48872,29.55123],[66.45096,29.5083],[66.4434,29.49635],[66.42026,29.46719],[66.40726,29.44628],[66.39227,29.40758],[66.39166,29.38192],[66.38838,29.36963],[66.37962,29.35209],[66.3645,29.34167],[66.3421,29.3371],[66.32709,29.33691],[66.2992,29.34032],[66.2605,29.35229],[66.21869,29.37311],[66.19278,29.38424],[66.18188,29.37128],[66.17828,29.36469],[66.16306,29.32962],[66.14462,29.27536],[66.1282,29.23781],[66.11701,29.20673],[66.10655,29.1763],[66.10503,29.1627],[66.1065,29.14538],[66.11969,29.11353],[66.12628,29.10132],[66.14191,29.08569],[66.14551,29.07648],[66.14612,29.04669],[66.13928,29.01428],[66.12811,28.98269],[66.12592,28.95093],[66.12206,28.93925],[66.08866,28.88185],[66.08413,28.8617],[66.07521,28.83516],[66.06489,28.83194],[66.04352,28.83148],[66.03247,28.81769],[66.0213,28.77893],[66.01392,28.74011],[66.01392,28.73291],[66.0213,28.72528],[66.04327,28.71088],[66.05353,28.70892],[66.05792,28.70947],[66.07128,28.71868],[66.07564,28.72503],[66.08151,28.72695],[66.0865,28.72694],[66.09112,28.72306],[66.09838,28.7232],[66.13756,28.71622],[66.16247,28.71579],[66.24534,28.69616],[66.29655,28.68657],[66.31,28.68246],[66.32136,28.67736],[66.33681,28.66747],[66.35782,28.63616],[66.37247,28.62255],[66.37606,28.5961],[66.38459,28.5824],[66.39994,28.57099],[66.42508,28.5606],[66.48504,28.5514],[66.51771,28.55064],[66.56666,28.55574],[66.60685,28.56844],[66.62744,28.58391],[66.63604,28.60028],[66.65186,28.62345],[66.67114,28.64492],[66.6807,28.66903],[66.68912,28.6819],[66.70528,28.71939],[66.73563,28.76811],[66.7495,28.78741],[66.77426,28.81532],[66.77971,28.81962],[66.7908,28.82344],[66.81615,28.82777],[66.91277,28.83611],[66.92858,28.83509],[66.97598,28.83948],[67.0149,28.83796],[67.10052,28.83818],[67.18806,28.84254],[67.23913,28.85004],[67.27468,28.85698],[67.28565,28.85646],[67.28717,28.85378],[67.28595,28.84951],[67.28838,28.84737],[67.3048,28.85913],[67.32246,28.88264],[67.33831,28.92809],[67.34486,28.95741],[67.36866,29.01354],[67.37539,29.03546],[67.39251,29.07769],[67.41327,29.10226],[67.436,29.11934],[67.44456,29.13002],[67.4519,29.14284],[67.45805,29.16155],[67.46297,29.18294],[67.46548,29.21342],[67.46071,29.26477],[67.45344,29.2926],[67.45099,29.31605],[67.44248,29.34334],[67.44255,29.37865],[67.44134,29.38293],[67.43035,29.39257],[67.41568,29.39687],[67.37473,29.41992],[67.36251,29.4317],[67.34968,29.45043],[67.34296,29.46969],[67.3402,29.4941],[67.34266,29.50266],[67.33716,29.51122],[67.33655,29.51817],[67.32982,29.5262],[67.32002,29.52781],[67.31145,29.52568],[67.28266,29.51017],[67.27102,29.50536],[67.25388,29.50161],[67.24701,29.50164],[67.22694,29.50642],[67.20857,29.50321],[67.19081,29.50587],[67.17673,29.50426],[67.16631,29.50586],[67.14671,29.51226],[67.13508,29.51385],[67.12368,29.51182]]]},"properties":{"district":"Kalat","province":"Balochistan","pcode":"PK210","pop_2023":272506,"area_km2":10179.8}},{"type":"Feature","geometry":{"type":"Polygon","coordinates":[[[63.07129,26.64092],[63.05144,26.63758],[63.00192,26.65195],[62.98588,26.65335],[62.94653,26.65292],[62.91946,26.64613],[62.84008,26.64753],[62.8216,26.6522],[62.7787,26.65228],[62.76068,26.64843],[62.73684,26.63853],[62.73159,26.63431],[62.72638,26.62412],[62.72139,26.6199],[62.69717,26.6134],[62.68517,26.61256],[62.66085,26.61651],[62.64833,26.60915],[62.6378,26.59943],[62.60815,26.58501],[62.52987,26.57846],[62.51196,26.58134],[62.47842,26.56957],[62.46335,26.56761],[62.44123,26.57003],[62.43453,26.56814],[62.41069,26.54439],[62.40354,26.53935],[62.39712,26.53831],[62.36134,26.53954],[62.34325,26.53124],[62.3336,26.52854],[62.31507,26.52887],[62.30602,26.52443],[62.29939,26.51363],[62.29586,26.49874],[62.29704,26.49413],[62.3045,26.4848],[62.3088,26.47668],[62.3022,26.4676],[62.28259,26.44725],[62.26978,26.44575],[62.25771,26.44883],[62.25637,26.44598],[62.26462,26.43209],[62.26471,26.41269],[62.29134,26.38684],[62.2915,26.37114],[62.28251,26.35837],[62.26353,26.35823],[62.23293,26.36615],[62.19967,26.36948],[62.14469,26.38933],[62.13239,26.38999],[62.12809,26.38037],[62.12807,26.32958],[62.12115,26.31676],[62.10674,26.31423],[62.06115,26.31542],[61.98668,26.27967],[61.95824,26.26859],[61.90737,26.26006],[61.87075,26.24674],[61.84788,26.22814],[61.83303,26.1711],[61.80179,25.99428],[61.7914,25.9261],[61.78024,25.87087],[61.78194,25.85146],[61.77986,25.81754],[61.80186,25.72211],[61.80104,25.71451],[61.79888,25.71029],[61.80298,25.70304],[61.80651,25.70085],[61.82038,25.69922],[61.83842,25.69024],[61.84716,25.68868],[61.89088,25.68645],[61.89673,25.6847],[61.90281,25.68134],[61.91238,25.66979],[61.92075,25.66559],[61.93857,25.66568],[61.95504,25.6611],[61.96022,25.66104],[61.97035,25.66709],[61.98253,25.68044],[61.99154,25.69912],[62.01145,25.71401],[62.01397,25.73159],[62.01992,25.73915],[62.02615,25.74377],[62.02514,25.76344],[62.02747,25.76752],[62.03629,25.77182],[62.0444,25.77172],[62.0518,25.76753],[62.05558,25.76044],[62.05586,25.75691],[62.05511,25.75017],[62.0501,25.74141],[62.04975,25.73789],[62.04898,25.72772],[62.05202,25.7073],[62.06749,25.69262],[62.07633,25.67901],[62.07748,25.66418],[62.0711,25.63557],[62.07287,25.62496],[62.0798,25.61648],[62.08405,25.60343],[62.08948,25.59638],[62.10814,25.58266],[62.11305,25.57515],[62.1129,25.56961],[62.10805,25.56],[62.08189,25.55501],[62.07309,25.55058],[62.06731,25.54423],[62.06152,25.53741],[62.05882,25.53146],[62.05606,25.52365],[62.05415,25.50889],[62.05662,25.50606],[62.06067,25.50459],[62.09272,25.50112],[62.09979,25.49866],[62.10478,25.49438],[62.10694,25.47954],[62.11189,25.47388],[62.11524,25.47337],[62.12412,25.47361],[62.16064,25.48483],[62.2096,25.50315],[62.2368,25.50901],[62.32586,25.53653],[62.40444,25.55412],[62.42548,25.55469],[62.44911,25.5529],[62.50148,25.55588],[62.62853,25.55954],[62.66841,25.55573],[62.79582,25.56624],[62.804,25.56602],[62.82259,25.55717],[62.83021,25.55604],[62.84199,25.55709],[62.86773,25.57811],[62.92786,25.58693],[62.95525,25.59793],[62.9749,25.60031],[62.98302,25.59732],[62.99816,25.57688],[63.02664,25.54701],[63.03549,25.52962],[63.04171,25.52766],[63.06098,25.52954],[63.07473,25.52849],[63.09428,25.51709],[63.11277,25.51453],[63.15637,25.51434],[63.17741,25.5194],[63.1861,25.51698],[63.19642,25.50631],[63.21527,25.50873],[63.23384,25.50449],[63.28861,25.49694],[63.34249,25.4963],[63.35433,25.49177],[63.36009,25.48645],[63.3629,25.47879],[63.37349,25.46201],[63.38787,25.45536],[63.40565,25.45439],[63.41194,25.45075],[63.41721,25.44264],[63.42473,25.42574],[63.43295,25.41995],[63.43594,25.40842],[63.40833,25.38461],[63.40312,25.37831],[63.40277,25.37275],[63.40616,25.36567],[63.41544,25.36326],[63.42505,25.36696],[63.44981,25.38622],[63.46777,25.40743],[63.52934,25.43805],[63.57888,25.46493],[63.707,25.52455],[63.73616,25.53704],[63.75424,25.54186],[63.7673,25.54746],[63.77252,25.5543],[63.78093,25.55793],[63.99052,25.61043],[63.9991,25.61209],[64.04605,25.61431],[64.05411,25.6118],[64.05991,25.60478],[64.06555,25.60164],[64.08221,25.59831],[64.08608,25.59345],[64.08698,25.58626],[64.09167,25.57643],[64.09933,25.56837],[64.11253,25.55993],[64.12919,25.55659],[64.17098,25.55974],[64.2074,25.60737],[64.21405,25.61257],[64.23045,25.6131],[64.2352,25.61713],[64.23678,25.62384],[64.24028,25.62838],[64.24639,25.62858],[64.25844,25.61786],[64.26722,25.61259],[64.27758,25.61403],[64.28713,25.62043],[64.29262,25.62115],[64.30347,25.6174],[64.31532,25.6202],[64.33307,25.63152],[64.3432,25.63346],[64.35236,25.63988],[64.35456,25.6466],[64.3518,25.65484],[64.32339,25.67726],[64.29918,25.68538],[64.2935,25.68964],[64.29073,25.69788],[64.27847,25.71414],[64.27416,25.73065],[64.27369,25.74284],[64.27644,25.75125],[64.29883,25.75916],[64.30965,25.76504],[64.32038,25.77314],[64.32453,25.79324],[64.32205,25.81305],[64.32197,25.83136],[64.32639,25.84426],[64.33105,25.85106],[64.33634,25.8545],[64.35178,25.85503],[64.35715,25.85908],[64.35755,25.86464],[64.35006,25.88439],[64.34852,25.89267],[64.35356,25.92223],[64.36027,25.95629],[64.36634,25.97479],[64.37585,26.00224],[64.38748,26.02036],[64.40795,26.03208],[64.44531,26.03653],[64.46418,26.04208],[64.49141,26.05454],[64.50209,26.06541],[64.51115,26.08732],[64.51649,26.11023],[64.51476,26.12406],[64.5063,26.15379],[64.49747,26.17685],[64.47552,26.20551],[64.45638,26.22326],[64.44463,26.22959],[64.3655,26.26595],[64.35847,26.23753],[64.35027,26.22618],[64.34132,26.21813],[64.27851,26.18876],[64.26048,26.1771],[64.25093,26.16902],[64.24419,26.16826],[64.21136,26.17277],[64.16348,26.16846],[64.12449,26.15776],[64.07251,26.14829],[64.05142,26.15203],[64.03306,26.1642],[64.00512,26.19074],[63.98578,26.21119],[63.98054,26.21879],[63.95748,26.23967],[63.93966,26.25295],[63.91313,26.28259],[63.88824,26.30228],[63.8513,26.31489],[63.81242,26.3152],[63.77599,26.30841],[63.74747,26.2974],[63.73786,26.29151],[63.72308,26.27709],[63.71702,26.27465],[63.71148,26.27445],[63.6878,26.27971],[63.67192,26.27635],[63.65709,26.27693],[63.63096,26.26819],[63.61566,26.26541],[63.60586,26.26394],[63.5975,26.26538],[63.59336,26.27081],[63.5863,26.29612],[63.58602,26.30973],[63.59221,26.35715],[63.59063,26.36419],[63.58619,26.37053],[63.57235,26.37474],[63.56244,26.37449],[63.53557,26.36976],[63.52591,26.36974],[63.51494,26.37442],[63.51023,26.37981],[63.50996,26.38545],[63.51203,26.3932],[63.51581,26.39579],[63.52378,26.39252],[63.52978,26.39347],[63.53264,26.39793],[63.53391,26.40704],[63.53599,26.4108],[63.55138,26.41294],[63.5553,26.41482],[63.55686,26.4174],[63.55999,26.41811],[63.56888,26.41225],[63.57384,26.41226],[63.58532,26.41697],[63.59746,26.41569],[63.60019,26.42098],[63.59836,26.42755],[63.53877,26.4566],[63.51994,26.46737],[63.49197,26.47836],[63.41073,26.5044],[63.3846,26.50292],[63.33766,26.49075],[63.29228,26.47157],[63.26176,26.46206],[63.24664,26.4559],[63.22943,26.45137],[63.21419,26.44422],[63.1951,26.43901],[63.18649,26.43803],[63.1486,26.44161],[63.13862,26.44399],[63.13419,26.44835],[63.13339,26.45234],[63.13622,26.4587],[63.16143,26.48019],[63.16428,26.48537],[63.16451,26.49054],[63.16149,26.49323],[63.15613,26.49379],[63.12978,26.48638],[63.12273,26.48611],[63.11958,26.48868],[63.12682,26.5007],[63.12719,26.50387],[63.12548,26.50633],[63.0936,26.5064],[63.08992,26.50849],[63.08885,26.51271],[63.09115,26.52095],[63.10768,26.54425],[63.12901,26.56175],[63.13181,26.57374],[63.12415,26.58592],[63.11022,26.59736],[63.09407,26.61927],[63.07129,26.64092]]]},"properties":{"district":"Kech","province":"Balochistan","pcode":"PK211","pop_2023":1060931,"area_km2":24419.3}},{"type":"Feature","geometry":{"type":"Polygon","coordinates":[[[66.16306,29.32962],[66.15011,29.32383],[66.13677,29.32378],[66.1283,29.3266],[66.09819,29.34984],[66.09269,29.34878],[66.09075,29.34724],[66.08552,29.33342],[66.07806,29.32332],[66.05964,29.30624],[66.05224,29.29281],[66.04968,29.28596],[66.0507,29.27713],[66.054,29.26946],[66.05213,29.25663],[66.03692,29.2426],[66.00937,29.19749],[66.00485,29.19319],[65.9867,29.18627],[65.96923,29.17421],[65.95499,29.16644],[65.90119,29.14848],[65.86696,29.1285],[65.8608,29.12761],[65.85299,29.12899],[65.84387,29.13292],[65.82331,29.14504],[65.81583,29.14585],[65.78336,29.14421],[65.74567,29.1448],[65.73044,29.14128],[65.71199,29.13402],[65.69875,29.12594],[65.69458,29.1205],[65.69332,29.1165],[65.69385,29.09571],[65.69165,29.08857],[65.68683,29.08312],[65.65194,29.07187],[65.62771,29.06057],[65.60397,29.03445],[65.58844,29.0309],[65.56568,29.03527],[65.52476,29.03919],[65.47623,29.03292],[65.45779,29.02767],[65.42596,29.00463],[65.35212,28.95813],[65.30999,28.92494],[65.29632,28.91636],[65.27123,28.90721],[65.25311,28.89515],[65.23624,28.88137],[65.22183,28.86251],[65.17596,28.82339],[65.16048,28.81464],[65.14125,28.80987],[65.11824,28.80739],[65.06653,28.80476],[65.05243,28.80102],[65.04085,28.79501],[65.02204,28.7773],[64.99993,28.75235],[64.95266,28.70807],[64.93774,28.69199],[64.92872,28.68593],[64.91309,28.68296],[64.92574,28.67314],[64.94003,28.65576],[64.96125,28.61894],[64.97391,28.58011],[64.97594,28.5586],[64.98046,28.54028],[64.98018,28.52525],[64.97749,28.51134],[64.97928,28.49478],[64.99135,28.47248],[64.99879,28.44848],[65.10333,28.47287],[65.21124,28.5084],[65.21991,28.48339],[65.23332,28.45568],[65.25453,28.42922],[65.27812,28.40547],[65.28171,28.39167],[65.28119,28.36762],[65.27623,28.35328],[65.27318,28.31966],[65.27439,28.2415],[65.28096,28.20811],[65.29257,28.18429],[65.30898,28.15825],[65.34323,28.11794],[65.35907,28.11062],[65.45259,28.18009],[65.50331,28.2082],[65.574,28.23651],[65.62391,28.26313],[65.6435,28.27731],[65.67362,28.29387],[65.70561,28.3055],[65.79624,28.32946],[65.82153,28.33904],[65.84248,28.3436],[65.88985,28.35789],[65.90096,28.37354],[65.90929,28.38209],[65.92087,28.40748],[65.92968,28.42236],[65.95758,28.44111],[65.99124,28.47468],[66.00302,28.49474],[66.01409,28.52063],[66.04943,28.56071],[66.05755,28.57754],[66.06645,28.60666],[66.07236,28.61831],[66.08417,28.63512],[66.08715,28.64872],[66.09245,28.70068],[66.09112,28.72306],[66.0865,28.72694],[66.08151,28.72695],[66.07564,28.72503],[66.07128,28.71868],[66.05792,28.70947],[66.05353,28.70892],[66.04327,28.71088],[66.0213,28.72528],[66.01392,28.73291],[66.01392,28.74011],[66.0213,28.77893],[66.03247,28.81769],[66.04352,28.83148],[66.06489,28.83194],[66.07521,28.83516],[66.08413,28.8617],[66.08866,28.88185],[66.12206,28.93925],[66.12592,28.95093],[66.12811,28.98269],[66.13928,29.01428],[66.14612,29.04669],[66.14551,29.07648],[66.14191,29.08569],[66.12628,29.10132],[66.11969,29.11353],[66.1065,29.14538],[66.10503,29.1627],[66.10655,29.1763],[66.11701,29.20673],[66.1282,29.23781],[66.14462,29.27536],[66.16306,29.32962]]]},"properties":{"district":"Kharan","province":"Balochistan","pcode":"PK212","pop_2023":260352,"area_km2":8215.9}},{"type":"Feature","geometry":{"type":"Polygon","coordinates":[[[67.23603,28.71599],[67.2346,28.74422],[67.22505,28.77844],[67.22742,28.79521],[67.23138,28.80779],[67.24328,28.82735],[67.26312,28.84972],[67.27468,28.85698],[67.23913,28.85004],[67.18806,28.84254],[67.10052,28.83818],[67.0149,28.83796],[66.97598,28.83948],[66.92858,28.83509],[66.91277,28.83611],[66.81615,28.82777],[66.7908,28.82344],[66.77971,28.81962],[66.77426,28.81532],[66.7495,28.78741],[66.73563,28.76811],[66.70528,28.71939],[66.68912,28.6819],[66.6807,28.66903],[66.67114,28.64492],[66.65186,28.62345],[66.63604,28.60028],[66.62744,28.58391],[66.60685,28.56844],[66.56666,28.55574],[66.51771,28.55064],[66.48719,28.53155],[66.46105,28.4985],[66.42899,28.42825],[66.42722,28.41857],[66.42851,28.40525],[66.43786,28.38068],[66.4521,28.35682],[66.47308,28.33568],[66.50015,28.31566],[66.50959,28.30422],[66.51933,28.28584],[66.51726,28.26816],[66.52099,28.23754],[66.52,28.21457],[66.51383,28.19319],[66.50538,28.17479],[66.49944,28.16707],[66.47178,28.1505],[66.39352,28.11779],[66.25871,28.05216],[66.20435,28.01769],[66.1735,27.99369],[66.15378,27.9808],[66.13078,27.96154],[66.09986,27.94452],[66.09016,27.9404],[66.03284,27.93203],[65.99377,27.93319],[65.96059,27.93828],[65.94666,27.93024],[65.92818,27.91666],[65.91774,27.90301],[65.91229,27.88994],[65.88466,27.85841],[65.86334,27.84066],[65.84148,27.83099],[65.80938,27.81207],[65.79468,27.79412],[65.78059,27.76953],[65.77246,27.74993],[65.77476,27.72865],[65.77352,27.71693],[65.76991,27.70822],[65.75965,27.69822],[65.72918,27.67703],[65.7189,27.66629],[65.69126,27.58259],[65.69093,27.57306],[65.69687,27.5538],[65.70375,27.53819],[65.71076,27.52869],[65.59839,27.42645],[65.59297,27.41753],[65.63236,27.40798],[65.67799,27.39343],[65.7666,27.36264],[65.77827,27.35742],[65.80747,27.32978],[65.82765,27.30742],[65.84624,27.27871],[65.85764,27.25376],[65.87021,27.20614],[65.88091,27.17486],[65.89382,27.15705],[65.91203,27.13936],[65.9351,27.13521],[65.96332,27.1359],[65.98524,27.13946],[65.99921,27.14545],[66.01285,27.16155],[66.02296,27.17756],[66.04011,27.19453],[66.04552,27.19466],[66.0491,27.18923],[66.0541,27.16963],[66.05454,27.15466],[66.05089,27.09937],[66.04443,27.04954],[66.03841,27.01471],[66.02682,26.96407],[66.01948,26.91502],[66.00992,26.88168],[66.00072,26.83653],[65.93101,26.61184],[65.92513,26.57466],[65.92735,26.55975],[65.93316,26.54177],[66.0435,26.37441],[66.07764,26.31458],[66.10739,26.2673],[66.10949,26.27202],[66.10935,26.27674],[66.09733,26.29929],[66.09241,26.31808],[66.08924,26.3369],[66.08965,26.35267],[66.08512,26.35807],[66.08135,26.36743],[66.0819,26.4084],[66.08527,26.41321],[66.09736,26.41901],[66.11017,26.43034],[66.11403,26.44854],[66.11461,26.4588],[66.1126,26.46742],[66.108,26.47519],[66.10501,26.48772],[66.11048,26.51069],[66.12143,26.53116],[66.14442,26.55533],[66.15655,26.56033],[66.16514,26.56683],[66.1773,26.57105],[66.18787,26.56972],[66.19415,26.56434],[66.21504,26.53882],[66.22279,26.53302],[66.22149,26.52893],[66.2227,26.51715],[66.25184,26.4799],[66.2639,26.48842],[66.28444,26.49776],[66.28818,26.49778],[66.29205,26.49268],[66.30134,26.4869],[66.30977,26.48441],[66.32011,26.47352],[66.32948,26.4702],[66.37721,26.46533],[66.38752,26.46116],[66.40207,26.46078],[66.41144,26.4566],[66.43114,26.43985],[66.45643,26.42899],[66.46673,26.4265],[66.4714,26.42651],[66.48165,26.43747],[66.49378,26.44675],[66.50685,26.45267],[66.51059,26.45268],[66.51715,26.44933],[66.52837,26.44936],[66.53772,26.4519],[66.54971,26.45938],[66.56108,26.45951],[66.57044,26.45617],[66.59012,26.43939],[66.60618,26.40621],[66.61339,26.4106],[66.61552,26.41391],[66.617,26.42347],[66.62168,26.43084],[66.63019,26.43755],[66.65456,26.44215],[66.67149,26.44256],[66.68433,26.44528],[66.68826,26.44818],[66.69137,26.44825],[66.69819,26.44361],[66.70311,26.44332],[66.70569,26.44639],[66.70473,26.45639],[66.70774,26.46007],[66.71239,26.46118],[66.73166,26.45844],[66.74471,26.46876],[66.75322,26.46657],[66.75645,26.46153],[66.75906,26.45066],[66.77413,26.37606],[66.77952,26.33053],[66.78193,26.32418],[66.81187,26.27317],[66.82146,26.26418],[66.82934,26.25314],[66.83457,26.24124],[66.84099,26.21854],[66.84733,26.18507],[66.86823,26.12064],[66.87908,26.08203],[66.88211,26.05245],[66.89148,26.02026],[66.90256,25.98847],[66.9157,25.96193],[66.92916,25.9398],[66.93675,25.92154],[66.94796,25.88375],[66.95322,25.85268],[66.96505,25.82411],[66.97806,25.78435],[66.9781,25.76634],[66.97442,25.75463],[66.97001,25.74649],[66.97367,25.74516],[66.97496,25.7354],[66.99859,25.73454],[67.02189,25.74062],[67.04386,25.74439],[67.05284,25.74193],[67.06057,25.74181],[67.09285,25.74542],[67.10265,25.75285],[67.11583,25.76839],[67.12054,25.7794],[67.12205,25.79103],[67.11809,25.82083],[67.11827,25.83074],[67.12033,25.83771],[67.13083,25.84746],[67.13415,25.85207],[67.13487,25.85681],[67.13496,25.86139],[67.13009,25.87663],[67.13185,25.89987],[67.12642,25.95477],[67.11871,25.99221],[67.11896,26.00562],[67.13614,26.06019],[67.13898,26.07357],[67.14272,26.1709],[67.14826,26.19065],[67.14908,26.19939],[67.14661,26.2747],[67.14408,26.27766],[67.1164,26.28742],[67.11063,26.291],[67.10685,26.2969],[67.10246,26.30455],[67.10001,26.31276],[67.08414,26.37593],[67.08032,26.38008],[67.0694,26.38607],[67.05736,26.40201],[67.04663,26.41851],[67.03663,26.44025],[67.02326,26.45503],[67.00809,26.47801],[66.99934,26.4974],[66.98585,26.50635],[66.98048,26.53386],[66.97737,26.54207],[66.96421,26.56373],[66.96433,26.57073],[66.96701,26.57537],[66.97887,26.58455],[67.02547,26.61016],[67.07265,26.63108],[67.11472,26.65498],[67.12188,26.65546],[67.12379,26.6531],[67.13308,26.66325],[67.1265,26.71967],[67.12647,26.73831],[67.1446,26.76255],[67.14655,26.76843],[67.13377,26.87803],[67.13338,26.94035],[67.13727,26.93849],[67.13928,26.9462],[67.14597,26.95636],[67.13891,26.98438],[67.13889,26.99623],[67.1451,27.01227],[67.16061,27.06596],[67.15662,27.11964],[67.15189,27.15589],[67.14417,27.19753],[67.12686,27.27003],[67.12604,27.29583],[67.12991,27.31397],[67.13692,27.32723],[67.16112,27.35446],[67.16431,27.37046],[67.1674,27.40325],[67.17516,27.4472],[67.17746,27.48696],[67.18288,27.5323],[67.18679,27.53998],[67.22047,27.56303],[67.22908,27.5749],[67.23611,27.59443],[67.24873,27.64799],[67.25421,27.65846],[67.2699,27.67172],[67.30992,27.69894],[67.33739,27.72545],[67.35154,27.74917],[67.35705,27.768],[67.35471,27.79592],[67.36045,27.81533],[67.37226,27.84185],[67.38486,27.86487],[67.39275,27.88999],[67.39424,27.90968],[67.39122,27.94582],[67.38968,28.04417],[67.40233,28.08744],[67.40234,28.09372],[67.39373,28.15376],[67.39534,28.20479],[67.39222,28.22916],[67.37711,28.2745],[67.36686,28.29126],[67.36133,28.29475],[67.35265,28.30802],[67.35108,28.33456],[67.34872,28.34573],[67.33134,28.3604],[67.3266,28.36948],[67.3274,28.40509],[67.32424,28.41347],[67.31187,28.42551],[67.30529,28.42882],[67.27441,28.43023],[67.26492,28.43442],[67.25859,28.4421],[67.24671,28.46654],[67.22118,28.49011],[67.2101,28.49499],[67.19981,28.49498],[67.17369,28.49077],[67.16578,28.49286],[67.16102,28.49774],[67.15943,28.50193],[67.15942,28.50612],[67.1697,28.5187],[67.1879,28.52989],[67.20371,28.54248],[67.21004,28.55924],[67.21475,28.59836],[67.22343,28.64167],[67.22421,28.65355],[67.23542,28.70231],[67.23603,28.71599]]]},"properties":{"district":"Khuzdar","province":"Balochistan","pcode":"PK213","pop_2023":997214,"area_km2":30954.9}},{"type":"Feature","geometry":{"type":"MultiPolygon","coordinates":[[[[66.52357,30.22233],[66.52233,30.23767],[66.52376,30.24852],[66.51291,30.27415],[66.5128,30.2833],[66.51536,30.2972],[66.51832,30.31078],[66.53019,30.34265],[66.53827,30.35356],[66.54093,30.36002],[66.55017,30.37162],[66.55052,30.37501],[66.54574,30.38309],[66.54753,30.39699],[66.5509,30.40921],[66.55781,30.42079],[66.57002,30.44865],[66.57329,30.47036],[66.57237,30.4822],[66.55878,30.50613],[66.54968,30.51417],[66.54239,30.53409],[66.54191,30.54154],[66.54494,30.55003],[66.55142,30.56523],[66.56177,30.58286],[66.58197,30.58577],[66.61245,30.58575],[66.65493,30.58912],[66.66537,30.59277],[66.67931,30.59535],[66.69742,30.59522],[66.7159,30.58877],[66.74962,30.58298],[66.76486,30.58254],[66.78865,30.58518],[66.79583,30.58442],[66.80475,30.58118],[66.81721,30.57276],[66.8312,30.57039],[66.8426,30.5743],[66.84897,30.58144],[66.83637,30.60049],[66.82648,30.62504],[66.8027,30.66879],[66.77395,30.72971],[66.76685,30.75278],[66.76967,30.76774],[66.83417,30.85651],[66.84042,30.87669],[66.84271,30.90331],[66.84054,30.91402],[66.83697,30.91973],[66.82747,30.92617],[66.82624,30.93046],[66.82736,30.93497],[66.83416,30.94481],[66.82868,30.94192],[66.81254,30.92622],[66.79112,30.9219],[66.78415,30.91844],[66.77224,30.90683],[66.75919,30.9027],[66.7477,30.89043],[66.65923,30.83835],[66.62502,30.81093],[66.62317,30.80585],[66.62313,30.76385],[66.61116,30.73809],[66.59813,30.72645],[66.59607,30.72205],[66.59866,30.71973],[66.60254,30.72046],[66.61059,30.72765],[66.61677,30.73077],[66.6226,30.73187],[66.62612,30.73108],[66.6267,30.72577],[66.62482,30.71844],[66.61806,30.70521],[66.6131,30.69975],[66.59879,30.69348],[66.57817,30.67807],[66.56963,30.67626],[66.52953,30.67328],[66.51023,30.66456],[66.48805,30.66253],[66.47175,30.65924],[66.45937,30.655],[66.44202,30.64631],[66.41521,30.625],[66.40155,30.60828],[66.3996,30.6],[66.40223,30.59517],[66.40853,30.59224],[66.42304,30.58923],[66.42692,30.58359],[66.42502,30.57845],[66.41969,30.57263],[66.41122,30.56845],[66.39186,30.54625],[66.38723,30.54415],[66.37239,30.54626],[66.36811,30.54619],[66.36542,30.54446],[66.32573,30.49338],[66.33981,30.47932],[66.33665,30.45603],[66.33892,30.44694],[66.35412,30.42727],[66.35437,30.42177],[66.3511,30.41225],[66.33799,30.39253],[66.3347,30.38347],[66.33279,30.37331],[66.33418,30.35454],[66.33652,30.3498],[66.33246,30.31731],[66.32744,30.30589],[66.32046,30.27949],[66.3166,30.24288],[66.31041,30.2282],[66.30138,30.21779],[66.28694,30.18746],[66.28771,30.17096],[66.28644,30.16403],[66.28431,30.15891],[66.26009,30.12914],[66.25726,30.11068],[66.23986,30.0861],[66.26031,30.08521],[66.26238,30.08646],[66.26328,30.09097],[66.26759,30.09459],[66.26919,30.09929],[66.27742,30.10158],[66.28374,30.11864],[66.30098,30.12966],[66.30543,30.14088],[66.31237,30.14324],[66.32334,30.15804],[66.32678,30.16069],[66.33345,30.16131],[66.3383,30.16338],[66.34484,30.17066],[66.35063,30.1859],[66.35349,30.18776],[66.35768,30.18748],[66.36207,30.18235],[66.36681,30.17999],[66.37517,30.18116],[66.37859,30.17999],[66.38547,30.17005],[66.40351,30.17092],[66.41445,30.16178],[66.43421,30.16137],[66.44257,30.16287],[66.4504,30.16021],[66.45624,30.16263],[66.47178,30.15879],[66.48053,30.16011],[66.49656,30.16743],[66.50681,30.16376],[66.5122,30.16337],[66.51294,30.16594],[66.50954,30.17854],[66.5132,30.18594],[66.5114,30.19217],[66.51323,30.20119],[66.5186,30.20599],[66.51242,30.21295],[66.5169,30.21977],[66.52357,30.22233]]],[[[67.26202,31.20694],[67.24584,31.21469],[67.22699,31.21944],[67.19575,31.22062],[67.18333,31.22485],[67.171,31.24009],[67.16634,31.24339],[67.11762,31.24132],[67.09372,31.23192],[67.06902,31.2296],[67.05617,31.23083],[67.04964,31.23385],[67.04025,31.23541],[67.03099,31.24018],[67.02567,31.24667],[67.02186,31.25504],[67.02482,31.26131],[67.04024,31.26933],[67.04774,31.27528],[67.05132,31.28592],[67.04446,31.30383],[67.03464,31.30927],[66.98566,31.31287],[66.96912,31.31261],[66.93418,31.30561],[66.90228,31.29617],[66.85658,31.27851],[66.83497,31.26428],[66.80199,31.21907],[66.79291,31.21306],[66.77625,31.20979],[66.76859,31.20975],[66.7807,31.19566],[66.78284,31.19067],[66.79355,31.18638],[66.80355,31.18567],[66.81782,31.18139],[66.82353,31.16497],[66.82496,31.14998],[66.82139,31.09144],[66.82353,31.07431],[66.8271,31.05861],[66.84709,31.01221],[66.84994,30.98937],[66.84852,30.96938],[66.84333,30.94914],[66.8539,30.95335],[66.8633,30.95213],[66.87199,30.94686],[66.88713,30.93022],[66.89343,30.92761],[66.90558,30.9254],[66.91229,30.92178],[66.92061,30.92056],[66.92945,30.92435],[66.93674,30.93286],[66.94215,30.93629],[66.95932,30.93818],[66.9617,30.93979],[66.95866,30.955],[66.96133,30.95941],[66.9737,30.96763],[66.992,30.97324],[67.00842,30.97252],[67.01744,30.97094],[67.0312,30.96605],[67.03866,30.96178],[67.05334,30.95015],[67.06055,30.93879],[67.06443,30.93722],[67.07419,30.94163],[67.09894,30.96008],[67.14473,30.98514],[67.166,31.00186],[67.17106,31.00426],[67.19056,31.0085],[67.196,31.01125],[67.21539,31.0239],[67.22196,31.03003],[67.22308,31.03374],[67.21333,31.04974],[67.20925,31.06148],[67.21063,31.0753],[67.22574,31.11685],[67.22919,31.12261],[67.23501,31.12704],[67.25058,31.1346],[67.25288,31.13798],[67.25476,31.1444],[67.25318,31.15141],[67.24639,31.16144],[67.24827,31.17648],[67.26202,31.20694]]]]},"properties":{"district":"Killa Abdullah","province":"Balochistan","pcode":"PK214","pop_2023":361971,"area_km2":2993}},{"type":"Feature","geometry":{"type":"Polygon","coordinates":[[[69.14124,30.69113],[69.13334,30.70378],[69.12954,30.70506],[69.09032,30.68971],[69.08501,30.68967],[69.08121,30.6916],[69.07966,30.69486],[69.08101,30.70991],[69.07018,30.73009],[69.07013,30.73532],[69.0678,30.73987],[69.05406,30.74891],[69.05701,30.75678],[69.07132,30.7654],[69.08791,30.77272],[69.10152,30.7761],[69.1173,30.7893],[69.15275,30.80853],[69.20421,30.81936],[69.25181,30.8393],[69.25632,30.8439],[69.2592,30.86158],[69.27148,30.88184],[69.27667,30.89626],[69.28712,30.91724],[69.28778,30.92836],[69.28159,30.94074],[69.28156,30.94532],[69.28909,30.95191],[69.304,30.986],[69.30778,30.98864],[69.3419,30.99669],[69.35023,31.00066],[69.38031,31.04333],[69.38175,31.0538],[69.36953,31.06092],[69.36115,31.06218],[69.3551,31.05888],[69.32413,31.0332],[69.31278,31.02659],[69.30368,31.02392],[69.28925,31.02252],[69.27478,31.02569],[69.2641,31.0302],[69.24706,31.04915],[69.2365,31.05617],[69.22806,31.06461],[69.21458,31.08853],[69.20938,31.0923],[69.20328,31.09421],[69.18959,31.09346],[69.18197,31.09537],[69.15523,31.10694],[69.14369,31.11863],[69.11984,31.1381],[69.11148,31.14323],[69.09698,31.14638],[69.08561,31.14237],[69.07367,31.13192],[69.06911,31.13123],[69.04851,31.13629],[69.0348,31.13683],[69.02721,31.13546],[69.0015,31.12086],[68.99729,31.12083],[68.99348,31.12307],[68.99293,31.13646],[68.98949,31.13939],[68.96874,31.12449],[68.95815,31.11917],[68.93922,31.1118],[68.92934,31.1104],[68.924,31.11166],[68.92088,31.11752],[68.91686,31.13513],[68.91451,31.13969],[68.91042,31.14169],[68.9061,31.14288],[68.89242,31.14144],[68.87193,31.13667],[68.86585,31.13661],[68.85745,31.13849],[68.84437,31.14882],[68.83826,31.15072],[68.81472,31.14656],[68.79865,31.15294],[68.79562,31.1516],[68.79115,31.14436],[68.76717,31.11795],[68.75284,31.1093],[68.73393,31.10125],[68.71271,31.09644],[68.70432,31.09766],[68.69505,31.10671],[68.69115,31.11321],[68.68789,31.12755],[68.68986,31.1485],[68.68444,31.15432],[68.676,31.15881],[68.67213,31.16334],[68.66495,31.18418],[68.66563,31.18942],[68.6814,31.20398],[68.68208,31.20988],[68.67022,31.23786],[68.66743,31.24149],[68.6552,31.24397],[68.65363,31.24722],[68.65778,31.27473],[68.66098,31.314],[68.65848,31.3277],[68.65612,31.33225],[68.64771,31.33346],[68.62853,31.34043],[68.59549,31.35574],[68.57945,31.35686],[68.5461,31.34337],[68.51801,31.33583],[68.50279,31.33368],[68.48158,31.32491],[68.44836,31.30617],[68.40372,31.28726],[68.38106,31.28345],[68.26613,31.31763],[68.23772,31.32702],[68.22232,31.33464],[68.17514,31.36597],[68.08486,31.44696],[68.0207,31.49615],[67.97742,31.51766],[67.94123,31.52882],[67.86006,31.56599],[67.836,31.5806],[67.82274,31.59082],[67.81739,31.59738],[67.8036,31.58214],[67.76698,31.55676],[67.74207,31.53371],[67.72605,31.52484],[67.7131,31.52063],[67.69977,31.51939],[67.66175,31.52097],[67.64847,31.51835],[67.63638,31.52813],[67.62157,31.53117],[67.58455,31.53439],[67.56956,31.53469],[67.55949,31.53238],[67.55399,31.5288],[67.55504,31.52195],[67.57568,31.50507],[67.591,31.47957],[67.59863,31.4596],[67.59911,31.45366],[67.5947,31.4343],[67.59763,31.42682],[67.60539,31.41854],[67.62774,31.41337],[67.63378,31.40069],[67.64407,31.39682],[67.66007,31.39722],[67.74094,31.41478],[67.75032,31.41364],[67.76041,31.40747],[67.76401,31.40343],[67.77134,31.39994],[67.77831,31.39117],[67.78579,31.37463],[67.78985,31.35662],[67.78545,31.34392],[67.77408,31.33287],[67.76277,31.32756],[67.7313,31.32325],[67.71774,31.32343],[67.7071,31.32024],[67.69172,31.31369],[67.65832,31.29155],[67.62042,31.27639],[67.60294,31.27275],[67.59063,31.27404],[67.57466,31.27295],[67.571,31.27079],[67.53924,31.26356],[67.49067,31.24214],[67.4451,31.233],[67.44832,31.22738],[67.45478,31.22615],[67.46231,31.21233],[67.47664,31.20435],[67.50302,31.20503],[67.5154,31.2091],[67.53212,31.211],[67.55476,31.20936],[67.56297,31.20454],[67.57274,31.19302],[67.58609,31.16294],[67.59156,31.15934],[67.59686,31.1589],[67.62701,31.16347],[67.63984,31.16315],[67.64753,31.16116],[67.67078,31.15038],[67.6928,31.14971],[67.69947,31.14676],[67.71143,31.14735],[67.72693,31.14342],[67.73619,31.14316],[67.76068,31.14805],[67.78697,31.14669],[67.79953,31.14739],[67.81577,31.15081],[67.81873,31.14996],[67.82131,31.14707],[67.82069,31.14279],[67.80864,31.12627],[67.81487,31.11752],[67.81478,31.11441],[67.804,31.10494],[67.79843,31.09098],[67.79289,31.08625],[67.7843,31.08319],[67.77122,31.08091],[67.75632,31.0813],[67.75114,31.0781],[67.75185,31.07295],[67.76157,31.06708],[67.76161,31.06025],[67.7527,31.04289],[67.74178,31.02815],[67.6958,30.99894],[67.6466,30.96132],[67.63822,30.95383],[67.62009,30.92837],[67.6051,30.91643],[67.58708,30.90785],[67.57322,30.89797],[67.55579,30.89414],[67.50948,30.8762],[67.47727,30.8744],[67.47006,30.87226],[67.4637,30.85997],[67.45027,30.84862],[67.44334,30.835],[67.44438,30.82946],[67.45477,30.82172],[67.47073,30.81921],[67.47436,30.81715],[67.47763,30.81337],[67.47929,30.79441],[67.4744,30.78178],[67.46626,30.77442],[67.4642,30.77071],[67.46438,30.74203],[67.46299,30.73859],[67.45555,30.73266],[67.43507,30.72344],[67.42839,30.71259],[67.4308,30.70768],[67.43489,30.70707],[67.45631,30.70991],[67.4711,30.70801],[67.47754,30.69557],[67.4786,30.68033],[67.48315,30.67451],[67.48875,30.67098],[67.50069,30.66852],[67.51902,30.66799],[67.54608,30.67365],[67.57494,30.67371],[67.59032,30.67723],[67.60441,30.68363],[67.61043,30.68384],[67.62201,30.68022],[67.63717,30.68345],[67.64741,30.68248],[67.65613,30.68834],[67.66647,30.68818],[67.67104,30.68496],[67.67476,30.67111],[67.68464,30.66201],[67.68647,30.65771],[67.68315,30.64137],[67.68406,30.63704],[67.69151,30.62871],[67.6883,30.61778],[67.69896,30.6192],[67.73401,30.62348],[67.76451,30.62393],[67.78374,30.61698],[67.80418,30.61437],[67.81363,30.61552],[67.8923,30.64755],[67.91305,30.65282],[67.92338,30.65774],[67.93817,30.65672],[67.94177,30.6331],[67.94873,30.62552],[67.95044,30.61266],[67.95798,30.60192],[67.97156,30.59165],[67.9854,30.589],[67.99982,30.59693],[68.01172,30.60594],[68.066,30.61291],[68.08445,30.61133],[68.1151,30.61175],[68.13381,30.61412],[68.14686,30.6125],[68.14951,30.60872],[68.14961,30.60969],[68.16067,30.59479],[68.16466,30.58503],[68.17711,30.56823],[68.18373,30.56317],[68.19526,30.55749],[68.20602,30.5542],[68.23979,30.5477],[68.25289,30.54667],[68.25885,30.54774],[68.26742,30.55325],[68.28474,30.56021],[68.32002,30.571],[68.34481,30.58051],[68.3644,30.5847],[68.39474,30.58055],[68.40249,30.57019],[68.41017,30.56376],[68.42084,30.55932],[68.43451,30.55624],[68.44222,30.54784],[68.44614,30.54005],[68.45303,30.53556],[68.46136,30.53436],[68.46961,30.53839],[68.48,30.54964],[68.50159,30.5556],[68.54994,30.55883],[68.57038,30.55777],[68.57943,30.55919],[68.60269,30.57058],[68.6359,30.57555],[68.64423,30.57499],[68.67463,30.56554],[68.68292,30.56759],[68.68665,30.5709],[68.6927,30.57097],[68.69575,30.5697],[68.6981,30.56449],[68.70576,30.55804],[68.72021,30.55232],[68.74906,30.54413],[68.75672,30.53768],[68.76242,30.51157],[68.7677,30.50968],[68.79411,30.51258],[68.83924,30.52418],[68.88516,30.53902],[68.91971,30.55765],[68.94142,30.57615],[68.95952,30.58089],[68.99349,30.58643],[69.02188,30.59482],[69.0462,30.60845],[69.0649,30.62887],[69.08588,30.64865],[69.09793,30.65463],[69.1153,30.65869],[69.13194,30.66013],[69.14855,30.66483],[69.15382,30.66814],[69.15529,30.67272],[69.15377,30.67715],[69.14609,30.68377],[69.14124,30.69113]]]},"properties":{"district":"Killa Saifullah","province":"Balochistan","pcode":"PK215","pop_2023":380200,"area_km2":12403.9}},{"type":"Feature","geometry":{"type":"Polygon","coordinates":[[[69.646,29.68526],[69.63202,29.6927],[69.61485,29.69913],[69.59253,29.70521],[69.56761,29.70716],[69.5444,29.70611],[69.48978,29.69914],[69.47043,29.69507],[69.45279,29.68836],[69.43514,29.67828],[69.41151,29.65874],[69.39947,29.65351],[69.37626,29.64756],[69.36594,29.64158],[69.34788,29.63411],[69.32468,29.62552],[69.29675,29.61805],[69.27399,29.61283],[69.25552,29.61134],[69.22675,29.61885],[69.2113,29.62598],[69.19057,29.62996],[69.1472,29.66059],[69.12391,29.66906],[69.0988,29.68098],[69.09094,29.68607],[69.08254,29.69572],[69.0795,29.70309],[69.0605,29.72638],[69.06303,29.73562],[69.08234,29.74842],[69.13099,29.76541],[69.15067,29.77492],[69.16124,29.7933],[69.19517,29.81922],[69.24926,29.84651],[69.28146,29.86494],[69.29735,29.87096],[69.3281,29.87546],[69.33176,29.87772],[69.33444,29.88281],[69.3377,29.88529],[69.34614,29.88887],[69.38155,29.89412],[69.39167,29.8974],[69.39351,29.89988],[69.39578,29.91531],[69.40334,29.92328],[69.40458,29.92949],[69.42866,29.94264],[69.44469,29.95562],[69.45696,29.97014],[69.45819,29.97492],[69.47766,30.00385],[69.4772,30.00719],[69.46986,30.01355],[69.46857,30.01711],[69.47453,30.02359],[69.48841,30.03392],[69.48985,30.03711],[69.48765,30.05113],[69.49399,30.05715],[69.49892,30.06583],[69.49587,30.06974],[69.49236,30.07063],[69.47832,30.07084],[69.45234,30.06194],[69.44037,30.05994],[69.41975,30.05376],[69.40407,30.0448],[69.37031,30.02634],[69.35725,30.02866],[69.35313,30.02811],[69.35092,30.02583],[69.35401,30.01946],[69.35356,30.01625],[69.34172,30.01502],[69.3348,30.00865],[69.32515,30.00958],[69.32112,30.01375],[69.31145,30.01108],[69.26695,30.00881],[69.22283,30.00933],[69.17984,30.00786],[69.16108,30.00324],[69.14517,29.9894],[69.13222,29.99114],[69.11366,29.98527],[69.08935,29.9911],[69.07405,29.99215],[69.06528,29.98895],[69.04959,29.97917],[69.04072,29.97614],[69.01583,29.98107],[69.00839,29.98855],[68.9817,29.98577],[68.9724,30.0067],[68.96752,30.0125],[68.94437,30.02827],[68.94012,30.02773],[68.92376,30.01817],[68.90739,30.0123],[68.88494,30.008],[68.85524,29.99679],[68.82088,29.96169],[68.80456,29.94894],[68.7858,29.93936],[68.75977,29.92868],[68.72279,29.92216],[68.68581,29.91827],[68.62516,29.91477],[68.59785,29.91619],[68.57238,29.91392],[68.55538,29.9154],[68.53403,29.92952],[68.49384,29.94404],[68.47991,29.95098],[68.40944,30.01609],[68.40099,29.97314],[68.39641,29.95796],[68.39828,29.9364],[68.39783,29.91339],[68.40256,29.9057],[68.44357,29.88063],[68.45801,29.87623],[68.47268,29.86625],[68.52072,29.84103],[68.53653,29.83697],[68.54864,29.83183],[68.56814,29.82885],[68.57348,29.8255],[68.57597,29.82216],[68.57714,29.81466],[68.56354,29.78289],[68.56278,29.77536],[68.56518,29.75582],[68.57146,29.74211],[68.57244,29.73254],[68.56774,29.72911],[68.56241,29.72133],[68.55689,29.70878],[68.5405,29.69388],[68.4858,29.67011],[68.45714,29.65945],[68.45146,29.65406],[68.43208,29.62404],[68.42561,29.62145],[68.39922,29.62184],[68.3175,29.6274],[68.26564,29.62849],[68.2601,29.62626],[68.24883,29.61705],[68.24214,29.60307],[68.223,29.5901],[68.19968,29.58678],[68.19368,29.58457],[68.18553,29.57327],[68.17899,29.55597],[68.16644,29.53606],[68.12541,29.45737],[68.09713,29.42219],[68.09907,29.41916],[68.11968,29.41144],[68.15208,29.40301],[68.17728,29.37445],[68.21684,29.34458],[68.24296,29.33019],[68.27747,29.30479],[68.34329,29.26384],[68.3913,29.24315],[68.44031,29.22454],[68.4797,29.21744],[68.4865,29.21745],[68.53372,29.23429],[68.59638,29.2487],[68.62844,29.2584],[68.66069,29.26408],[68.69768,29.26348],[68.71196,29.26189],[68.80485,29.24804],[68.85398,29.23831],[68.90336,29.22508],[68.9205,29.22275],[68.93823,29.22416],[68.96403,29.23405],[68.97666,29.241],[68.98674,29.25047],[68.99879,29.25642],[69.01643,29.26061],[69.04817,29.26018],[69.09529,29.25062],[69.11728,29.24747],[69.12707,29.24741],[69.14388,29.24805],[69.18746,29.25953],[69.19866,29.26517],[69.20582,29.27109],[69.22494,29.29626],[69.23975,29.31896],[69.25653,29.33687],[69.27335,29.34581],[69.30765,29.35276],[69.32577,29.36038],[69.34301,29.37276],[69.3555,29.38819],[69.36708,29.39937],[69.38638,29.40923],[69.45204,29.43772],[69.4662,29.44686],[69.48746,29.46844],[69.49564,29.48065],[69.50021,29.49103],[69.50254,29.50514],[69.49976,29.51225],[69.49665,29.51572],[69.49037,29.51804],[69.46775,29.52101],[69.4466,29.52772],[69.43661,29.53207],[69.42923,29.53866],[69.42613,29.5437],[69.4261,29.56673],[69.43088,29.58273],[69.44052,29.59693],[69.47134,29.62823],[69.51599,29.66189],[69.55979,29.67683],[69.56843,29.6785],[69.5937,29.67699],[69.60918,29.67482],[69.6289,29.66872],[69.646,29.68526]]]},"properties":{"district":"Kohlu","province":"Balochistan","pcode":"PK216","pop_2023":260220,"area_km2":7728.1}},{"type":"Feature","geometry":{"type":"MultiPolygon","coordinates":[[[[67.32097,25.64045],[67.32115,25.64919],[67.33714,25.70605],[67.34668,25.72389],[67.35797,25.74002],[67.37983,25.76822],[67.40291,25.7923],[67.41099,25.80849],[67.41314,25.81836],[67.41464,25.82825],[67.40131,25.86813],[67.39904,25.88275],[67.40244,25.89086],[67.40411,25.90833],[67.40529,25.9625],[67.41718,26.03462],[67.42677,26.05954],[67.42756,26.06594],[67.42642,26.07296],[67.42204,26.08004],[67.41315,26.08719],[67.38768,26.13606],[67.37235,26.14566],[67.3595,26.14997],[67.35077,26.16529],[67.34567,26.17873],[67.33787,26.20804],[67.32844,26.22162],[67.30798,26.26631],[67.28732,26.30167],[67.26556,26.34696],[67.24606,26.37704],[67.22516,26.41471],[67.21375,26.42832],[67.2037,26.44599],[67.18964,26.4573],[67.17758,26.4715],[67.15108,26.54605],[67.13844,26.59937],[67.13103,26.61992],[67.12872,26.63572],[67.12379,26.6531],[67.12188,26.65546],[67.11472,26.65498],[67.07265,26.63108],[67.02547,26.61016],[66.97887,26.58455],[66.96701,26.57537],[66.96433,26.57073],[66.96421,26.56373],[66.97737,26.54207],[66.98048,26.53386],[66.98585,26.50635],[66.99934,26.4974],[67.00809,26.47801],[67.02326,26.45503],[67.03663,26.44025],[67.04663,26.41851],[67.05736,26.40201],[67.0694,26.38607],[67.08032,26.38008],[67.08414,26.37593],[67.10001,26.31276],[67.10246,26.30455],[67.10685,26.2969],[67.11063,26.291],[67.1164,26.28742],[67.14408,26.27766],[67.14661,26.2747],[67.14908,26.19939],[67.14826,26.19065],[67.14272,26.1709],[67.13898,26.07357],[67.13614,26.06019],[67.11896,26.00562],[67.11871,25.99221],[67.12642,25.95477],[67.13185,25.89987],[67.13009,25.87663],[67.13496,25.86139],[67.13487,25.85681],[67.13415,25.85207],[67.13083,25.84746],[67.12033,25.83771],[67.11827,25.83074],[67.11809,25.82083],[67.12205,25.79103],[67.12054,25.7794],[67.11583,25.76839],[67.10265,25.75285],[67.09285,25.74542],[67.06057,25.74181],[67.05284,25.74193],[67.04386,25.74439],[67.02189,25.74062],[66.99859,25.73454],[66.97496,25.7354],[66.97367,25.74516],[66.97001,25.74649],[66.97442,25.75463],[66.9781,25.76634],[66.97806,25.78435],[66.96505,25.82411],[66.95322,25.85268],[66.94796,25.88375],[66.93675,25.92154],[66.92916,25.9398],[66.9157,25.96193],[66.90256,25.98847],[66.89148,26.02026],[66.88211,26.05245],[66.87908,26.08203],[66.86823,26.12064],[66.84733,26.18507],[66.84099,26.21854],[66.83457,26.24124],[66.82934,26.25314],[66.82146,26.26418],[66.81187,26.27317],[66.78193,26.32418],[66.77952,26.33053],[66.77413,26.37606],[66.75906,26.45066],[66.75645,26.46153],[66.75322,26.46657],[66.74471,26.46876],[66.73166,26.45844],[66.71239,26.46118],[66.70774,26.46007],[66.70473,26.45639],[66.70569,26.44639],[66.70311,26.44332],[66.69819,26.44361],[66.69137,26.44825],[66.68826,26.44818],[66.68433,26.44528],[66.67149,26.44256],[66.65456,26.44215],[66.63019,26.43755],[66.62168,26.43084],[66.617,26.42347],[66.61552,26.41391],[66.61339,26.4106],[66.60618,26.40621],[66.59012,26.43939],[66.57044,26.45617],[66.56108,26.45951],[66.54971,26.45938],[66.53772,26.4519],[66.52837,26.44936],[66.51715,26.44933],[66.51059,26.45268],[66.50685,26.45267],[66.49378,26.44675],[66.48165,26.43747],[66.4714,26.42651],[66.46673,26.4265],[66.45643,26.42899],[66.43114,26.43985],[66.41144,26.4566],[66.40207,26.46078],[66.38752,26.46116],[66.37721,26.46533],[66.32948,26.4702],[66.32011,26.47352],[66.30977,26.48441],[66.30134,26.4869],[66.29205,26.49268],[66.28818,26.49778],[66.28444,26.49776],[66.2639,26.48842],[66.25184,26.4799],[66.2341,26.4639],[66.23228,26.45632],[66.23074,26.39914],[66.22709,26.38482],[66.21969,26.37134],[66.2132,26.36374],[66.18522,26.34946],[66.17592,26.34184],[66.17037,26.33425],[66.16762,26.32667],[66.16684,26.30241],[66.16235,26.27536],[66.16244,26.26107],[66.16442,26.24343],[66.16918,26.22916],[66.19278,26.18642],[66.20133,26.16125],[66.21403,26.07819],[66.21978,26.05778],[66.2246,26.02447],[66.23801,25.96067],[66.24846,25.92208],[66.25327,25.89354],[66.25898,25.87088],[66.26002,25.84988],[66.25731,25.83727],[66.24902,25.82379],[66.24079,25.8011],[66.21695,25.74891],[66.19687,25.69255],[66.18128,25.66308],[66.16385,25.63444],[66.14098,25.58729],[66.08646,25.49903],[66.06996,25.47626],[66.04034,25.45169],[66.0285,25.44998],[66.01922,25.45328],[65.99406,25.47409],[65.97174,25.48485],[65.96804,25.48482],[65.94498,25.47543],[65.93572,25.47536],[65.91992,25.48112],[65.90959,25.49699],[65.90216,25.49945],[65.8883,25.49683],[65.87643,25.4884],[65.8625,25.48235],[65.84862,25.4814],[65.83007,25.48461],[65.74955,25.51509],[65.73843,25.51499],[65.71164,25.50887],[65.68395,25.50021],[65.62771,25.47952],[65.57624,25.44878],[65.54496,25.43418],[65.52279,25.43058],[65.50889,25.43211],[65.49958,25.43621],[65.49676,25.43953],[65.4985,25.44795],[65.52335,25.45829],[65.53344,25.46595],[65.53704,25.47355],[65.53786,25.48195],[65.54147,25.48871],[65.5479,25.49297],[65.5497,25.49719],[65.54401,25.5072],[65.543,25.51391],[65.54457,25.53575],[65.53781,25.55667],[65.51726,25.56904],[65.51537,25.57238],[65.51528,25.5791],[65.518,25.58332],[65.51791,25.59004],[65.50375,25.6092],[65.50281,25.6132],[65.50272,25.61674],[65.51615,25.63002],[65.53098,25.6328],[65.53178,25.64027],[65.52709,25.64442],[65.52705,25.64777],[65.53776,25.6798],[65.53585,25.68398],[65.53118,25.68645],[65.52561,25.68639],[65.51919,25.68044],[65.50355,25.67103],[65.46561,25.66305],[65.45641,25.65791],[65.43073,25.63662],[65.40207,25.62788],[65.38823,25.62604],[65.38171,25.62764],[65.37431,25.62671],[65.35681,25.6181],[65.34858,25.61045],[65.34682,25.60455],[65.34976,25.59367],[65.34702,25.59111],[65.33868,25.59101],[65.33491,25.59516],[65.32273,25.60341],[65.30531,25.60991],[65.30038,25.60984],[65.30285,25.59939],[65.3006,25.59557],[65.28947,25.59543],[65.28208,25.59365],[65.27016,25.58594],[65.25752,25.56395],[65.24928,25.55796],[65.24464,25.55874],[65.23991,25.56456],[65.23334,25.56867],[65.22732,25.56943],[65.22228,25.566],[65.20937,25.56163],[65.20315,25.55727],[65.20679,25.54107],[65.20839,25.50644],[65.2074,25.47339],[65.209,25.43797],[65.20757,25.41938],[65.20403,25.40051],[65.20572,25.38949],[65.21519,25.37214],[65.23862,25.35345],[65.23809,25.34442],[65.24047,25.34635],[65.2485,25.37392],[65.25142,25.37908],[65.25515,25.38218],[65.26855,25.38513],[65.28677,25.38434],[65.29862,25.38616],[65.3102,25.38484],[65.31893,25.39675],[65.31721,25.38684],[65.31892,25.38505],[65.33067,25.38477],[65.33805,25.38053],[65.34355,25.38079],[65.36195,25.38877],[65.37106,25.39025],[65.40649,25.38211],[65.43797,25.38275],[65.44429,25.38075],[65.45247,25.3826],[65.45741,25.38074],[65.46519,25.38131],[65.48901,25.3749],[65.50573,25.3761],[65.51398,25.38066],[65.51984,25.38679],[65.5398,25.42017],[65.54352,25.41986],[65.53805,25.40665],[65.53638,25.39529],[65.53177,25.38337],[65.52634,25.37768],[65.517,25.37202],[65.51778,25.37039],[65.52171,25.36994],[65.52894,25.37237],[65.61121,25.35254],[65.62411,25.35208],[65.63576,25.34948],[65.64098,25.35055],[65.66566,25.36171],[65.69806,25.36213],[65.72003,25.37231],[65.74103,25.37952],[65.76372,25.38095],[65.77301,25.38346],[65.77727,25.38553],[65.78485,25.39402],[65.79234,25.39602],[65.816,25.41358],[65.83869,25.41939],[65.85913,25.42008],[65.90364,25.41345],[65.92694,25.41217],[65.94245,25.41472],[65.95495,25.41317],[65.99596,25.42058],[66.01435,25.42095],[66.01772,25.42255],[66.01917,25.42554],[66.01023,25.43373],[66.00916,25.43682],[66.01122,25.44129],[66.02402,25.43411],[66.02375,25.44371],[66.02724,25.44281],[66.03157,25.43485],[66.03236,25.42861],[66.03428,25.42702],[66.03913,25.4266],[66.06616,25.43318],[66.09213,25.44263],[66.12554,25.45073],[66.15989,25.45383],[66.23407,25.46568],[66.27654,25.46783],[66.32191,25.46695],[66.35997,25.46013],[66.41743,25.44215],[66.45389,25.42562],[66.50591,25.40531],[66.5133,25.40455],[66.51988,25.40648],[66.52698,25.41198],[66.5284,25.41579],[66.51219,25.42791],[66.50617,25.42872],[66.49842,25.43218],[66.49496,25.43727],[66.49284,25.44784],[66.49646,25.45885],[66.51345,25.47414],[66.51442,25.48274],[66.51834,25.48749],[66.51743,25.49205],[66.49568,25.49935],[66.48711,25.50048],[66.47519,25.4996],[66.46833,25.4987],[66.45589,25.49424],[66.4407,25.48445],[66.43504,25.48276],[66.42653,25.48263],[66.41978,25.48884],[66.40958,25.49032],[66.40557,25.49246],[66.40424,25.49616],[66.40582,25.50626],[66.39626,25.50421],[66.39429,25.50664],[66.40038,25.51419],[66.39725,25.52159],[66.38829,25.52604],[66.36359,25.52275],[66.35796,25.52483],[66.35336,25.52945],[66.35052,25.5356],[66.34838,25.54659],[66.34285,25.55139],[66.33493,25.55316],[66.32643,25.55281],[66.31752,25.5466],[66.30878,25.54646],[66.30747,25.54494],[66.31659,25.54218],[66.31809,25.53973],[66.31405,25.53769],[66.28982,25.54339],[66.28482,25.54214],[66.27747,25.53725],[66.27412,25.53042],[66.26542,25.52484],[66.26227,25.51865],[66.25452,25.51249],[66.24913,25.50976],[66.24174,25.51029],[66.23342,25.5064],[66.22366,25.4991],[66.19563,25.48896],[66.18952,25.49142],[66.18222,25.49008],[66.17233,25.48549],[66.16296,25.48426],[66.14972,25.47744],[66.14399,25.47699],[66.14191,25.48171],[66.13844,25.48219],[66.12796,25.47549],[66.12204,25.47419],[66.12065,25.47894],[66.12148,25.48525],[66.11909,25.48703],[66.11565,25.48667],[66.10731,25.4788],[66.10083,25.47498],[66.0962,25.47562],[66.09185,25.47961],[66.09566,25.48604],[66.09972,25.48768],[66.10985,25.48768],[66.11275,25.48927],[66.11397,25.49705],[66.11703,25.50032],[66.12879,25.50436],[66.13275,25.50787],[66.13417,25.51169],[66.13068,25.52137],[66.13665,25.53081],[66.13189,25.53835],[66.13366,25.54427],[66.13892,25.54972],[66.15082,25.55565],[66.15613,25.55984],[66.16151,25.56717],[66.17463,25.57649],[66.18074,25.58322],[66.18456,25.59446],[66.19006,25.59928],[66.19641,25.60143],[66.21043,25.60221],[66.22363,25.59168],[66.22762,25.58996],[66.23221,25.59036],[66.23396,25.5921],[66.2345,25.59986],[66.23859,25.60107],[66.24238,25.59893],[66.2458,25.59949],[66.25426,25.60547],[66.26761,25.61041],[66.2743,25.61486],[66.2859,25.61784],[66.29689,25.62393],[66.30013,25.62364],[66.30397,25.61585],[66.31048,25.61006],[66.32774,25.61034],[66.34143,25.61778],[66.35778,25.61322],[66.36409,25.61618],[66.36756,25.61591],[66.37,25.61308],[66.36677,25.60856],[66.37254,25.59897],[66.37667,25.59913],[66.38023,25.60178],[66.3831,25.59479],[66.39909,25.58352],[66.40866,25.59017],[66.4364,25.59294],[66.4454,25.59727],[66.44913,25.60138],[66.45091,25.6073],[66.45026,25.61605],[66.45517,25.61938],[66.45935,25.6139],[66.45813,25.60571],[66.46011,25.60286],[66.4656,25.6037],[66.46704,25.6025],[66.47069,25.58886],[66.46521,25.57339],[66.46722,25.56991],[66.47063,25.57067],[66.47189,25.57323],[66.47099,25.57779],[66.47221,25.58118],[66.47995,25.58776],[66.4836,25.58372],[66.49297,25.58534],[66.4949,25.58333],[66.49174,25.57714],[66.49395,25.5743],[66.49948,25.57431],[66.50279,25.57736],[66.50287,25.58531],[66.50558,25.59126],[66.51052,25.59397],[66.51357,25.59785],[66.51008,25.60335],[66.51887,25.60745],[66.52036,25.62444],[66.52499,25.63381],[66.53021,25.64029],[66.53925,25.64419],[66.54215,25.64117],[66.53814,25.62847],[66.53271,25.62158],[66.53371,25.61973],[66.53897,25.62077],[66.54134,25.6194],[66.54295,25.61445],[66.53466,25.5901],[66.5312,25.58537],[66.52198,25.58062],[66.51588,25.56346],[66.52063,25.5557],[66.52858,25.54828],[66.52691,25.54466],[66.52886,25.54223],[66.54145,25.53896],[66.54674,25.53916],[66.55273,25.54378],[66.55761,25.53812],[66.55859,25.53189],[66.55567,25.50586],[66.55662,25.48584],[66.55503,25.48035],[66.55977,25.46277],[66.56001,25.45296],[66.57344,25.44596],[66.5882,25.43524],[66.5942,25.42502],[66.59232,25.42119],[66.58398,25.41753],[66.57828,25.41146],[66.57657,25.40387],[66.58204,25.38527],[66.5817,25.37774],[66.5794,25.37285],[66.57362,25.36865],[66.5704,25.36874],[66.56615,25.37108],[66.56272,25.37555],[66.56049,25.38883],[66.55527,25.39218],[66.55025,25.37193],[66.5501,25.36524],[66.55388,25.35828],[66.56322,25.35028],[66.61981,25.31945],[66.64717,25.29918],[66.67832,25.27111],[66.70826,25.23903],[66.73728,25.19645],[66.74201,25.18326],[66.7441,25.16746],[66.73859,25.14219],[66.7346,25.1341],[66.71923,25.11389],[66.71844,25.10091],[66.70979,25.09474],[66.70547,25.08893],[66.70415,25.08262],[66.70972,25.06591],[66.7122,25.03154],[66.70911,25.0239],[66.6965,25.004],[66.69379,24.99325],[66.69875,24.97484],[66.70036,24.94963],[66.69708,24.94617],[66.67906,24.93462],[66.67692,24.93141],[66.67545,24.92363],[66.67841,24.90891],[66.68693,24.89273],[66.69022,24.89077],[66.69846,24.89066],[66.70295,24.89269],[66.71488,24.90735],[66.74137,24.92803],[66.77264,24.95692],[66.78407,24.96533],[66.82233,24.98134],[66.83868,24.99364],[66.85739,25.00253],[66.91594,25.0137],[66.93824,25.02936],[67.00507,25.09781],[67.00953,25.10502],[67.00341,25.12706],[67.00833,25.16232],[67.03182,25.20103],[67.04138,25.20966],[67.06989,25.22598],[67.08972,25.24121],[67.09614,25.24917],[67.09817,25.25529],[67.11018,25.26714],[67.11105,25.27957],[67.12089,25.30002],[67.12609,25.30622],[67.13781,25.31524],[67.13462,25.31691],[67.13561,25.34455],[67.13906,25.35732],[67.15351,25.37515],[67.15884,25.38497],[67.16224,25.39541],[67.16035,25.43156],[67.16064,25.4467],[67.16332,25.45249],[67.18816,25.47483],[67.2011,25.49963],[67.20957,25.50532],[67.23158,25.51371],[67.24399,25.52341],[67.25533,25.54421],[67.25705,25.56574],[67.26292,25.56973],[67.28042,25.57643],[67.29212,25.58265],[67.30003,25.59184],[67.31136,25.61089],[67.32097,25.64045]]],[[[66.42353,25.52556],[66.41267,25.536],[66.42077,25.54467],[66.42155,25.54763],[66.41994,25.55216],[66.41631,25.55578],[66.40976,25.55803],[66.40056,25.55307],[66.39532,25.55202],[66.39361,25.54924],[66.39339,25.54421],[66.39669,25.53787],[66.40271,25.53246],[66.42255,25.52197],[66.42353,25.52556]]],[[[66.35378,25.55391],[66.35164,25.55989],[66.34776,25.56391],[66.34386,25.56355],[66.3428,25.56183],[66.34859,25.55621],[66.34948,25.55228],[66.35279,25.55053],[66.35378,25.55391]]],[[[66.38414,25.5545],[66.38729,25.56549],[66.38416,25.5685],[66.38074,25.56753],[66.37981,25.56311],[66.38143,25.55335],[66.38414,25.5545]]],[[[66.1936,25.5522],[66.19382,25.5568],[66.19723,25.56238],[66.20431,25.5681],[66.20618,25.57194],[66.2052,25.57316],[66.19693,25.56822],[66.189,25.5612],[66.16708,25.54838],[66.16336,25.54446],[66.1624,25.54066],[66.16501,25.5391],[66.16981,25.53993],[66.17676,25.54356],[66.18063,25.53975],[66.17986,25.5324],[66.18365,25.53005],[66.19549,25.53284],[66.19756,25.53731],[66.1936,25.5522]]],[[[66.38171,25.58074],[66.37531,25.58466],[66.3709,25.58992],[66.36942,25.58735],[66.37883,25.57853],[66.38171,25.58074]]],[[[66.36145,25.58536],[66.35425,25.59134],[66.35098,25.59225],[66.34998,25.58908],[66.35622,25.5841],[66.36086,25.58345],[66.36145,25.58536]]]]},"properties":{"district":"Lasbela","province":"Balochistan","pcode":"PK217","pop_2023":680977,"area_km2":14057.4}},{"type":"Feature","geometry":{"type":"Polygon","coordinates":[[[68.17728,29.37445],[68.16845,29.36601],[68.12274,29.34423],[68.10122,29.33886],[68.08649,29.34207],[68.06023,29.35668],[68.04458,29.36345],[68.02467,29.36518],[68.00059,29.37773],[67.99561,29.37826],[67.98382,29.3754],[67.97192,29.32237],[67.97034,29.30746],[67.96981,29.28632],[67.97952,29.20203],[67.98266,29.18804],[67.98325,29.17375],[67.98336,29.14555],[67.97919,29.12462],[67.97866,29.1059],[67.97608,29.1002],[67.96841,29.09232],[67.96007,29.0892],[67.95428,29.08956],[67.931,29.09455],[67.91766,29.10201],[67.90537,29.10541],[67.87865,29.11193],[67.84708,29.11644],[67.8214,29.12386],[67.77711,29.1424],[67.73356,29.14762],[67.73806,29.13536],[67.7355,29.11371],[67.74007,29.09894],[67.74075,29.09106],[67.73657,29.07908],[67.72558,29.05956],[67.71251,29.04093],[67.68883,29.01603],[67.67907,29.00012],[67.66306,28.95],[67.65318,28.93673],[67.64829,28.92413],[67.65018,28.90647],[67.65399,28.89589],[67.67558,28.85956],[67.68482,28.83817],[67.7099,28.83324],[67.72383,28.82747],[67.732,28.82253],[67.73612,28.81823],[67.73635,28.8143],[67.72771,28.80581],[67.70686,28.78993],[67.70248,28.77221],[67.70883,28.75211],[67.71583,28.73936],[67.72946,28.72165],[67.74298,28.70784],[67.74781,28.70006],[67.75405,28.66968],[67.77594,28.60811],[67.79649,28.61654],[67.82745,28.61784],[67.84344,28.61625],[67.85944,28.60868],[67.86543,28.60754],[67.8707,28.60882],[67.87347,28.61258],[67.87928,28.62892],[67.89053,28.64235],[67.89054,28.64646],[67.86569,28.66015],[67.86465,28.66536],[67.86858,28.67372],[67.87704,28.6821],[67.8963,28.69382],[67.92886,28.74661],[67.94629,28.76977],[67.95844,28.7808],[67.96623,28.78289],[67.96885,28.78091],[67.96944,28.77662],[67.96974,28.76277],[67.96714,28.74078],[67.96766,28.70573],[67.97078,28.70153],[67.98287,28.70095],[67.99436,28.70782],[68.00822,28.71279],[68.02373,28.72125],[68.03289,28.72988],[68.03383,28.74743],[68.0233,28.77175],[68.02346,28.77832],[68.03698,28.77824],[68.06876,28.78372],[68.08868,28.79245],[68.09808,28.79459],[68.11029,28.79961],[68.17484,28.83271],[68.19368,28.84017],[68.22881,28.85128],[68.23463,28.85504],[68.23793,28.85977],[68.25951,28.92871],[68.25903,28.93332],[68.25418,28.93574],[68.23652,28.93908],[68.22971,28.94358],[68.22723,28.94773],[68.23019,28.95342],[68.24804,28.96659],[68.25617,28.98175],[68.25945,28.98426],[68.28227,28.98881],[68.32332,29.00555],[68.38287,29.0495],[68.34821,29.09828],[68.33329,29.11622],[68.28949,29.16111],[68.28249,29.17012],[68.27949,29.17884],[68.2788,29.19217],[68.27942,29.20321],[68.2843,29.21508],[68.28936,29.22148],[68.29664,29.2262],[68.30686,29.22704],[68.31449,29.22612],[68.34317,29.21501],[68.37621,29.20538],[68.42507,29.20191],[68.46783,29.20644],[68.47701,29.21037],[68.4865,29.21745],[68.4797,29.21744],[68.44031,29.22454],[68.3913,29.24315],[68.34329,29.26384],[68.27747,29.30479],[68.24296,29.33019],[68.21684,29.34458],[68.17728,29.37445]]]},"properties":{"district":"Lehri","province":"Balochistan","pcode":"PK218","pop_2023":null,"area_km2":3285.3}},{"type":"Feature","geometry":{"type":"Polygon","coordinates":[[[69.56113,30.44837],[69.5492,30.4556],[69.52609,30.47941],[69.47381,30.51348],[69.4603,30.52401],[69.40901,30.54797],[69.38195,30.56902],[69.36358,30.58551],[69.34763,30.60867],[69.34044,30.61526],[69.32624,30.62105],[69.22462,30.62706],[69.21196,30.66118],[69.2108,30.67464],[69.20831,30.67998],[69.20355,30.68258],[69.18629,30.68558],[69.14124,30.69113],[69.14609,30.68377],[69.15377,30.67715],[69.15529,30.67272],[69.15382,30.66814],[69.14855,30.66483],[69.13194,30.66013],[69.1153,30.65869],[69.09793,30.65463],[69.08588,30.64865],[69.0649,30.62887],[69.0462,30.60845],[69.02188,30.59482],[68.99349,30.58643],[68.95952,30.58089],[68.94142,30.57615],[68.91971,30.55765],[68.88516,30.53902],[68.83924,30.52418],[68.79411,30.51258],[68.7677,30.50968],[68.76242,30.51157],[68.75672,30.53768],[68.74906,30.54413],[68.72021,30.55232],[68.70576,30.55804],[68.6981,30.56449],[68.69575,30.5697],[68.6927,30.57097],[68.68665,30.5709],[68.68292,30.56759],[68.67463,30.56554],[68.64423,30.57499],[68.6359,30.57555],[68.60269,30.57058],[68.57943,30.55919],[68.57038,30.55777],[68.54994,30.55883],[68.50159,30.5556],[68.48,30.54964],[68.46961,30.53839],[68.46136,30.53436],[68.45303,30.53556],[68.44614,30.54005],[68.44222,30.54784],[68.43451,30.55624],[68.42084,30.55932],[68.41017,30.56376],[68.40249,30.57019],[68.39474,30.58055],[68.3644,30.5847],[68.34481,30.58051],[68.32002,30.571],[68.28474,30.56021],[68.26742,30.55325],[68.25885,30.54774],[68.25289,30.54667],[68.23979,30.5477],[68.20602,30.5542],[68.19526,30.55749],[68.18373,30.56317],[68.17711,30.56823],[68.16466,30.58503],[68.16067,30.59479],[68.14961,30.60969],[68.14951,30.60872],[68.14686,30.6125],[68.13381,30.61412],[68.1151,30.61175],[68.08445,30.61133],[68.066,30.61291],[68.01172,30.60594],[67.99982,30.59693],[67.9854,30.589],[67.97156,30.59165],[67.95798,30.60192],[67.95044,30.61266],[67.94873,30.62552],[67.94177,30.6331],[67.93817,30.65672],[67.92338,30.65774],[67.91305,30.65282],[67.8923,30.64755],[67.81363,30.61552],[67.80418,30.61437],[67.78374,30.61698],[67.76451,30.62393],[67.73401,30.62348],[67.69896,30.6192],[67.70095,30.59349],[67.71774,30.56334],[67.73354,30.54826],[67.75991,30.5305],[67.78115,30.52038],[67.7821,30.51513],[67.78001,30.50368],[67.8339,30.50292],[67.84789,30.50405],[67.90761,30.49313],[67.93972,30.48942],[67.94996,30.48705],[67.9626,30.48016],[67.96648,30.48351],[67.9727,30.50259],[67.97868,30.50884],[67.98855,30.51522],[68.00847,30.52392],[68.02122,30.53645],[68.02728,30.54068],[68.03421,30.54292],[68.04517,30.5419],[68.05863,30.53692],[68.08429,30.53904],[68.09862,30.5426],[68.09807,30.54434],[68.11292,30.54462],[68.12717,30.54094],[68.13841,30.53122],[68.14355,30.5299],[68.14397,30.52868],[68.17598,30.52706],[68.22662,30.52908],[68.23475,30.52055],[68.23257,30.47599],[68.24108,30.45735],[68.25519,30.45506],[68.28192,30.45637],[68.30418,30.45485],[68.31063,30.44897],[68.31892,30.43572],[68.32159,30.42703],[68.31958,30.41821],[68.31005,30.40243],[68.30875,30.39565],[68.31445,30.38907],[68.33023,30.38345],[68.35685,30.38015],[68.39037,30.37839],[68.41829,30.38118],[68.44758,30.38939],[68.47181,30.38668],[68.51896,30.38649],[68.52407,30.38403],[68.52346,30.3793],[68.51282,30.37081],[68.4976,30.36174],[68.48334,30.34721],[68.48118,30.34244],[68.48132,30.3384],[68.48956,30.32581],[68.49213,30.31914],[68.49239,30.31173],[68.49651,30.30449],[68.50175,30.30006],[68.50964,30.2969],[68.53229,30.29413],[68.56658,30.29234],[68.57057,30.28941],[68.57178,30.27697],[68.57809,30.27444],[68.5945,30.27217],[68.59993,30.26606],[68.62741,30.26832],[68.64514,30.27282],[68.65839,30.27181],[68.68506,30.26507],[68.71675,30.27058],[68.76181,30.2717],[68.76792,30.27523],[68.79327,30.28461],[68.87028,30.28377],[68.88416,30.28747],[68.91357,30.29221],[68.94308,30.29357],[68.99578,30.2995],[69.00421,30.30373],[69.01991,30.32498],[69.08836,30.34904],[69.15857,30.37011],[69.20468,30.39131],[69.21079,30.39078],[69.22511,30.38432],[69.23852,30.37786],[69.24888,30.36932],[69.28983,30.35128],[69.31336,30.34435],[69.36172,30.33992],[69.38644,30.34647],[69.41748,30.34977],[69.44938,30.34971],[69.47716,30.359],[69.52632,30.40662],[69.54068,30.4244],[69.5536,30.43745],[69.56113,30.44837]]]},"properties":{"district":"Loralai","province":"Balochistan","pcode":"PK219","pop_2023":272432,"area_km2":3796.6}},{"type":"Feature","geometry":{"type":"Polygon","coordinates":[[[67.12471,29.94425],[67.10801,29.95543],[67.09583,29.95772],[67.09174,29.9644],[67.08885,29.96629],[67.08002,29.96671],[67.07146,29.96231],[67.06097,29.95137],[67.05468,29.94787],[67.04328,29.95261],[67.03306,29.96103],[67.02205,29.967],[67.0122,29.96899],[66.99529,29.98075],[66.98685,29.98239],[66.96069,29.98005],[66.96008,29.9982],[66.95745,30.01373],[66.9482,30.04723],[66.94235,30.04615],[66.9154,30.04891],[66.89352,30.05642],[66.88757,30.05654],[66.86017,30.03614],[66.84478,30.027],[66.82114,30.02464],[66.81434,30.02657],[66.80886,30.0306],[66.80717,30.03595],[66.80743,30.04554],[66.8097,30.0513],[66.82819,30.05601],[66.83476,30.06093],[66.83504,30.06927],[66.82937,30.07527],[66.82539,30.07697],[66.80685,30.07946],[66.79754,30.08515],[66.79585,30.09003],[66.79502,30.11158],[66.79267,30.11617],[66.78981,30.11807],[66.75022,30.12626],[66.74256,30.13197],[66.72995,30.14831],[66.72164,30.15257],[66.71335,30.15424],[66.69614,30.15326],[66.68957,30.14805],[66.68335,30.13967],[66.65475,30.0817],[66.62312,30.02284],[66.61544,29.99721],[66.61167,29.97677],[66.60232,29.95285],[66.59253,29.94013],[66.57781,29.92593],[66.56673,29.91119],[66.56984,29.89141],[66.56803,29.87358],[66.55279,29.84702],[66.5454,29.82799],[66.53136,29.81437],[66.52413,29.81144],[66.50534,29.80985],[66.48219,29.81483],[66.47297,29.81876],[66.46292,29.82732],[66.44952,29.84531],[66.43361,29.85405],[66.42042,29.85365],[66.39803,29.84885],[66.37958,29.84667],[66.34944,29.8553],[66.33061,29.85627],[66.31612,29.8544],[66.29206,29.86065],[66.26806,29.87281],[66.25805,29.86062],[66.26912,29.85457],[66.30286,29.8464],[66.30646,29.84327],[66.30779,29.83786],[66.3075,29.82759],[66.30425,29.82075],[66.29381,29.8116],[66.28379,29.79908],[66.28023,29.78909],[66.2783,29.77712],[66.27808,29.74691],[66.28012,29.73547],[66.28664,29.7284],[66.28796,29.7247],[66.28579,29.69767],[66.29138,29.68629],[66.29179,29.66064],[66.29639,29.65096],[66.30295,29.64357],[66.31048,29.63902],[66.31246,29.6319],[66.29812,29.60401],[66.29494,29.57978],[66.2774,29.55608],[66.26373,29.54521],[66.26213,29.53723],[66.26286,29.51728],[66.258,29.49367],[66.24827,29.47968],[66.23956,29.45657],[66.22725,29.43859],[66.22597,29.43288],[66.22079,29.42546],[66.21661,29.4112],[66.19278,29.38424],[66.21869,29.37311],[66.2605,29.35229],[66.2992,29.34032],[66.32709,29.33691],[66.3421,29.3371],[66.3645,29.34167],[66.37962,29.35209],[66.38838,29.36963],[66.39166,29.38192],[66.39227,29.40758],[66.40726,29.44628],[66.42026,29.46719],[66.4434,29.49635],[66.45096,29.5083],[66.48872,29.55123],[66.52845,29.58829],[66.55472,29.60666],[66.58271,29.62356],[66.59546,29.62846],[66.61037,29.62854],[66.61592,29.62708],[66.62929,29.61963],[66.6339,29.61565],[66.63778,29.60823],[66.64472,29.58968],[66.64316,29.56966],[66.63744,29.55326],[66.62945,29.53835],[66.62864,29.53128],[66.61737,29.49887],[66.61457,29.47358],[66.61592,29.46243],[66.6198,29.45538],[66.62536,29.45058],[66.63901,29.4447],[66.6454,29.44362],[66.6628,29.4478],[66.67338,29.45789],[66.68899,29.47878],[66.70931,29.49772],[66.71614,29.49682],[66.72269,29.50122],[66.78731,29.56085],[66.80321,29.56605],[66.80831,29.56628],[66.83338,29.56072],[66.85867,29.54873],[66.86444,29.5449],[66.8685,29.5339],[66.86708,29.52192],[66.86096,29.50301],[66.85126,29.48692],[66.82623,29.45635],[66.81612,29.44024],[66.81578,29.43166],[66.81766,29.42876],[66.82336,29.42604],[66.8298,29.42522],[66.86671,29.42765],[66.88352,29.43139],[66.91649,29.43586],[66.93948,29.44323],[66.95089,29.44486],[66.96026,29.4449],[66.99164,29.43997],[67.00703,29.43916],[67.04185,29.43362],[67.06221,29.433],[67.06805,29.43512],[67.07079,29.43934],[67.07226,29.4584],[67.07423,29.46109],[67.08172,29.45695],[67.08813,29.45649],[67.09094,29.45959],[67.0929,29.4701],[67.11835,29.49468],[67.12307,29.50159],[67.12452,29.50612],[67.12368,29.51182],[67.12174,29.525],[67.12502,29.53482],[67.1496,29.55265],[67.15617,29.55894],[67.17553,29.56941],[67.18755,29.57957],[67.1923,29.5861],[67.19249,29.6133],[67.19492,29.62309],[67.20015,29.6289],[67.20867,29.64454],[67.22327,29.6582],[67.26346,29.68039],[67.27159,29.68781],[67.2766,29.69775],[67.27681,29.70162],[67.27459,29.7032],[67.26387,29.70387],[67.25685,29.7073],[67.24639,29.71878],[67.23316,29.72483],[67.21928,29.72871],[67.19992,29.73869],[67.18514,29.74328],[67.18152,29.74685],[67.17658,29.75856],[67.1725,29.76286],[67.16425,29.76511],[67.15842,29.76943],[67.14869,29.7909],[67.14597,29.80121],[67.14093,29.85869],[67.13712,29.87306],[67.12709,29.89908],[67.11504,29.92278],[67.11464,29.92984],[67.11759,29.93817],[67.12471,29.94425]]]},"properties":{"district":"Mastung","province":"Balochistan","pcode":"PK220","pop_2023":313271,"area_km2":4712.7}},{"type":"Feature","geometry":{"type":"Polygon","coordinates":[[[70.28751,31.1655],[70.26737,31.18876],[70.26248,31.20112],[70.26846,31.2066],[70.27025,31.2134],[70.25766,31.22374],[70.25712,31.2281],[70.25885,31.23489],[70.27007,31.24324],[70.2718,31.25002],[70.26786,31.27686],[70.26634,31.32662],[70.27863,31.39753],[70.27646,31.43177],[70.26749,31.46002],[70.26079,31.50746],[70.24559,31.50855],[70.22357,31.48561],[70.20361,31.4769],[70.19241,31.46917],[70.17401,31.44549],[70.17104,31.44372],[70.1543,31.44236],[70.14959,31.4338],[70.14234,31.43402],[70.13663,31.43605],[70.13365,31.43428],[70.13125,31.42876],[70.12902,31.42758],[70.1247,31.42833],[70.11841,31.43411],[70.11385,31.44668],[70.1009,31.44955],[70.0958,31.44908],[70.09475,31.44103],[70.09767,31.42355],[70.09737,31.4161],[70.09505,31.41244],[70.08105,31.40726],[70.07874,31.4036],[70.07756,31.39245],[70.07304,31.38824],[70.05714,31.38958],[70.05242,31.39835],[70.02717,31.35897],[70.02856,31.35575],[70.02733,31.33531],[70.03168,31.32228],[70.03452,31.31975],[70.03194,31.31754],[70.03255,31.3141],[70.028,31.31213],[70.02813,31.30156],[69.99525,31.28682],[69.97409,31.29343],[69.97024,31.28977],[69.96152,31.28841],[69.95796,31.27883],[69.9555,31.2776],[69.95599,31.27563],[69.93043,31.2478],[69.92232,31.25499],[69.89933,31.2604],[69.88668,31.2658],[69.88102,31.27268],[69.85976,31.27662],[69.85263,31.27563],[69.83929,31.28701],[69.83187,31.28878],[69.8272,31.28657],[69.82634,31.29038],[69.82927,31.29687],[69.82843,31.29774],[69.82388,31.2937],[69.81786,31.29505],[69.81663,31.29259],[69.81061,31.2921],[69.80864,31.28743],[69.80594,31.28534],[69.79832,31.28817],[69.78996,31.28497],[69.78861,31.28092],[69.78615,31.27957],[69.78664,31.27613],[69.78332,31.27072],[69.7789,31.26974],[69.77497,31.26519],[69.76919,31.26371],[69.76206,31.25364],[69.75875,31.26027],[69.75223,31.26556],[69.74461,31.26507],[69.73159,31.26752],[69.71963,31.27356],[69.71839,31.26577],[69.69626,31.24703],[69.69427,31.24272],[69.69804,31.23489],[69.71622,31.22388],[69.71634,31.21962],[69.71302,31.21224],[69.70007,31.19492],[69.69623,31.18144],[69.70281,31.15116],[69.70484,31.13052],[69.6977,31.10906],[69.69923,31.10544],[69.70427,31.10251],[69.71628,31.10339],[69.72377,31.10142],[69.72426,31.09687],[69.71668,31.09001],[69.70315,31.06902],[69.70497,31.05567],[69.71295,31.04916],[69.7315,31.03811],[69.73163,31.03385],[69.72287,31.01905],[69.71916,31.00132],[69.71823,30.98487],[69.7128,30.97745],[69.69219,30.95752],[69.67463,30.93035],[69.67487,30.92245],[69.67297,30.9151],[69.65601,30.8922],[69.63536,30.84679],[69.62517,30.83378],[69.57575,30.78882],[69.5691,30.77589],[69.56429,30.77152],[69.5566,30.76951],[69.54966,30.7657],[69.5373,30.75506],[69.53188,30.74824],[69.53489,30.74223],[69.53506,30.73675],[69.52697,30.725],[69.52652,30.71723],[69.5294,30.71532],[69.53047,30.70379],[69.52847,30.70009],[69.52952,30.68916],[69.52566,30.67944],[69.53036,30.66302],[69.51901,30.64328],[69.51141,30.634],[69.47353,30.60693],[69.4642,30.59088],[69.46047,30.57558],[69.46253,30.55555],[69.46865,30.54049],[69.48418,30.53904],[69.49293,30.53195],[69.49707,30.53205],[69.51157,30.54091],[69.51645,30.54225],[69.52067,30.54235],[69.52784,30.53826],[69.52791,30.52488],[69.53527,30.51471],[69.53382,30.50494],[69.54022,30.50266],[69.55221,30.50172],[69.55803,30.49578],[69.55683,30.48906],[69.54793,30.47904],[69.5472,30.46995],[69.55065,30.46218],[69.56113,30.44837],[69.57441,30.44546],[69.58344,30.44522],[69.5905,30.44193],[69.61021,30.43086],[69.63247,30.41102],[69.65253,30.4105],[69.65596,30.40606],[69.64735,30.38565],[69.64742,30.38381],[69.65181,30.37977],[69.65576,30.37998],[69.65874,30.383],[69.66236,30.38415],[69.66595,30.38405],[69.68695,30.36983],[69.70461,30.36252],[69.70963,30.36239],[69.71334,30.36602],[69.71645,30.37276],[69.71936,30.37393],[69.73414,30.36608],[69.73897,30.36098],[69.73954,30.35838],[69.74084,30.35668],[69.75553,30.35323],[69.76071,30.35021],[69.76563,30.34224],[69.76891,30.31373],[69.77405,30.30546],[69.78006,30.29905],[69.8012,30.29107],[69.8185,30.29098],[69.82457,30.29245],[69.84065,30.30249],[69.8658,30.31022],[69.87323,30.32068],[69.8802,30.32739],[69.88629,30.33111],[69.89626,30.3333],[69.92656,30.33387],[69.96117,30.32264],[69.96912,30.33341],[69.97443,30.34676],[69.99345,30.38118],[69.99661,30.39828],[69.99649,30.43654],[69.99777,30.44563],[70.00195,30.45657],[70.00475,30.46058],[70.01872,30.47229],[70.03894,30.49549],[70.04833,30.51685],[70.07778,30.57369],[70.08563,30.59292],[70.09483,30.62873],[70.09489,30.64182],[70.09222,30.66056],[70.08705,30.67744],[70.08714,30.69296],[70.08872,30.6975],[70.09839,30.70762],[70.10349,30.73221],[70.106,30.73568],[70.11191,30.73913],[70.1264,30.73849],[70.14127,30.73574],[70.15305,30.73595],[70.15616,30.73727],[70.15992,30.74341],[70.16319,30.76827],[70.16819,30.77467],[70.17068,30.77626],[70.2011,30.77771],[70.20669,30.77929],[70.21262,30.78514],[70.21577,30.79021],[70.22079,30.82789],[70.22398,30.84045],[70.2268,30.84311],[70.25784,30.8432],[70.26436,30.8437],[70.26717,30.84529],[70.2707,30.85999],[70.2695,30.86534],[70.26734,30.8675],[70.25558,30.87238],[70.25256,30.88283],[70.26376,30.92529],[70.26547,30.94481],[70.26466,30.99994],[70.26837,31.03385],[70.26997,31.04026],[70.28257,31.05918],[70.28764,31.06959],[70.29438,31.09524],[70.29274,31.15946],[70.28751,31.1655]]]},"properties":{"district":"Musakhel","province":"Balochistan","pcode":"PK221","pop_2023":182275,"area_km2":5900.7}},{"type":"Feature","geometry":{"type":"Polygon","coordinates":[[[68.44818,28.67401],[68.44361,28.687],[68.43957,28.72032],[68.44086,28.75989],[68.43503,28.81556],[68.41442,28.88797],[68.41283,28.91989],[68.41329,28.94719],[68.41552,28.96587],[68.41429,28.97301],[68.41261,28.98101],[68.40697,28.98781],[68.40479,28.99322],[68.39993,29.01595],[68.39028,29.0379],[68.38287,29.0495],[68.32332,29.00555],[68.28227,28.98881],[68.25945,28.98426],[68.25617,28.98175],[68.24804,28.96659],[68.23019,28.95342],[68.22723,28.94773],[68.22971,28.94358],[68.23652,28.93908],[68.25418,28.93574],[68.25903,28.93332],[68.25951,28.92871],[68.23793,28.85977],[68.23463,28.85504],[68.22881,28.85128],[68.19368,28.84017],[68.17484,28.83271],[68.11029,28.79961],[68.09808,28.79459],[68.08868,28.79245],[68.06876,28.78372],[68.03698,28.77824],[68.02346,28.77832],[68.0233,28.77175],[68.03383,28.74743],[68.03289,28.72988],[68.02373,28.72125],[68.00822,28.71279],[67.99436,28.70782],[67.98287,28.70095],[67.97078,28.70153],[67.96766,28.70573],[67.96714,28.74078],[67.96974,28.76277],[67.96944,28.77662],[67.96885,28.78091],[67.96623,28.78289],[67.95844,28.7808],[67.94629,28.76977],[67.92886,28.74661],[67.8963,28.69382],[67.87704,28.6821],[67.86858,28.67372],[67.86465,28.66536],[67.86569,28.66015],[67.89054,28.64646],[67.89053,28.64235],[67.87928,28.62892],[67.87347,28.61258],[67.8707,28.60882],[67.86543,28.60754],[67.85944,28.60868],[67.84344,28.61625],[67.82745,28.61784],[67.79649,28.61654],[67.77594,28.60811],[67.77659,28.59709],[67.78846,28.55373],[67.7835,28.53088],[67.77035,28.50869],[67.76268,28.50148],[67.75008,28.47632],[67.74392,28.45835],[67.74262,28.42669],[67.75595,28.37757],[67.78242,28.30225],[67.79782,28.24903],[67.80362,28.20356],[67.95082,28.23822],[67.97347,28.24845],[67.99274,28.264],[68.00384,28.28023],[68.02724,28.30379],[68.0433,28.31475],[68.06071,28.32919],[68.07097,28.33989],[68.07437,28.3486],[68.07278,28.37078],[68.07501,28.37943],[68.0789,28.38644],[68.08663,28.39396],[68.09939,28.40169],[68.1419,28.42255],[68.1708,28.43301],[68.20373,28.44088],[68.22082,28.44159],[68.25382,28.43953],[68.28338,28.44519],[68.29383,28.44562],[68.34827,28.43516],[68.35972,28.43603],[68.36732,28.43907],[68.3763,28.44525],[68.38179,28.45163],[68.38759,28.48233],[68.38811,28.51008],[68.38377,28.53421],[68.38259,28.56272],[68.3803,28.63307],[68.3813,28.63881],[68.38469,28.64483],[68.40373,28.66031],[68.4298,28.67012],[68.44818,28.67401]]]},"properties":{"district":"Nasirabad","province":"Balochistan","pcode":"PK222","pop_2023":563377,"area_km2":3224.9}},{"type":"Feature","geometry":{"type":"Polygon","coordinates":[[[66.16306,29.32962],[66.17828,29.36469],[66.18188,29.37128],[66.19278,29.38424],[66.21661,29.4112],[66.22079,29.42546],[66.22597,29.43288],[66.22725,29.43859],[66.23956,29.45657],[66.24827,29.47968],[66.258,29.49367],[66.26286,29.51728],[66.26213,29.53723],[66.26373,29.54521],[66.2774,29.55608],[66.29494,29.57978],[66.29812,29.60401],[66.31246,29.6319],[66.31048,29.63902],[66.30295,29.64357],[66.29639,29.65096],[66.29179,29.66064],[66.29138,29.68629],[66.28579,29.69767],[66.28796,29.7247],[66.28664,29.7284],[66.28012,29.73547],[66.27808,29.74691],[66.2783,29.77712],[66.28023,29.78909],[66.28379,29.79908],[66.29381,29.8116],[66.30425,29.82075],[66.3075,29.82759],[66.30779,29.83786],[66.30646,29.84327],[66.30286,29.8464],[66.26912,29.85457],[66.25805,29.86062],[66.25397,29.85565],[66.24565,29.85137],[66.23059,29.84671],[66.03554,29.79213],[65.88799,29.75379],[65.78114,29.72374],[65.65865,29.69208],[65.61086,29.68099],[65.57152,29.66931],[65.53466,29.66047],[65.52254,29.65608],[65.44134,29.63622],[65.36967,29.61557],[65.27588,29.59164],[65.1293,29.55164],[65.18922,29.50027],[65.20693,29.48055],[65.22723,29.45252],[65.26112,29.41347],[65.33661,29.29293],[65.4001,29.18093],[65.42685,29.13051],[65.44504,29.10191],[65.46868,29.05232],[65.47623,29.03292],[65.52476,29.03919],[65.56568,29.03527],[65.58844,29.0309],[65.60397,29.03445],[65.62771,29.06057],[65.65194,29.07187],[65.68683,29.08312],[65.69165,29.08857],[65.69385,29.09571],[65.69332,29.1165],[65.69458,29.1205],[65.69875,29.12594],[65.71199,29.13402],[65.73044,29.14128],[65.74567,29.1448],[65.78336,29.14421],[65.81583,29.14585],[65.82331,29.14504],[65.84387,29.13292],[65.85299,29.12899],[65.8608,29.12761],[65.86696,29.1285],[65.90119,29.14848],[65.95499,29.16644],[65.96923,29.17421],[65.9867,29.18627],[66.00485,29.19319],[66.00937,29.19749],[66.03692,29.2426],[66.05213,29.25663],[66.054,29.26946],[66.0507,29.27713],[66.04968,29.28596],[66.05224,29.29281],[66.05964,29.30624],[66.07806,29.32332],[66.08552,29.33342],[66.09075,29.34724],[66.09269,29.34878],[66.09819,29.34984],[66.1283,29.3266],[66.13677,29.32378],[66.15011,29.32383],[66.16306,29.32962]]]},"properties":{"district":"Nushki","province":"Balochistan","pcode":"PK223","pop_2023":207834,"area_km2":5863.2}},{"type":"Feature","geometry":{"type":"Polygon","coordinates":[[[65.33627,26.89541],[65.32085,26.89658],[65.31112,26.8958],[65.28085,26.88888],[65.25954,26.89831],[65.25297,26.90297],[65.24843,26.90715],[65.24496,26.91361],[65.24364,26.92736],[65.24061,26.92968],[65.23043,26.93256],[65.22388,26.9386],[65.21381,26.98176],[65.20335,26.99974],[65.18979,27.01639],[65.18119,27.02291],[65.15602,27.0291],[65.11755,27.02407],[65.09199,27.0262],[65.08742,27.029],[65.08441,27.03269],[65.08417,27.05147],[65.07831,27.07168],[65.06934,27.08918],[65.05877,27.10258],[65.05587,27.11452],[65.05557,27.13009],[65.05267,27.14203],[65.0477,27.15354],[65.02208,27.18],[65.01442,27.18237],[65.00617,27.1788],[64.99115,27.16751],[64.97213,27.16314],[64.92411,27.1357],[64.78323,27.04776],[64.73386,27.02052],[64.69378,27.00438],[64.682,27.00402],[64.67332,27.00592],[64.66269,27.01745],[64.65352,27.02118],[64.64228,27.02356],[64.63362,27.02775],[64.60876,27.05175],[64.59045,27.06379],[64.54456,27.08609],[64.4951,27.11298],[64.49095,27.12073],[64.49828,27.13945],[64.50103,27.16187],[64.48734,27.1812],[64.48392,27.20644],[64.47989,27.21055],[64.46101,27.22212],[64.45694,27.22672],[64.45547,27.23543],[64.45607,27.24688],[64.45406,27.25053],[64.44232,27.25848],[64.42626,27.28749],[64.41861,27.2944],[64.41094,27.29857],[64.4017,27.29816],[64.3919,27.29135],[64.38052,27.27859],[64.37791,27.27265],[64.37733,27.26304],[64.37474,27.25893],[64.35417,27.25263],[64.32843,27.23857],[64.30827,27.21303],[64.2804,27.18386],[64.27062,27.17795],[64.26289,27.1702],[64.25724,27.1684],[64.25259,27.16155],[64.249,27.16179],[64.24343,27.17304],[64.23857,27.17443],[64.2347,27.1717],[64.2259,27.1548],[64.21887,27.14566],[64.20762,27.13751],[64.19272,27.12978],[64.14812,27.12583],[64.12196,27.1186],[64.1127,27.11039],[64.10961,27.10536],[64.10959,27.09941],[64.11161,27.093],[64.12229,27.07693],[64.12432,27.07098],[64.12221,27.05587],[64.11597,27.033],[64.09923,27.00235],[64.08126,26.98776],[64.07717,26.98732],[64.0741,26.98916],[64.07311,26.99648],[64.07828,27.00929],[64.09112,27.02344],[64.10142,27.03943],[64.10608,27.05177],[64.10563,27.06643],[64.10208,27.07468],[64.098,27.07881],[64.08675,27.08205],[64.07292,27.08164],[64.00994,27.08547],[63.99663,27.08871],[63.96493,27.10755],[63.90303,27.14842],[63.89302,27.16027],[63.89252,27.16943],[63.89561,27.17675],[63.89614,27.18591],[63.87874,27.2015],[63.86902,27.21617],[63.84135,27.23635],[63.83362,27.24469],[63.82599,27.25606],[63.81368,27.26065],[63.79059,27.26112],[63.76904,27.25198],[63.74389,27.2387],[63.73466,27.23642],[63.69722,27.23413],[63.65823,27.22908],[63.64182,27.22999],[63.61775,27.23725],[63.60493,27.23907],[63.5998,27.23815],[63.59007,27.22303],[63.57931,27.2166],[63.56393,27.21338],[63.5306,27.20967],[63.4701,27.2091],[63.45472,27.2077],[63.43371,27.2017],[63.42808,27.19756],[63.41937,27.1948],[63.40809,27.19431],[63.38089,27.20385],[63.34449,27.20146],[63.3159,27.20548],[63.27589,27.20854],[63.25591,27.21415],[63.24812,27.20845],[63.27952,27.19223],[63.29924,27.17892],[63.31746,27.13866],[63.31308,27.12933],[63.30349,27.12236],[63.29031,27.1157],[63.2732,27.10243],[63.25591,27.08295],[63.25669,26.92868],[63.27639,26.88934],[63.28139,26.87457],[63.27553,26.86477],[63.20343,26.84925],[63.19213,26.84349],[63.20321,26.76826],[63.19973,26.73799],[63.17312,26.67011],[63.16919,26.64729],[63.16203,26.64362],[63.15652,26.64499],[63.09002,26.64407],[63.07129,26.64092],[63.09407,26.61927],[63.11022,26.59736],[63.12415,26.58592],[63.13181,26.57374],[63.12901,26.56175],[63.10768,26.54425],[63.09115,26.52095],[63.08885,26.51271],[63.08992,26.50849],[63.0936,26.5064],[63.12548,26.50633],[63.12719,26.50387],[63.12682,26.5007],[63.11958,26.48868],[63.12273,26.48611],[63.12978,26.48638],[63.15613,26.49379],[63.16149,26.49323],[63.16451,26.49054],[63.16428,26.48537],[63.16143,26.48019],[63.13622,26.4587],[63.13339,26.45234],[63.13419,26.44835],[63.13862,26.44399],[63.1486,26.44161],[63.18649,26.43803],[63.1951,26.43901],[63.21419,26.44422],[63.22943,26.45137],[63.24664,26.4559],[63.26176,26.46206],[63.29228,26.47157],[63.33766,26.49075],[63.3846,26.50292],[63.41073,26.5044],[63.49197,26.47836],[63.51994,26.46737],[63.53877,26.4566],[63.59836,26.42755],[63.60019,26.42098],[63.59746,26.41569],[63.58532,26.41697],[63.57384,26.41226],[63.56888,26.41225],[63.55999,26.41811],[63.55686,26.4174],[63.5553,26.41482],[63.55138,26.41294],[63.53599,26.4108],[63.53391,26.40704],[63.53264,26.39793],[63.52978,26.39347],[63.52378,26.39252],[63.51581,26.39579],[63.51203,26.3932],[63.50996,26.38545],[63.51023,26.37981],[63.51494,26.37442],[63.52591,26.36974],[63.53557,26.36976],[63.56244,26.37449],[63.57235,26.37474],[63.58619,26.37053],[63.59063,26.36419],[63.59221,26.35715],[63.58602,26.30973],[63.5863,26.29612],[63.59336,26.27081],[63.5975,26.26538],[63.60586,26.26394],[63.61566,26.26541],[63.63096,26.26819],[63.65709,26.27693],[63.67192,26.27635],[63.6878,26.27971],[63.71148,26.27445],[63.71702,26.27465],[63.72308,26.27709],[63.73786,26.29151],[63.74747,26.2974],[63.77599,26.30841],[63.81242,26.3152],[63.8513,26.31489],[63.88824,26.30228],[63.91313,26.28259],[63.93966,26.25295],[63.95748,26.23967],[63.98054,26.21879],[63.98578,26.21119],[64.00512,26.19074],[64.03306,26.1642],[64.05142,26.15203],[64.07251,26.14829],[64.12449,26.15776],[64.16348,26.16846],[64.21136,26.17277],[64.24419,26.16826],[64.25093,26.16902],[64.26048,26.1771],[64.27851,26.18876],[64.34132,26.21813],[64.35027,26.22618],[64.35847,26.23753],[64.3655,26.26595],[64.44463,26.22959],[64.42986,26.26678],[64.42099,26.29598],[64.42009,26.33268],[64.42941,26.35197],[64.4454,26.3655],[64.46992,26.37054],[64.51932,26.37233],[64.594,26.37037],[64.73378,26.36212],[64.81016,26.36761],[64.83909,26.36725],[64.87461,26.36363],[64.90072,26.36404],[64.91837,26.36768],[64.92574,26.37283],[64.93119,26.38047],[64.93281,26.39309],[64.93166,26.40482],[64.91824,26.42308],[64.91511,26.43982],[64.9149,26.45073],[64.92216,26.46176],[64.93956,26.47966],[64.96622,26.5019],[65.00864,26.53193],[65.09175,26.59905],[65.1279,26.63003],[65.1804,26.67945],[65.2503,26.75595],[65.29002,26.79173],[65.29847,26.80337],[65.3075,26.82532],[65.3257,26.86166],[65.33469,26.88697],[65.33627,26.89541]]]},"properties":{"district":"Panjgur","province":"Balochistan","pcode":"PK224","pop_2023":509781,"area_km2":17582.4}},{"type":"Feature","geometry":{"type":"Polygon","coordinates":[[[67.69896,30.6192],[67.6883,30.61778],[67.69151,30.62871],[67.68406,30.63704],[67.68315,30.64137],[67.68647,30.65771],[67.68464,30.66201],[67.67476,30.67111],[67.67104,30.68496],[67.66647,30.68818],[67.65613,30.68834],[67.64741,30.68248],[67.63717,30.68345],[67.62201,30.68022],[67.61043,30.68384],[67.60441,30.68363],[67.59032,30.67723],[67.57494,30.67371],[67.54608,30.67365],[67.51902,30.66799],[67.50069,30.66852],[67.48875,30.67098],[67.48315,30.67451],[67.4786,30.68033],[67.47754,30.69557],[67.4711,30.70801],[67.45631,30.70991],[67.43489,30.70707],[67.4308,30.70768],[67.42839,30.71259],[67.43507,30.72344],[67.45555,30.73266],[67.46299,30.73859],[67.46438,30.74203],[67.4642,30.77071],[67.46626,30.77442],[67.4744,30.78178],[67.47929,30.79441],[67.47763,30.81337],[67.47436,30.81715],[67.47073,30.81921],[67.45477,30.82172],[67.44438,30.82946],[67.44334,30.835],[67.45027,30.84862],[67.4637,30.85997],[67.47006,30.87226],[67.47727,30.8744],[67.50948,30.8762],[67.55579,30.89414],[67.57322,30.89797],[67.58708,30.90785],[67.6051,30.91643],[67.62009,30.92837],[67.63822,30.95383],[67.6466,30.96132],[67.6958,30.99894],[67.74178,31.02815],[67.7527,31.04289],[67.76161,31.06025],[67.76157,31.06708],[67.75185,31.07295],[67.75114,31.0781],[67.75632,31.0813],[67.77122,31.08091],[67.7843,31.08319],[67.79289,31.08625],[67.79843,31.09098],[67.804,31.10494],[67.81478,31.11441],[67.81487,31.11752],[67.80864,31.12627],[67.82069,31.14279],[67.82131,31.14707],[67.81873,31.14996],[67.81577,31.15081],[67.79953,31.14739],[67.78697,31.14669],[67.76068,31.14805],[67.73619,31.14316],[67.72693,31.14342],[67.71143,31.14735],[67.69947,31.14676],[67.6928,31.14971],[67.67078,31.15038],[67.64753,31.16116],[67.63984,31.16315],[67.62701,31.16347],[67.59686,31.1589],[67.59156,31.15934],[67.58609,31.16294],[67.57274,31.19302],[67.56297,31.20454],[67.55476,31.20936],[67.53212,31.211],[67.5154,31.2091],[67.50302,31.20503],[67.47664,31.20435],[67.46231,31.21233],[67.45478,31.22615],[67.44832,31.22738],[67.4451,31.233],[67.40641,31.21975],[67.39053,31.21657],[67.34536,31.21971],[67.32719,31.21372],[67.3146,31.21521],[67.30486,31.21196],[67.2915,31.21251],[67.2715,31.20577],[67.26202,31.20694],[67.24827,31.17648],[67.24639,31.16144],[67.25318,31.15141],[67.25476,31.1444],[67.25288,31.13798],[67.25058,31.1346],[67.23501,31.12704],[67.22919,31.12261],[67.22574,31.11685],[67.21063,31.0753],[67.20925,31.06148],[67.21333,31.04974],[67.22308,31.03374],[67.22196,31.03003],[67.21539,31.0239],[67.196,31.01125],[67.19056,31.0085],[67.17106,31.00426],[67.166,31.00186],[67.14473,30.98514],[67.09894,30.96008],[67.07419,30.94163],[67.06443,30.93722],[67.06055,30.93879],[67.05334,30.95015],[67.03866,30.96178],[67.0312,30.96605],[67.01744,30.97094],[67.00842,30.97252],[66.992,30.97324],[66.9737,30.96763],[66.96133,30.95941],[66.95866,30.955],[66.9617,30.93979],[66.95932,30.93818],[66.94215,30.93629],[66.93674,30.93286],[66.92945,30.92435],[66.92061,30.92056],[66.91229,30.92178],[66.90558,30.9254],[66.89343,30.92761],[66.88713,30.93022],[66.87199,30.94686],[66.8633,30.95213],[66.8539,30.95335],[66.84333,30.94914],[66.83416,30.94481],[66.82736,30.93497],[66.82624,30.93046],[66.82747,30.92617],[66.83697,30.91973],[66.84054,30.91402],[66.84271,30.90331],[66.84042,30.87669],[66.83417,30.85651],[66.76967,30.76774],[66.76685,30.75278],[66.77395,30.72971],[66.8027,30.66879],[66.82648,30.62504],[66.83637,30.60049],[66.84897,30.58144],[66.8426,30.5743],[66.8312,30.57039],[66.81721,30.57276],[66.80475,30.58118],[66.79583,30.58442],[66.78865,30.58518],[66.76486,30.58254],[66.74962,30.58298],[66.7159,30.58877],[66.69742,30.59522],[66.67931,30.59535],[66.66537,30.59277],[66.65493,30.58912],[66.61245,30.58575],[66.58197,30.58577],[66.56177,30.58286],[66.55142,30.56523],[66.54494,30.55003],[66.54191,30.54154],[66.54239,30.53409],[66.54968,30.51417],[66.55878,30.50613],[66.57237,30.4822],[66.57329,30.47036],[66.57002,30.44865],[66.55781,30.42079],[66.5509,30.40921],[66.54753,30.39699],[66.54574,30.38309],[66.55052,30.37501],[66.55017,30.37162],[66.54093,30.36002],[66.53827,30.35356],[66.53019,30.34265],[66.51832,30.31078],[66.51536,30.2972],[66.5128,30.2833],[66.51291,30.27415],[66.52376,30.24852],[66.52233,30.23767],[66.52357,30.22233],[66.53568,30.21846],[66.54323,30.22064],[66.54914,30.21345],[66.55377,30.21143],[66.56107,30.21109],[66.56742,30.20728],[66.59211,30.20526],[66.6084,30.1885],[66.622,30.18694],[66.62503,30.1854],[66.62637,30.18207],[66.63954,30.17728],[66.64608,30.17313],[66.65028,30.17249],[66.65392,30.17556],[66.67344,30.18109],[66.67614,30.1802],[66.68368,30.18259],[66.69207,30.18287],[66.70275,30.18872],[66.70884,30.1952],[66.71163,30.20366],[66.71895,30.21246],[66.72137,30.22311],[66.73004,30.23043],[66.74227,30.24528],[66.74049,30.25072],[66.7439,30.25639],[66.74424,30.26029],[66.75468,30.26933],[66.75602,30.27334],[66.75339,30.28187],[66.7566,30.28683],[66.76054,30.29104],[66.76672,30.29267],[66.77389,30.29691],[66.78095,30.30565],[66.78412,30.31435],[66.79715,30.33225],[66.79952,30.34708],[66.80911,30.36449],[66.81622,30.37046],[66.81668,30.3726],[66.8125,30.37944],[66.81338,30.38618],[66.82366,30.39496],[66.82498,30.40802],[66.83048,30.4215],[66.84647,30.43743],[66.84761,30.44083],[66.84669,30.44965],[66.85704,30.46872],[66.85953,30.46866],[66.86987,30.46152],[66.8779,30.45986],[66.90179,30.46929],[66.91716,30.47353],[66.92913,30.4624],[66.93424,30.43976],[66.94565,30.4261],[66.94756,30.41913],[66.95855,30.40486],[66.9643,30.39366],[66.96774,30.39075],[66.9762,30.38599],[66.98471,30.38529],[66.99046,30.38179],[66.99735,30.38255],[67.00289,30.3872],[67.00659,30.38662],[67.01181,30.38529],[67.01457,30.38081],[67.01908,30.37844],[67.03933,30.37412],[67.04874,30.37352],[67.05611,30.37618],[67.06638,30.38615],[67.07542,30.39956],[67.08907,30.41337],[67.12512,30.43786],[67.14915,30.43581],[67.17704,30.44887],[67.1825,30.45479],[67.18569,30.45352],[67.1939,30.44436],[67.19761,30.44395],[67.20164,30.44812],[67.21212,30.44396],[67.21883,30.44375],[67.21983,30.44897],[67.22808,30.46135],[67.22378,30.469],[67.22415,30.47328],[67.25626,30.50038],[67.26143,30.50762],[67.2633,30.51699],[67.26672,30.52442],[67.27198,30.52989],[67.31885,30.55529],[67.32349,30.55462],[67.36722,30.58638],[67.39116,30.59705],[67.39692,30.59851],[67.41702,30.59822],[67.42658,30.59302],[67.44959,30.58496],[67.4564,30.5764],[67.46587,30.55434],[67.47716,30.54316],[67.48912,30.53628],[67.49256,30.52483],[67.49547,30.52169],[67.528,30.51624],[67.53111,30.51824],[67.53674,30.53818],[67.55357,30.54869],[67.5576,30.55902],[67.56012,30.57395],[67.56209,30.57732],[67.56755,30.58029],[67.58879,30.58732],[67.59718,30.58836],[67.62503,30.59056],[67.64955,30.58887],[67.66545,30.59141],[67.70095,30.59349],[67.69896,30.6192]]]},"properties":{"district":"Pishin","province":"Balochistan","pcode":"PK225","pop_2023":835482,"area_km2":6085.9}},{"type":"Feature","geometry":{"type":"Polygon","coordinates":[[[67.21883,30.44375],[67.21212,30.44396],[67.20164,30.44812],[67.19761,30.44395],[67.1939,30.44436],[67.18569,30.45352],[67.1825,30.45479],[67.17704,30.44887],[67.14915,30.43581],[67.12512,30.43786],[67.08907,30.41337],[67.07542,30.39956],[67.06638,30.38615],[67.05611,30.37618],[67.04874,30.37352],[67.03933,30.37412],[67.01908,30.37844],[67.01457,30.38081],[67.01181,30.38529],[67.00659,30.38662],[67.00289,30.3872],[66.99735,30.38255],[66.99046,30.38179],[66.98471,30.38529],[66.9762,30.38599],[66.96774,30.39075],[66.9643,30.39366],[66.95855,30.40486],[66.94756,30.41913],[66.94565,30.4261],[66.93424,30.43976],[66.92913,30.4624],[66.91716,30.47353],[66.90179,30.46929],[66.8779,30.45986],[66.86987,30.46152],[66.85953,30.46866],[66.85704,30.46872],[66.84669,30.44965],[66.84761,30.44083],[66.84647,30.43743],[66.83048,30.4215],[66.82498,30.40802],[66.82366,30.39496],[66.81338,30.38618],[66.8125,30.37944],[66.81668,30.3726],[66.81622,30.37046],[66.80911,30.36449],[66.79952,30.34708],[66.79715,30.33225],[66.78412,30.31435],[66.78095,30.30565],[66.77389,30.29691],[66.76672,30.29267],[66.76054,30.29104],[66.7566,30.28683],[66.75339,30.28187],[66.75602,30.27334],[66.75468,30.26933],[66.74424,30.26029],[66.7439,30.25639],[66.74049,30.25072],[66.74227,30.24528],[66.73004,30.23043],[66.72137,30.22311],[66.71895,30.21246],[66.71163,30.20366],[66.70884,30.1952],[66.70275,30.18872],[66.69207,30.18287],[66.68368,30.18259],[66.67614,30.1802],[66.67344,30.18109],[66.65392,30.17556],[66.65028,30.17249],[66.64608,30.17313],[66.63954,30.17728],[66.62637,30.18207],[66.62503,30.1854],[66.622,30.18694],[66.6084,30.1885],[66.59211,30.20526],[66.56742,30.20728],[66.56107,30.21109],[66.55377,30.21143],[66.54914,30.21345],[66.54323,30.22064],[66.53568,30.21846],[66.52357,30.22233],[66.5169,30.21977],[66.51242,30.21295],[66.5186,30.20599],[66.51323,30.20119],[66.5114,30.19217],[66.5132,30.18594],[66.50954,30.17854],[66.51294,30.16594],[66.5122,30.16337],[66.50681,30.16376],[66.49656,30.16743],[66.48053,30.16011],[66.47178,30.15879],[66.45624,30.16263],[66.4504,30.16021],[66.44257,30.16287],[66.43421,30.16137],[66.41445,30.16178],[66.40351,30.17092],[66.38547,30.17005],[66.37859,30.17999],[66.37517,30.18116],[66.36681,30.17999],[66.36207,30.18235],[66.35768,30.18748],[66.35349,30.18776],[66.35063,30.1859],[66.34484,30.17066],[66.3383,30.16338],[66.33345,30.16131],[66.32678,30.16069],[66.32334,30.15804],[66.31237,30.14324],[66.30543,30.14088],[66.30098,30.12966],[66.28374,30.11864],[66.27742,30.10158],[66.26919,30.09929],[66.26759,30.09459],[66.26328,30.09097],[66.26238,30.08646],[66.26031,30.08521],[66.23986,30.0861],[66.23844,30.08409],[66.23822,30.06641],[66.24165,30.05505],[66.28854,30.02227],[66.30042,30.01626],[66.36151,29.97202],[66.36195,29.96813],[66.35686,29.95832],[66.34564,29.95013],[66.33019,29.92503],[66.31891,29.9127],[66.31319,29.9109],[66.31226,29.90834],[66.28935,29.89124],[66.26806,29.87281],[66.29206,29.86065],[66.31612,29.8544],[66.33061,29.85627],[66.34944,29.8553],[66.37958,29.84667],[66.39803,29.84885],[66.42042,29.85365],[66.43361,29.85405],[66.44952,29.84531],[66.46292,29.82732],[66.47297,29.81876],[66.48219,29.81483],[66.50534,29.80985],[66.52413,29.81144],[66.53136,29.81437],[66.5454,29.82799],[66.55279,29.84702],[66.56803,29.87358],[66.56984,29.89141],[66.56673,29.91119],[66.57781,29.92593],[66.59253,29.94013],[66.60232,29.95285],[66.61167,29.97677],[66.61544,29.99721],[66.62312,30.02284],[66.65475,30.0817],[66.68335,30.13967],[66.68957,30.14805],[66.69614,30.15326],[66.71335,30.15424],[66.72164,30.15257],[66.72995,30.14831],[66.74256,30.13197],[66.75022,30.12626],[66.78981,30.11807],[66.79267,30.11617],[66.79502,30.11158],[66.79585,30.09003],[66.79754,30.08515],[66.80685,30.07946],[66.82539,30.07697],[66.82937,30.07527],[66.83504,30.06927],[66.83476,30.06093],[66.82819,30.05601],[66.8097,30.0513],[66.80743,30.04554],[66.80717,30.03595],[66.80886,30.0306],[66.81434,30.02657],[66.82114,30.02464],[66.84478,30.027],[66.86017,30.03614],[66.88757,30.05654],[66.89352,30.05642],[66.9154,30.04891],[66.94235,30.04615],[66.9482,30.04723],[66.95745,30.01373],[66.96008,29.9982],[66.96069,29.98005],[66.98685,29.98239],[66.99529,29.98075],[67.0122,29.96899],[67.02205,29.967],[67.03306,29.96103],[67.04328,29.95261],[67.05468,29.94787],[67.06097,29.95137],[67.07146,29.96231],[67.08002,29.96671],[67.08885,29.96629],[67.09174,29.9644],[67.09583,29.95772],[67.10801,29.95543],[67.12471,29.94425],[67.16696,29.97382],[67.18098,29.9798],[67.19634,29.98083],[67.2017,29.97695],[67.21105,29.96536],[67.21751,29.96235],[67.22265,29.96238],[67.22453,29.96711],[67.22417,29.97343],[67.22871,29.97661],[67.23764,29.97773],[67.25809,29.96443],[67.26963,29.94927],[67.27721,29.92835],[67.28824,29.92247],[67.29338,29.92232],[67.29753,29.92472],[67.29989,29.92855],[67.29889,29.93894],[67.30123,29.94313],[67.30963,29.94609],[67.31576,29.94374],[67.31944,29.93905],[67.32672,29.91551],[67.32985,29.91303],[67.33465,29.91136],[67.3475,29.91115],[67.3763,29.92143],[67.36952,29.92369],[67.36542,29.92977],[67.36652,29.95221],[67.36241,29.96859],[67.35767,29.97902],[67.35324,29.98388],[67.35115,29.99107],[67.3519,30.00139],[67.35426,30.00412],[67.35888,30.00601],[67.37084,30.00894],[67.38503,30.00983],[67.40868,30.02204],[67.41212,30.03071],[67.41087,30.03511],[67.40777,30.03835],[67.39265,30.0447],[67.40467,30.05482],[67.41987,30.05887],[67.42982,30.05508],[67.43211,30.05193],[67.43318,30.06182],[67.42576,30.10857],[67.41254,30.17647],[67.40941,30.18327],[67.40351,30.18687],[67.39122,30.18779],[67.38698,30.18517],[67.38221,30.17753],[67.37507,30.17546],[67.35768,30.17749],[67.31451,30.17443],[67.30436,30.17602],[67.29769,30.18085],[67.28997,30.19441],[67.28107,30.20105],[67.27793,30.20785],[67.27917,30.23293],[67.28292,30.24869],[67.28064,30.25176],[67.27052,30.2521],[67.26215,30.24435],[67.25528,30.23477],[67.24612,30.22887],[67.21996,30.23411],[67.22828,30.24982],[67.24108,30.25126],[67.25202,30.25804],[67.26232,30.27092],[67.28922,30.29505],[67.2903,30.29976],[67.28347,30.32652],[67.28019,30.33287],[67.25891,30.32346],[67.2348,30.33251],[67.22527,30.33744],[67.22238,30.34312],[67.20621,30.35308],[67.19771,30.36056],[67.19268,30.36818],[67.19131,30.38423],[67.18865,30.39092],[67.18837,30.39674],[67.19079,30.406],[67.21805,30.43812],[67.21883,30.44375]]]},"properties":{"district":"Quetta","province":"Balochistan","pcode":"PK226","pop_2023":2595492,"area_km2":3759.7}},{"type":"Feature","geometry":{"type":"Polygon","coordinates":[[[69.95645,31.89451],[69.9634,31.92058],[69.96329,31.93682],[69.95954,31.93744],[69.939,31.93415],[69.93194,31.92933],[69.92158,31.91462],[69.89899,31.88838],[69.88258,31.88414],[69.87696,31.88538],[69.8672,31.89169],[69.85583,31.89206],[69.8547,31.89364],[69.85313,31.9016],[69.85332,31.92485],[69.8685,31.94214],[69.87877,31.96673],[69.88136,31.96961],[69.8828,31.97822],[69.88052,31.98171],[69.84525,31.99456],[69.82647,32.00368],[69.80037,32.02257],[69.79998,32.02416],[69.79997,32.02543],[69.80705,32.02866],[69.81746,32.03669],[69.81929,32.04212],[69.82742,32.05364],[69.84066,32.08207],[69.85255,32.09361],[69.854,32.09808],[69.85249,32.10062],[69.83378,32.09859],[69.82257,32.09502],[69.81509,32.09433],[69.80571,32.09555],[69.78966,32.09003],[69.78258,32.08584],[69.77883,32.08582],[69.77317,32.09056],[69.76868,32.08957],[69.76497,32.08636],[69.73696,32.07821],[69.71071,32.07697],[69.67955,32.07294],[69.65905,32.05239],[69.64676,32.04624],[69.64455,32.04304],[69.64354,32.03252],[69.63174,32.01618],[69.62922,32.00724],[69.62029,32.00175],[69.60873,31.99848],[69.59073,31.98104],[69.56345,31.96689],[69.54876,31.95611],[69.54615,31.95669],[69.60184,31.88187],[69.61169,31.86384],[69.62171,31.84033],[69.62363,31.82455],[69.61797,31.80008],[69.59865,31.75644],[69.58231,31.7092],[69.57323,31.65848],[69.56873,31.62064],[69.56198,31.5864],[69.55266,31.56553],[69.54387,31.55133],[69.53131,31.52121],[69.53575,31.47141],[69.54325,31.4369],[69.56558,31.36515],[69.5694,31.35672],[69.57452,31.35197],[69.58535,31.34614],[69.62335,31.33423],[69.66673,31.33156],[69.72299,31.32551],[69.74016,31.32102],[69.74516,31.31756],[69.73489,31.30752],[69.72372,31.30119],[69.71965,31.29501],[69.71963,31.27356],[69.73159,31.26752],[69.74461,31.26507],[69.75223,31.26556],[69.75875,31.26027],[69.76206,31.25364],[69.76919,31.26371],[69.77497,31.26519],[69.7789,31.26974],[69.78332,31.27072],[69.78664,31.27613],[69.78615,31.27957],[69.78861,31.28092],[69.78996,31.28497],[69.79832,31.28817],[69.80594,31.28534],[69.80864,31.28743],[69.81061,31.2921],[69.81663,31.29259],[69.81786,31.29505],[69.82388,31.2937],[69.82843,31.29774],[69.82927,31.29687],[69.82634,31.29038],[69.8272,31.28657],[69.83187,31.28878],[69.83929,31.28701],[69.85263,31.27563],[69.85976,31.27662],[69.88102,31.27268],[69.88668,31.2658],[69.89933,31.2604],[69.92232,31.25499],[69.93043,31.2478],[69.95599,31.27563],[69.9555,31.2776],[69.95796,31.27883],[69.96152,31.28841],[69.97024,31.28977],[69.97409,31.29343],[69.99525,31.28682],[70.02813,31.30156],[70.028,31.31213],[70.03255,31.3141],[70.03194,31.31754],[70.03452,31.31975],[70.03168,31.32228],[70.02733,31.33531],[70.02856,31.35575],[70.02717,31.35897],[70.05242,31.39835],[70.04385,31.44229],[70.03022,31.48013],[70.02308,31.49188],[70.01814,31.5081],[70.01514,31.51159],[70.00992,31.51284],[69.97828,31.51395],[69.96524,31.51643],[69.94726,31.53195],[69.93971,31.5456],[69.94038,31.55739],[69.94366,31.56633],[69.94531,31.63638],[69.94951,31.67399],[69.95136,31.72594],[69.94936,31.74536],[69.94708,31.75044],[69.94662,31.76286],[69.94843,31.7702],[69.95586,31.77565],[69.95768,31.78139],[69.9569,31.78617],[69.94902,31.79186],[69.94524,31.79885],[69.93893,31.84341],[69.93997,31.85356],[69.9537,31.86574],[69.95703,31.87086],[69.95435,31.88008],[69.95645,31.89451]]]},"properties":{"district":"Sherani","province":"Balochistan","pcode":"PK227","pop_2023":191687,"area_km2":3050.5}},{"type":"Feature","geometry":{"type":"Polygon","coordinates":[[[68.39828,29.9364],[68.3605,29.93398],[68.29151,29.93319],[68.24796,29.92886],[68.1673,29.90845],[68.09727,29.9],[68.08445,29.89784],[68.07236,29.89299],[68.06444,29.88843],[68.05824,29.88105],[68.05617,29.87395],[68.05558,29.85728],[68.05246,29.84624],[68.04856,29.83919],[68.03617,29.82402],[68.02862,29.81667],[68.0184,29.81138],[67.98654,29.79989],[67.97032,29.79237],[67.96958,29.78404],[67.97635,29.7732],[67.97745,29.76523],[67.97382,29.75261],[67.96585,29.74606],[67.93051,29.72511],[67.90572,29.70589],[67.88456,29.69967],[67.8792,29.70298],[67.88176,29.71126],[67.88737,29.71549],[67.90164,29.7338],[67.92269,29.77697],[67.97646,29.83989],[67.98773,29.86264],[68.00373,29.90315],[68.0082,29.92688],[68.01106,29.96009],[68.0074,29.97417],[68.00152,29.98815],[67.97252,30.02189],[67.96457,30.02349],[67.95602,30.02073],[67.94888,30.02568],[67.93663,30.02838],[67.8868,30.02846],[67.87576,30.02635],[67.85267,30.01898],[67.77858,30.01763],[67.76765,30.01869],[67.76406,30.02119],[67.76526,30.02987],[67.77783,30.03712],[67.79195,30.04949],[67.79395,30.055],[67.79146,30.06261],[67.77769,30.07527],[67.75361,30.09233],[67.7383,30.09985],[67.69489,30.11599],[67.68006,30.12468],[67.67324,30.12603],[67.65837,30.11883],[67.6452,30.12192],[67.63371,30.1202],[67.59843,30.10352],[67.56525,30.09514],[67.56197,30.09283],[67.55973,30.07897],[67.55684,30.07387],[67.53707,30.05484],[67.53247,30.03865],[67.5287,30.03477],[67.51945,30.031],[67.50843,30.02926],[67.47293,30.02792],[67.44583,30.03923],[67.43764,30.04513],[67.43211,30.05193],[67.42982,30.05508],[67.41987,30.05887],[67.40467,30.05482],[67.39265,30.0447],[67.40777,30.03835],[67.41087,30.03511],[67.41212,30.03071],[67.40868,30.02204],[67.38503,30.00983],[67.37084,30.00894],[67.35888,30.00601],[67.35426,30.00412],[67.3519,30.00139],[67.35115,29.99107],[67.35324,29.98388],[67.35767,29.97902],[67.36241,29.96859],[67.36652,29.95221],[67.36542,29.92977],[67.36952,29.92369],[67.3763,29.92143],[67.41616,29.90998],[67.43955,29.89796],[67.45172,29.87871],[67.45519,29.87021],[67.47446,29.84198],[67.48687,29.81389],[67.49351,29.7911],[67.4945,29.77446],[67.49783,29.76366],[67.49749,29.75175],[67.49978,29.7366],[67.50873,29.71535],[67.51355,29.70889],[67.52114,29.70355],[67.53377,29.6993],[67.53777,29.69603],[67.54115,29.68721],[67.55175,29.67585],[67.5594,29.6729],[67.57074,29.67145],[67.58144,29.66646],[67.61612,29.66644],[67.63472,29.66402],[67.65572,29.65121],[67.67198,29.64686],[67.67772,29.64116],[67.68034,29.63599],[67.68399,29.62715],[67.68419,29.61881],[67.69196,29.60512],[67.69589,29.59986],[67.69858,29.5986],[67.70175,29.59813],[67.71523,29.60734],[67.71841,29.60727],[67.72826,29.60187],[67.73871,29.60161],[67.761,29.60464],[67.76877,29.60247],[67.77905,29.59666],[67.78679,29.58257],[67.78668,29.56509],[67.78927,29.56066],[67.79946,29.55246],[67.802,29.54644],[67.80332,29.51701],[67.81226,29.48422],[67.80846,29.47241],[67.81131,29.4624],[67.81663,29.4583],[67.82561,29.4549],[67.84186,29.45171],[67.85891,29.44533],[67.87046,29.43749],[67.87611,29.4298],[67.88009,29.41262],[67.88133,29.39511],[67.88675,29.36721],[67.88307,29.35177],[67.8722,29.33854],[67.8721,29.3351],[67.87516,29.33211],[67.91503,29.3303],[67.92737,29.33316],[67.94118,29.33876],[67.97634,29.37201],[67.98382,29.3754],[67.99561,29.37826],[68.00059,29.37773],[68.02467,29.36518],[68.04458,29.36345],[68.06023,29.35668],[68.08649,29.34207],[68.10122,29.33886],[68.12274,29.34423],[68.16845,29.36601],[68.17728,29.37445],[68.15208,29.40301],[68.11968,29.41144],[68.09907,29.41916],[68.09713,29.42219],[68.12541,29.45737],[68.16644,29.53606],[68.17899,29.55597],[68.18553,29.57327],[68.19368,29.58457],[68.19968,29.58678],[68.223,29.5901],[68.24214,29.60307],[68.24883,29.61705],[68.2601,29.62626],[68.26564,29.62849],[68.3175,29.6274],[68.39922,29.62184],[68.42561,29.62145],[68.43208,29.62404],[68.45146,29.65406],[68.45714,29.65945],[68.4858,29.67011],[68.5405,29.69388],[68.55689,29.70878],[68.56241,29.72133],[68.56774,29.72911],[68.57244,29.73254],[68.57146,29.74211],[68.56518,29.75582],[68.56278,29.77536],[68.56354,29.78289],[68.57714,29.81466],[68.57597,29.82216],[68.57348,29.8255],[68.56814,29.82885],[68.54864,29.83183],[68.53653,29.83697],[68.52072,29.84103],[68.47268,29.86625],[68.45801,29.87623],[68.44357,29.88063],[68.40256,29.9057],[68.39783,29.91339],[68.39828,29.9364]]]},"properties":{"district":"Sibi","province":"Balochistan","pcode":"PK228","pop_2023":224148,"area_km2":4965.9}},{"type":"Feature","geometry":{"type":"Polygon","coordinates":[[[69.1275,28.44061],[69.12566,28.45783],[69.12356,28.4653],[69.11848,28.4727],[69.10042,28.49089],[69.088,28.49579],[69.08029,28.49362],[69.03601,28.45935],[69.02869,28.46177],[68.97486,28.46619],[68.94071,28.46655],[68.92072,28.46501],[68.88391,28.46724],[68.80414,28.47882],[68.77835,28.48364],[68.75448,28.49106],[68.69275,28.51876],[68.60044,28.57195],[68.57069,28.59134],[68.50542,28.625],[68.48976,28.63532],[68.46848,28.64643],[68.45172,28.66523],[68.44818,28.67401],[68.4298,28.67012],[68.40373,28.66031],[68.38469,28.64483],[68.3813,28.63881],[68.3803,28.63307],[68.38259,28.56272],[68.38809,28.55649],[68.39146,28.54974],[68.39146,28.53249],[68.39671,28.50438],[68.39821,28.47476],[68.40196,28.46126],[68.40158,28.45226],[68.40533,28.44439],[68.41471,28.43314],[68.41951,28.43076],[68.42116,28.42204],[68.42461,28.41699],[68.43421,28.40901],[68.46463,28.43013],[68.47069,28.43147],[68.75715,28.42981],[68.88446,28.432],[68.92007,28.43022],[69.00129,28.43122],[69.06615,28.4347],[69.1275,28.44061]]]},"properties":{"district":"Sohbatpur","province":"Balochistan","pcode":"PK229","pop_2023":240106,"area_km2":786.9}},{"type":"Feature","geometry":{"type":"Polygon","coordinates":[[[64.91309,28.68296],[64.8785,28.68474],[64.83191,28.6955],[64.81122,28.69511],[64.76453,28.6795],[64.70302,28.66321],[64.68011,28.65448],[64.63647,28.64349],[64.61247,28.64508],[64.60291,28.64349],[64.58869,28.63635],[64.52167,28.61196],[64.49875,28.61161],[64.48853,28.60608],[64.46149,28.58112],[64.44989,28.56769],[64.43707,28.54712],[64.42291,28.5343],[64.40704,28.5234],[64.38129,28.52008],[64.33691,28.52271],[64.3197,28.52948],[64.30581,28.53749],[64.29503,28.54038],[64.28931,28.54042],[64.28353,28.53485],[64.2829,28.5271],[64.28589,28.50568],[64.2807,28.49951],[64.27368,28.49573],[64.24951,28.49469],[64.23533,28.4908],[64.20545,28.47149],[64.1955,28.47009],[64.17572,28.47369],[64.1637,28.47211],[64.15149,28.46753],[64.12671,28.46771],[64.12231,28.46551],[64.07889,28.43047],[64.06168,28.42547],[64.0509,28.4245],[64.04388,28.42108],[64.03802,28.41324],[64.01948,28.3965],[64.01236,28.38523],[64.00671,28.38232],[64.00049,28.3855],[63.99408,28.39392],[63.98767,28.39392],[63.97949,28.38831],[63.97369,28.38171],[63.95911,28.37769],[63.94391,28.37793],[63.93372,28.38013],[63.92352,28.37909],[63.9057,28.37128],[63.89111,28.36133],[63.82373,28.30529],[63.82068,28.3291],[63.81649,28.34569],[63.8031,28.33752],[63.80052,28.32713],[63.78661,28.31451],[63.75464,28.30391],[63.70212,28.29305],[63.66876,28.29036],[63.57104,28.2959],[63.51067,28.2928],[63.46834,28.2888],[63.39673,28.27069],[63.3673,28.26459],[63.33517,28.26523],[63.2888,28.27133],[63.26814,28.27668],[63.26043,28.27656],[63.25027,28.27071],[63.23558,28.25843],[63.22559,28.24464],[63.2209,28.22298],[63.2199,28.20933],[63.20505,28.18295],[63.19491,28.17711],[63.16412,28.17659],[63.1463,28.16947],[63.1262,28.15326],[63.06804,28.11132],[63.01764,28.0718],[62.98752,28.04399],[62.94597,28.01255],[62.91594,27.98245],[62.88776,27.94936],[62.86849,27.93094],[62.85344,27.91992],[62.80196,27.88882],[62.80827,27.85159],[62.81982,27.805],[62.83002,27.73527],[62.83859,27.64744],[62.85204,27.54267],[62.85539,27.46514],[62.8074,27.34007],[62.82805,27.31935],[62.83253,27.30494],[62.82318,27.28622],[62.78148,27.25142],[62.78297,27.23428],[62.79794,27.22152],[62.82136,27.21232],[62.84366,27.21309],[62.87833,27.21714],[62.89232,27.21079],[62.90871,27.19924],[62.95166,27.19207],[62.97725,27.19511],[63.05865,27.23319],[63.11577,27.23435],[63.18422,27.24144],[63.24812,27.20845],[63.25591,27.21415],[63.27589,27.20854],[63.3159,27.20548],[63.34449,27.20146],[63.38089,27.20385],[63.40809,27.19431],[63.41937,27.1948],[63.42808,27.19756],[63.43371,27.2017],[63.45472,27.2077],[63.4701,27.2091],[63.5306,27.20967],[63.56393,27.21338],[63.57931,27.2166],[63.59007,27.22303],[63.5998,27.23815],[63.60493,27.23907],[63.61775,27.23725],[63.64182,27.22999],[63.65823,27.22908],[63.69722,27.23413],[63.73466,27.23642],[63.74389,27.2387],[63.76904,27.25198],[63.79059,27.26112],[63.81368,27.26065],[63.82599,27.25606],[63.83362,27.24469],[63.84135,27.23635],[63.86902,27.21617],[63.87874,27.2015],[63.89614,27.18591],[63.89561,27.17675],[63.89252,27.16943],[63.89302,27.16027],[63.90303,27.14842],[63.96493,27.10755],[63.99663,27.08871],[64.00994,27.08547],[64.07292,27.08164],[64.08675,27.08205],[64.098,27.07881],[64.10208,27.07468],[64.10563,27.06643],[64.10608,27.05177],[64.10142,27.03943],[64.09112,27.02344],[64.07828,27.00929],[64.07311,26.99648],[64.0741,26.98916],[64.07717,26.98732],[64.08126,26.98776],[64.09923,27.00235],[64.11597,27.033],[64.12221,27.05587],[64.12432,27.07098],[64.12229,27.07693],[64.11161,27.093],[64.10959,27.09941],[64.10961,27.10536],[64.1127,27.11039],[64.12196,27.1186],[64.14812,27.12583],[64.19272,27.12978],[64.20762,27.13751],[64.21887,27.14566],[64.2259,27.1548],[64.2347,27.1717],[64.23857,27.17443],[64.24343,27.17304],[64.249,27.16179],[64.25259,27.16155],[64.25724,27.1684],[64.26289,27.1702],[64.27062,27.17795],[64.2804,27.18386],[64.30827,27.21303],[64.32843,27.23857],[64.35417,27.25263],[64.37474,27.25893],[64.37733,27.26304],[64.37791,27.27265],[64.38052,27.27859],[64.3919,27.29135],[64.4017,27.29816],[64.41094,27.29857],[64.41861,27.2944],[64.42626,27.28749],[64.44232,27.25848],[64.45406,27.25053],[64.45607,27.24688],[64.45547,27.23543],[64.45694,27.22672],[64.46101,27.22212],[64.47989,27.21055],[64.48392,27.20644],[64.48734,27.1812],[64.50103,27.16187],[64.49828,27.13945],[64.49095,27.12073],[64.4951,27.11298],[64.54456,27.08609],[64.59045,27.06379],[64.60876,27.05175],[64.63362,27.02775],[64.64228,27.02356],[64.65352,27.02118],[64.66269,27.01745],[64.67332,27.00592],[64.682,27.00402],[64.69378,27.00438],[64.73386,27.02052],[64.78323,27.04776],[64.92411,27.1357],[64.97213,27.16314],[64.99115,27.16751],[65.00617,27.1788],[65.01442,27.18237],[65.02208,27.18],[65.0477,27.15354],[65.05267,27.14203],[65.05557,27.13009],[65.05587,27.11452],[65.05877,27.10258],[65.06934,27.08918],[65.07831,27.07168],[65.08417,27.05147],[65.08441,27.03269],[65.08742,27.029],[65.09199,27.0262],[65.11755,27.02407],[65.15602,27.0291],[65.18119,27.02291],[65.18979,27.01639],[65.20335,26.99974],[65.21381,26.98176],[65.22388,26.9386],[65.23043,26.93256],[65.24061,26.92968],[65.24364,26.92736],[65.24496,26.91361],[65.24843,26.90715],[65.25297,26.90297],[65.25954,26.89831],[65.28085,26.88888],[65.31112,26.8958],[65.32085,26.89658],[65.33627,26.89541],[65.34084,26.92829],[65.34377,26.96941],[65.34731,26.98374],[65.36748,27.01674],[65.42162,27.08713],[65.44501,27.12],[65.46973,27.15915],[65.48351,27.17812],[65.49997,27.20715],[65.53864,27.25773],[65.56479,27.30065],[65.57575,27.32334],[65.58252,27.34474],[65.58517,27.35731],[65.58736,27.40752],[65.59297,27.41753],[65.59839,27.42645],[65.71076,27.52869],[65.70375,27.53819],[65.69687,27.5538],[65.69093,27.57306],[65.69126,27.58259],[65.7189,27.66629],[65.72918,27.67703],[65.75965,27.69822],[65.76991,27.70822],[65.77352,27.71693],[65.77476,27.72865],[65.77246,27.74993],[65.78059,27.76953],[65.79468,27.79412],[65.80938,27.81207],[65.84148,27.83099],[65.86334,27.84066],[65.88466,27.85841],[65.91229,27.88994],[65.91774,27.90301],[65.92818,27.91666],[65.94666,27.93024],[65.96059,27.93828],[65.97832,27.97324],[65.98044,27.98567],[65.97969,28.00994],[65.97204,28.02768],[65.96426,28.04113],[65.95053,28.05109],[65.94316,28.05351],[65.93074,28.05387],[65.92045,28.04462],[65.91371,28.04187],[65.90212,28.04221],[65.89568,28.04754],[65.88564,28.06767],[65.88449,28.08166],[65.88746,28.11758],[65.90277,28.173],[65.89922,28.18927],[65.8929,28.19827],[65.88316,28.20443],[65.87409,28.20616],[65.85407,28.20379],[65.84257,28.20705],[65.83122,28.21472],[65.83177,28.23014],[65.83819,28.24686],[65.87225,28.3163],[65.88065,28.34108],[65.88985,28.35789],[65.84248,28.3436],[65.82153,28.33904],[65.79624,28.32946],[65.70561,28.3055],[65.67362,28.29387],[65.6435,28.27731],[65.62391,28.26313],[65.574,28.23651],[65.50331,28.2082],[65.45259,28.18009],[65.35907,28.11062],[65.34323,28.11794],[65.30898,28.15825],[65.29257,28.18429],[65.28096,28.20811],[65.27439,28.2415],[65.27318,28.31966],[65.27623,28.35328],[65.28119,28.36762],[65.28171,28.39167],[65.27812,28.40547],[65.25453,28.42922],[65.23332,28.45568],[65.21991,28.48339],[65.21124,28.5084],[65.10333,28.47287],[64.99879,28.44848],[64.99135,28.47248],[64.97928,28.49478],[64.97749,28.51134],[64.98018,28.52525],[64.98046,28.54028],[64.97594,28.5586],[64.97391,28.58011],[64.96125,28.61894],[64.94003,28.65576],[64.92574,28.67314],[64.91309,28.68296]]]},"properties":{"district":"Washuk","province":"Balochistan","pcode":"PK230","pop_2023":302623,"area_km2":39031.2}},{"type":"Feature","geometry":{"type":"Polygon","coordinates":[[[69.54615,31.95669],[69.5359,31.95984],[69.52312,31.9756],[69.51881,31.97611],[69.49758,31.96952],[69.47127,31.96523],[69.44708,31.96659],[69.43287,31.96292],[69.40358,31.9637],[69.39392,31.96237],[69.37202,31.96658],[69.34679,31.95196],[69.3418,31.95183],[69.33723,31.95412],[69.33196,31.95777],[69.33083,31.96021],[69.32092,31.95189],[69.32325,31.94063],[69.31762,31.92807],[69.29927,31.91914],[69.27768,31.91152],[69.27187,31.90618],[69.26258,31.8866],[69.23113,31.86259],[69.21064,31.85407],[69.20342,31.8526],[69.19761,31.8484],[69.19234,31.83001],[69.18576,31.82328],[69.18094,31.80948],[69.17469,31.8],[69.15625,31.78394],[69.14897,31.75888],[69.13526,31.74793],[69.12743,31.72446],[69.12001,31.72023],[69.12102,31.70994],[69.11794,31.70326],[69.09645,31.69341],[69.06647,31.66724],[69.04681,31.65985],[69.0315,31.65023],[69.02417,31.64211],[69.02101,31.62671],[69.01089,31.62473],[69.00091,31.62824],[68.99345,31.62698],[68.98594,31.62801],[68.97827,31.63613],[68.96892,31.63553],[68.96158,31.64045],[68.94916,31.64575],[68.94442,31.64224],[68.93366,31.62055],[68.92846,31.61337],[68.91688,31.60471],[68.90064,31.60124],[68.872,31.6017],[68.8587,31.59828],[68.8483,31.59742],[68.84183,31.59914],[68.83162,31.60578],[68.82191,31.605],[68.81217,31.60964],[68.80494,31.60998],[68.78268,31.63525],[68.77794,31.6551],[68.77351,31.66098],[68.7519,31.66954],[68.74284,31.67946],[68.71699,31.69664],[68.71391,31.70209],[68.71572,31.71608],[68.70926,31.751],[68.70184,31.76988],[68.68219,31.77365],[68.63953,31.77565],[68.63223,31.77826],[68.58212,31.82086],[68.57611,31.82556],[68.57014,31.82797],[68.52071,31.80118],[68.46594,31.77404],[68.45129,31.77056],[68.43311,31.76325],[68.44761,31.75789],[68.46368,31.74812],[68.49835,31.75382],[68.53852,31.75457],[68.58202,31.75034],[68.57465,31.73486],[68.56351,31.71977],[68.55562,31.71436],[68.53715,31.71402],[68.51038,31.7339],[68.5009,31.7383],[68.49039,31.74039],[68.47917,31.73926],[68.44533,31.74251],[68.4361,31.74714],[68.42186,31.75722],[68.41952,31.75621],[68.37204,31.75848],[68.28661,31.757],[68.27822,31.7598],[68.25097,31.78535],[68.25935,31.80155],[68.24126,31.80644],[68.17749,31.8145],[68.17192,31.82171],[68.16888,31.83424],[68.15408,31.81744],[68.14437,31.8012],[68.14057,31.79825],[68.11668,31.75871],[68.10121,31.74761],[68.08409,31.72869],[68.06734,31.7155],[68.0675,31.71024],[68.06409,31.6994],[68.05784,31.69331],[68.04681,31.68597],[68.03149,31.67922],[67.98772,31.64893],[67.9698,31.63959],[67.94992,31.63341],[67.92453,31.63238],[67.9044,31.62596],[67.8945,31.62573],[67.88662,31.62944],[67.86871,31.6288],[67.84315,31.61652],[67.81739,31.59738],[67.82274,31.59082],[67.836,31.5806],[67.86006,31.56599],[67.94123,31.52882],[67.97742,31.51766],[68.0207,31.49615],[68.08486,31.44696],[68.17514,31.36597],[68.22232,31.33464],[68.23772,31.32702],[68.26613,31.31763],[68.38106,31.28345],[68.40372,31.28726],[68.44836,31.30617],[68.48158,31.32491],[68.50279,31.33368],[68.51801,31.33583],[68.5461,31.34337],[68.57945,31.35686],[68.59549,31.35574],[68.62853,31.34043],[68.64771,31.33346],[68.65612,31.33225],[68.65848,31.3277],[68.66098,31.314],[68.65778,31.27473],[68.65363,31.24722],[68.6552,31.24397],[68.66743,31.24149],[68.67022,31.23786],[68.68208,31.20988],[68.6814,31.20398],[68.66563,31.18942],[68.66495,31.18418],[68.67213,31.16334],[68.676,31.15881],[68.68444,31.15432],[68.68986,31.1485],[68.68789,31.12755],[68.69115,31.11321],[68.69505,31.10671],[68.70432,31.09766],[68.71271,31.09644],[68.73393,31.10125],[68.75284,31.1093],[68.76717,31.11795],[68.79115,31.14436],[68.79562,31.1516],[68.79865,31.15294],[68.81472,31.14656],[68.83826,31.15072],[68.84437,31.14882],[68.85745,31.13849],[68.86585,31.13661],[68.87193,31.13667],[68.89242,31.14144],[68.9061,31.14288],[68.91042,31.14169],[68.91451,31.13969],[68.91686,31.13513],[68.92088,31.11752],[68.924,31.11166],[68.92934,31.1104],[68.93922,31.1118],[68.95815,31.11917],[68.96874,31.12449],[68.98949,31.13939],[68.99293,31.13646],[68.99348,31.12307],[68.99729,31.12083],[69.0015,31.12086],[69.02721,31.13546],[69.0348,31.13683],[69.04851,31.13629],[69.06911,31.13123],[69.07367,31.13192],[69.08561,31.14237],[69.09698,31.14638],[69.11148,31.14323],[69.11984,31.1381],[69.14369,31.11863],[69.15523,31.10694],[69.18197,31.09537],[69.18959,31.09346],[69.20328,31.09421],[69.20938,31.0923],[69.21458,31.08853],[69.22806,31.06461],[69.2365,31.05617],[69.24706,31.04915],[69.2641,31.0302],[69.27478,31.02569],[69.28925,31.02252],[69.30368,31.02392],[69.31278,31.02659],[69.32413,31.0332],[69.3551,31.05888],[69.36115,31.06218],[69.36953,31.06092],[69.38175,31.0538],[69.38031,31.04333],[69.35023,31.00066],[69.3419,30.99669],[69.30778,30.98864],[69.304,30.986],[69.28909,30.95191],[69.28156,30.94532],[69.28159,30.94074],[69.28778,30.92836],[69.28712,30.91724],[69.27667,30.89626],[69.27148,30.88184],[69.2592,30.86158],[69.25632,30.8439],[69.25181,30.8393],[69.20421,30.81936],[69.15275,30.80853],[69.1173,30.7893],[69.10152,30.7761],[69.08791,30.77272],[69.07132,30.7654],[69.05701,30.75678],[69.05406,30.74891],[69.0678,30.73987],[69.07013,30.73532],[69.07018,30.73009],[69.08101,30.70991],[69.07966,30.69486],[69.08121,30.6916],[69.08501,30.68967],[69.09032,30.68971],[69.12954,30.70506],[69.13334,30.70378],[69.14124,30.69113],[69.18629,30.68558],[69.20355,30.68258],[69.20831,30.67998],[69.2108,30.67464],[69.21196,30.66118],[69.22462,30.62706],[69.32624,30.62105],[69.34044,30.61526],[69.34763,30.60867],[69.36358,30.58551],[69.38195,30.56902],[69.40901,30.54797],[69.4603,30.52401],[69.47381,30.51348],[69.52609,30.47941],[69.5492,30.4556],[69.56113,30.44837],[69.55065,30.46218],[69.5472,30.46995],[69.54793,30.47904],[69.55683,30.48906],[69.55803,30.49578],[69.55221,30.50172],[69.54022,30.50266],[69.53382,30.50494],[69.53527,30.51471],[69.52791,30.52488],[69.52784,30.53826],[69.52067,30.54235],[69.51645,30.54225],[69.51157,30.54091],[69.49707,30.53205],[69.49293,30.53195],[69.48418,30.53904],[69.46865,30.54049],[69.46253,30.55555],[69.46047,30.57558],[69.4642,30.59088],[69.47353,30.60693],[69.51141,30.634],[69.51901,30.64328],[69.53036,30.66302],[69.52566,30.67944],[69.52952,30.68916],[69.52847,30.70009],[69.53047,30.70379],[69.5294,30.71532],[69.52652,30.71723],[69.52697,30.725],[69.53506,30.73675],[69.53489,30.74223],[69.53188,30.74824],[69.5373,30.75506],[69.54966,30.7657],[69.5566,30.76951],[69.56429,30.77152],[69.5691,30.77589],[69.57575,30.78882],[69.62517,30.83378],[69.63536,30.84679],[69.65601,30.8922],[69.67297,30.9151],[69.67487,30.92245],[69.67463,30.93035],[69.69219,30.95752],[69.7128,30.97745],[69.71823,30.98487],[69.71916,31.00132],[69.72287,31.01905],[69.73163,31.03385],[69.7315,31.03811],[69.71295,31.04916],[69.70497,31.05567],[69.70315,31.06902],[69.71668,31.09001],[69.72426,31.09687],[69.72377,31.10142],[69.71628,31.10339],[69.70427,31.10251],[69.69923,31.10544],[69.6977,31.10906],[69.70484,31.13052],[69.70281,31.15116],[69.69623,31.18144],[69.70007,31.19492],[69.71302,31.21224],[69.71634,31.21962],[69.71622,31.22388],[69.69804,31.23489],[69.69427,31.24272],[69.69626,31.24703],[69.71839,31.26577],[69.71963,31.27356],[69.71965,31.29501],[69.72372,31.30119],[69.73489,31.30752],[69.74516,31.31756],[69.74016,31.32102],[69.72299,31.32551],[69.66673,31.33156],[69.62335,31.33423],[69.58535,31.34614],[69.57452,31.35197],[69.5694,31.35672],[69.56558,31.36515],[69.54325,31.4369],[69.53575,31.47141],[69.53131,31.52121],[69.54387,31.55133],[69.55266,31.56553],[69.56198,31.5864],[69.56873,31.62064],[69.57323,31.65848],[69.58231,31.7092],[69.59865,31.75644],[69.61797,31.80008],[69.62363,31.82455],[69.62171,31.84033],[69.61169,31.86384],[69.60184,31.88187],[69.54615,31.95669]]]},"properties":{"district":"Zhob","province":"Balochistan","pcode":"PK231","pop_2023":355692,"area_km2":11936.6}},{"type":"Feature","geometry":{"type":"Polygon","coordinates":[[[67.70095,30.59349],[67.66545,30.59141],[67.64955,30.58887],[67.62503,30.59056],[67.59718,30.58836],[67.58879,30.58732],[67.56755,30.58029],[67.56209,30.57732],[67.56012,30.57395],[67.5576,30.55902],[67.55357,30.54869],[67.53674,30.53818],[67.53111,30.51824],[67.528,30.51624],[67.49547,30.52169],[67.49256,30.52483],[67.48912,30.53628],[67.47716,30.54316],[67.46587,30.55434],[67.4564,30.5764],[67.44959,30.58496],[67.42658,30.59302],[67.41702,30.59822],[67.39692,30.59851],[67.39116,30.59705],[67.36722,30.58638],[67.32349,30.55462],[67.31885,30.55529],[67.27198,30.52989],[67.26672,30.52442],[67.2633,30.51699],[67.26143,30.50762],[67.25626,30.50038],[67.22415,30.47328],[67.22378,30.469],[67.22808,30.46135],[67.21983,30.44897],[67.21883,30.44375],[67.21805,30.43812],[67.19079,30.406],[67.18837,30.39674],[67.18865,30.39092],[67.19131,30.38423],[67.19268,30.36818],[67.19771,30.36056],[67.20621,30.35308],[67.22238,30.34312],[67.22527,30.33744],[67.2348,30.33251],[67.25891,30.32346],[67.28019,30.33287],[67.29608,30.33968],[67.30476,30.34025],[67.3127,30.33827],[67.33717,30.32432],[67.38814,30.31982],[67.39727,30.31713],[67.40922,30.30988],[67.42779,30.30991],[67.43759,30.31139],[67.44634,30.3166],[67.45352,30.31811],[67.49423,30.31469],[67.51082,30.30894],[67.5153,30.30595],[67.51878,30.29712],[67.52166,30.29433],[67.56153,30.2791],[67.57848,30.27534],[67.60022,30.28866],[67.62132,30.29692],[67.63221,30.29981],[67.64304,30.30077],[67.6703,30.29807],[67.73753,30.32646],[67.74937,30.33932],[67.75706,30.35592],[67.75523,30.36467],[67.74278,30.37055],[67.73707,30.37489],[67.73603,30.37875],[67.73856,30.384],[67.75652,30.38343],[67.83404,30.3742],[67.87168,30.36285],[67.87309,30.35615],[67.86891,30.34859],[67.86888,30.34455],[67.8738,30.3411],[67.89402,30.3319],[67.92431,30.32452],[67.95794,30.31022],[67.98268,30.30343],[67.99081,30.29819],[68.00385,30.28534],[68.01095,30.28122],[68.03332,30.2755],[68.0679,30.27096],[68.09395,30.26418],[68.09875,30.26109],[68.1021,30.24554],[68.10554,30.24161],[68.12884,30.22786],[68.14062,30.21209],[68.15961,30.20799],[68.16598,30.20528],[68.18315,30.1862],[68.1882,30.18374],[68.20049,30.18176],[68.20553,30.17959],[68.2082,30.17378],[68.23073,30.1792],[68.2382,30.17906],[68.26135,30.17609],[68.2992,30.16533],[68.31443,30.16281],[68.32964,30.16294],[68.33328,30.1635],[68.34356,30.16992],[68.37087,30.17647],[68.46201,30.1893],[68.47775,30.19839],[68.50117,30.22309],[68.50966,30.22737],[68.53699,30.23442],[68.54001,30.2371],[68.54119,30.2421],[68.53748,30.24815],[68.53683,30.25343],[68.53983,30.25768],[68.54955,30.26144],[68.57935,30.26297],[68.59993,30.26606],[68.5945,30.27217],[68.57809,30.27444],[68.57178,30.27697],[68.57057,30.28941],[68.56658,30.29234],[68.53229,30.29413],[68.50964,30.2969],[68.50175,30.30006],[68.49651,30.30449],[68.49239,30.31173],[68.49213,30.31914],[68.48956,30.32581],[68.48132,30.3384],[68.48118,30.34244],[68.48334,30.34721],[68.4976,30.36174],[68.51282,30.37081],[68.52346,30.3793],[68.52407,30.38403],[68.51896,30.38649],[68.47181,30.38668],[68.44758,30.38939],[68.41829,30.38118],[68.39037,30.37839],[68.35685,30.38015],[68.33023,30.38345],[68.31445,30.38907],[68.30875,30.39565],[68.31005,30.40243],[68.31958,30.41821],[68.32159,30.42703],[68.31892,30.43572],[68.31063,30.44897],[68.30418,30.45485],[68.28192,30.45637],[68.25519,30.45506],[68.24108,30.45735],[68.23257,30.47599],[68.23475,30.52055],[68.22662,30.52908],[68.17598,30.52706],[68.14397,30.52868],[68.14355,30.5299],[68.13841,30.53122],[68.12717,30.54094],[68.11292,30.54462],[68.09807,30.54434],[68.09862,30.5426],[68.08429,30.53904],[68.05863,30.53692],[68.04517,30.5419],[68.03421,30.54292],[68.02728,30.54068],[68.02122,30.53645],[68.00847,30.52392],[67.98855,30.51522],[67.97868,30.50884],[67.9727,30.50259],[67.96648,30.48351],[67.9626,30.48016],[67.94996,30.48705],[67.93972,30.48942],[67.90761,30.49313],[67.84789,30.50405],[67.8339,30.50292],[67.78001,30.50368],[67.7821,30.51513],[67.78115,30.52038],[67.75991,30.5305],[67.73354,30.54826],[67.71774,30.56334],[67.70095,30.59349]]]},"properties":{"district":"Ziarat","province":"Balochistan","pcode":"PK232","pop_2023":189535,"area_km2":3271.3}},{"type":"Feature","geometry":{"type":"Polygon","coordinates":[[[66.51771,28.55064],[66.48504,28.5514],[66.42508,28.5606],[66.39994,28.57099],[66.38459,28.5824],[66.37606,28.5961],[66.37247,28.62255],[66.35782,28.63616],[66.33681,28.66747],[66.32136,28.67736],[66.31,28.68246],[66.29655,28.68657],[66.24534,28.69616],[66.16247,28.71579],[66.13756,28.71622],[66.09838,28.7232],[66.09112,28.72306],[66.09245,28.70068],[66.08715,28.64872],[66.08417,28.63512],[66.07236,28.61831],[66.06645,28.60666],[66.05755,28.57754],[66.04943,28.56071],[66.01409,28.52063],[66.00302,28.49474],[65.99124,28.47468],[65.95758,28.44111],[65.92968,28.42236],[65.92087,28.40748],[65.90929,28.38209],[65.90096,28.37354],[65.88985,28.35789],[65.88065,28.34108],[65.87225,28.3163],[65.83819,28.24686],[65.83177,28.23014],[65.83122,28.21472],[65.84257,28.20705],[65.85407,28.20379],[65.87409,28.20616],[65.88316,28.20443],[65.8929,28.19827],[65.89922,28.18927],[65.90277,28.173],[65.88746,28.11758],[65.88449,28.08166],[65.88564,28.06767],[65.89568,28.04754],[65.90212,28.04221],[65.91371,28.04187],[65.92045,28.04462],[65.93074,28.05387],[65.94316,28.05351],[65.95053,28.05109],[65.96426,28.04113],[65.97204,28.02768],[65.97969,28.00994],[65.98044,27.98567],[65.97832,27.97324],[65.96059,27.93828],[65.99377,27.93319],[66.03284,27.93203],[66.09016,27.9404],[66.09986,27.94452],[66.13078,27.96154],[66.15378,27.9808],[66.1735,27.99369],[66.20435,28.01769],[66.25871,28.05216],[66.39352,28.11779],[66.47178,28.1505],[66.49944,28.16707],[66.50538,28.17479],[66.51383,28.19319],[66.52,28.21457],[66.52099,28.23754],[66.51726,28.26816],[66.51933,28.28584],[66.50959,28.30422],[66.50015,28.31566],[66.47308,28.33568],[66.4521,28.35682],[66.43786,28.38068],[66.42851,28.40525],[66.42722,28.41857],[66.42899,28.42825],[66.46105,28.4985],[66.48719,28.53155],[66.51771,28.55064]]]},"properties":{"district":"Shaheed Sikandarabad","province":"Balochistan","pcode":"PK233","pop_2023":278092,"area_km2":3706.4}},{"type":"Feature","geometry":{"type":"Polygon","coordinates":[[[69.73954,30.35838],[69.73897,30.36098],[69.73414,30.36608],[69.71936,30.37393],[69.71645,30.37276],[69.71334,30.36602],[69.70963,30.36239],[69.70461,30.36252],[69.68695,30.36983],[69.66595,30.38405],[69.66236,30.38415],[69.65874,30.383],[69.65576,30.37998],[69.65181,30.37977],[69.64742,30.38381],[69.64735,30.38565],[69.65596,30.40606],[69.65253,30.4105],[69.63247,30.41102],[69.61021,30.43086],[69.5905,30.44193],[69.58344,30.44522],[69.57441,30.44546],[69.56113,30.44837],[69.5536,30.43745],[69.54068,30.4244],[69.52632,30.40662],[69.47716,30.359],[69.44938,30.34971],[69.41748,30.34977],[69.38644,30.34647],[69.36172,30.33992],[69.31336,30.34435],[69.28983,30.35128],[69.24888,30.36932],[69.23852,30.37786],[69.22511,30.38432],[69.21079,30.39078],[69.20468,30.39131],[69.15857,30.37011],[69.08836,30.34904],[69.01991,30.32498],[69.00421,30.30373],[68.99578,30.2995],[68.94308,30.29357],[68.91357,30.29221],[68.88416,30.28747],[68.87028,30.28377],[68.79327,30.28461],[68.76792,30.27523],[68.76181,30.2717],[68.71675,30.27058],[68.68506,30.26507],[68.65839,30.27181],[68.64514,30.27282],[68.62741,30.26832],[68.59993,30.26606],[68.57935,30.26297],[68.54955,30.26144],[68.53983,30.25768],[68.53683,30.25343],[68.53748,30.24815],[68.54119,30.2421],[68.54001,30.2371],[68.53699,30.23442],[68.50966,30.22737],[68.50117,30.22309],[68.47775,30.19839],[68.46201,30.1893],[68.37087,30.17647],[68.34356,30.16992],[68.33328,30.1635],[68.32964,30.16294],[68.31443,30.16281],[68.2992,30.16533],[68.26135,30.17609],[68.2382,30.17906],[68.23073,30.1792],[68.2082,30.17378],[68.21079,30.1686],[68.21283,30.15404],[68.21726,30.14601],[68.2283,30.13872],[68.2754,30.11536],[68.28948,30.10651],[68.31879,30.09566],[68.34634,30.07688],[68.37386,30.06125],[68.38301,30.05762],[68.38793,30.05289],[68.3898,30.04712],[68.3899,30.03761],[68.39238,30.03235],[68.40944,30.01609],[68.47991,29.95098],[68.49384,29.94404],[68.53403,29.92952],[68.55538,29.9154],[68.57238,29.91392],[68.59785,29.91619],[68.62516,29.91477],[68.68581,29.91827],[68.72279,29.92216],[68.75977,29.92868],[68.7858,29.93936],[68.80456,29.94894],[68.82088,29.96169],[68.85524,29.99679],[68.88494,30.008],[68.90739,30.0123],[68.92376,30.01817],[68.94012,30.02773],[68.94437,30.02827],[68.96752,30.0125],[68.9724,30.0067],[68.9817,29.98577],[69.00839,29.98855],[69.01583,29.98107],[69.04072,29.97614],[69.04959,29.97917],[69.06528,29.98895],[69.07405,29.99215],[69.08935,29.9911],[69.11366,29.98527],[69.13222,29.99114],[69.14517,29.9894],[69.16108,30.00324],[69.17984,30.00786],[69.22283,30.00933],[69.26695,30.00881],[69.31145,30.01108],[69.32112,30.01375],[69.32515,30.00958],[69.3348,30.00865],[69.34172,30.01502],[69.35356,30.01625],[69.35401,30.01946],[69.35092,30.02583],[69.35313,30.02811],[69.35725,30.02866],[69.37031,30.02634],[69.40407,30.0448],[69.40332,30.06138],[69.42489,30.08448],[69.43778,30.10096],[69.49802,30.15851],[69.53879,30.20078],[69.56696,30.22685],[69.57814,30.23256],[69.58345,30.23315],[69.58764,30.23165],[69.59064,30.22655],[69.58884,30.21816],[69.57835,30.20437],[69.56277,30.1893],[69.56277,30.18489],[69.56545,30.17861],[69.55737,30.15732],[69.55947,30.15372],[69.57903,30.15091],[69.58165,30.14713],[69.58195,30.14233],[69.59424,30.13783],[69.59933,30.13903],[69.60713,30.14383],[69.61522,30.15132],[69.6314,30.172],[69.64459,30.19328],[69.64549,30.19958],[69.6413,30.20857],[69.64549,30.21516],[69.66408,30.23375],[69.68985,30.26612],[69.69944,30.28141],[69.70612,30.29921],[69.72942,30.32757],[69.72792,30.33146],[69.72378,30.33561],[69.72378,30.33784],[69.73541,30.35124],[69.73954,30.35838]]]},"properties":{"district":"Duki","province":"Balochistan","pcode":"PK234","pop_2023":205044,"area_km2":4336.5}},{"type":"Feature","geometry":{"type":"Polygon","coordinates":[[[66.76859,31.20975],[66.73107,31.21251],[66.72015,31.20597],[66.71316,31.1826],[66.7093,31.1607],[66.7036,31.15067],[66.69694,31.13212],[66.6862,31.11527],[66.68815,31.10112],[66.68423,31.0932],[66.68317,31.07459],[66.66697,31.06671],[66.66423,31.06299],[66.63879,31.04177],[66.61816,31.02047],[66.57964,30.9885],[66.56267,30.97769],[66.53389,30.97026],[66.48415,30.96403],[66.48239,30.96191],[66.44621,30.95588],[66.40097,30.94473],[66.39133,30.9405],[66.38657,30.93392],[66.33304,30.74059],[66.31609,30.6884],[66.28106,30.56928],[66.28269,30.55694],[66.29233,30.53778],[66.2979,30.5093],[66.30537,30.50244],[66.32573,30.49338],[66.36542,30.54446],[66.36811,30.54619],[66.37239,30.54626],[66.38723,30.54415],[66.39186,30.54625],[66.41122,30.56845],[66.41969,30.57263],[66.42502,30.57845],[66.42692,30.58359],[66.42304,30.58923],[66.40853,30.59224],[66.40223,30.59517],[66.3996,30.6],[66.40155,30.60828],[66.41521,30.625],[66.44202,30.64631],[66.45937,30.655],[66.47175,30.65924],[66.48805,30.66253],[66.51023,30.66456],[66.52953,30.67328],[66.56963,30.67626],[66.57817,30.67807],[66.59879,30.69348],[66.6131,30.69975],[66.61806,30.70521],[66.62482,30.71844],[66.6267,30.72577],[66.62612,30.73108],[66.6226,30.73187],[66.61677,30.73077],[66.61059,30.72765],[66.60254,30.72046],[66.59866,30.71973],[66.59607,30.72205],[66.59813,30.72645],[66.61116,30.73809],[66.62313,30.76385],[66.62317,30.80585],[66.62502,30.81093],[66.65923,30.83835],[66.7477,30.89043],[66.75919,30.9027],[66.77224,30.90683],[66.78415,30.91844],[66.79112,30.9219],[66.81254,30.92622],[66.82868,30.94192],[66.83416,30.94481],[66.84333,30.94914],[66.84852,30.96938],[66.84994,30.98937],[66.84709,31.01221],[66.8271,31.05861],[66.82353,31.07431],[66.82139,31.09144],[66.82496,31.14998],[66.82353,31.16497],[66.81782,31.18139],[66.80355,31.18567],[66.79355,31.18638],[66.78284,31.19067],[66.7807,31.19566],[66.76859,31.20975]]]},"properties":{"district":"Chaman","province":"Balochistan","pcode":"PK235","pop_2023":466218,"area_km2":1635.5}},{"type":"Feature","geometry":{"type":"Polygon","coordinates":[[[74.7391,35.72086],[74.73818,35.72591],[74.74345,35.73392],[74.74116,35.74171],[74.74162,35.74676],[74.75353,35.7534],[74.75857,35.76188],[74.7588,35.76531],[74.75628,35.77287],[74.7478,35.78135],[74.74139,35.78616],[74.73062,35.788],[74.72902,35.79006],[74.72925,35.79624],[74.73131,35.79945],[74.73727,35.80312],[74.74001,35.8187],[74.73795,35.84046],[74.74024,35.84917],[74.73681,35.85261],[74.732,35.85261],[74.72604,35.851],[74.70519,35.83703],[74.69511,35.83451],[74.68457,35.83382],[74.6793,35.83084],[74.65868,35.83015],[74.6518,35.82695],[74.64722,35.81572],[74.6447,35.81274],[74.6321,35.8061],[74.62843,35.79739],[74.62316,35.79098],[74.62293,35.78571],[74.6266,35.78089],[74.64722,35.77631],[74.65089,35.77402],[74.65203,35.76967],[74.64378,35.75317],[74.63737,35.7479],[74.62431,35.74263],[74.62385,35.72618],[74.62798,35.71789],[74.63324,35.7133],[74.64218,35.71216],[74.64579,35.71036],[74.64768,35.70895],[74.64814,35.70322],[74.64539,35.69681],[74.64012,35.69222],[74.63783,35.67298],[74.63393,35.66885],[74.61835,35.66129],[74.61377,35.65602],[74.61285,35.64915],[74.6156,35.64617],[74.6156,35.64136],[74.61377,35.62693],[74.61599,35.62415],[74.6305,35.61364],[74.63256,35.61066],[74.63233,35.60287],[74.62683,35.59439],[74.6266,35.58981],[74.6305,35.58706],[74.63829,35.58523],[74.64058,35.57492],[74.64539,35.56919],[74.64814,35.56965],[74.65455,35.57606],[74.65616,35.57469],[74.65868,35.563],[74.66784,35.55177],[74.66922,35.54353],[74.6683,35.53344],[74.67884,35.51168],[74.67655,35.50114],[74.67792,35.49862],[74.69327,35.4906],[74.70038,35.48464],[74.7045,35.47823],[74.71573,35.45257],[74.71825,35.44271],[74.71092,35.43584],[74.71642,35.42576],[74.71664,35.41728],[74.7226,35.40995],[74.72421,35.39964],[74.73154,35.38429],[74.7265,35.37879],[74.72398,35.37169],[74.71756,35.36527],[74.71596,35.35313],[74.71137,35.3458],[74.70404,35.3419],[74.69534,35.3403],[74.68319,35.33526],[74.67609,35.31624],[74.67472,35.30387],[74.66509,35.29699],[74.65868,35.28829],[74.65478,35.28691],[74.64814,35.27294],[74.64058,35.26446],[74.63829,35.25896],[74.63004,35.26011],[74.61308,35.25942],[74.59246,35.25025],[74.59246,35.2443],[74.5888,35.23765],[74.57849,35.22986],[74.57322,35.22894],[74.56978,35.22642],[74.55007,35.22574],[74.54114,35.22047],[74.52854,35.21841],[74.52052,35.21932],[74.51708,35.21909],[74.51571,35.21749],[74.51044,35.21772],[74.50265,35.22138],[74.48775,35.21955],[74.48523,35.21726],[74.48271,35.21039],[74.4724,35.20787],[74.46805,35.20351],[74.46301,35.2026],[74.45728,35.1932],[74.44836,35.19138],[74.44193,35.18702],[74.44033,35.1822],[74.43483,35.17923],[74.43279,35.17402],[74.42566,35.16708],[74.41283,35.16021],[74.40435,35.14784],[74.40458,35.14555],[74.41237,35.14302],[74.4181,35.13821],[74.42795,35.13592],[74.43763,35.1312],[74.43947,35.13411],[74.4425,35.13466],[74.45194,35.13377],[74.45931,35.11931],[74.46635,35.1106],[74.47783,35.1127],[74.48472,35.11236],[74.49435,35.10845],[74.50978,35.09915],[74.50771,35.092],[74.51102,35.08489],[74.51913,35.07785],[74.52509,35.07579],[74.53239,35.07085],[74.53699,35.06557],[74.53761,35.05591],[74.53119,35.05101],[74.52853,35.036],[74.53651,35.02976],[74.53986,35.02328],[74.55426,35.01323],[74.56227,35.01267],[74.56788,35.01838],[74.57462,35.01867],[74.57785,35.00809],[74.5835,35.00164],[74.57904,34.9971],[74.57219,34.9939],[74.57278,34.98124],[74.56469,34.97314],[74.56768,34.96446],[74.56275,34.96014],[74.56271,34.95698],[74.56914,34.94979],[74.5747,34.9473],[74.57042,34.94136],[74.57033,34.93505],[74.56338,34.92926],[74.56851,34.92868],[74.57195,34.92598],[74.56596,34.90751],[74.57401,34.90364],[74.59999,34.91933],[74.61317,34.91628],[74.6332,34.90842],[74.63918,34.90385],[74.64515,34.9018],[74.65353,34.90121],[74.66416,34.90745],[74.66652,34.89817],[74.67133,34.89603],[74.6774,34.88009],[74.68743,34.87357],[74.69884,34.87503],[74.70567,34.85757],[74.71095,34.85651],[74.71741,34.8609],[74.72277,34.86094],[74.7281,34.85276],[74.72823,34.84759],[74.72588,34.8433],[74.73566,34.83854],[74.75255,34.82147],[74.75912,34.81794],[74.76445,34.81287],[74.76659,34.79536],[74.76958,34.78633],[74.78239,34.76397],[74.79142,34.75592],[74.79949,34.75262],[74.82656,34.7265],[74.86488,34.67993],[74.89375,34.68449],[74.91051,34.68322],[74.92781,34.67831],[74.94672,34.66635],[74.9989,34.65027],[75.00365,34.64676],[75.01874,34.6415],[75.0418,34.64143],[75.0508,34.64392],[75.0545,34.64662],[75.08473,34.65538],[75.10555,34.65566],[75.11121,34.65799],[75.1423,34.66241],[75.16466,34.66045],[75.1779,34.65732],[75.20735,34.64633],[75.2197,34.65251],[75.23004,34.67331],[75.23781,34.67605],[75.2442,34.68382],[75.25209,34.68456],[75.25677,34.68816],[75.25174,34.70187],[75.25631,34.70872],[75.25654,34.71352],[75.26179,34.71991],[75.26385,34.72791],[75.25677,34.73681],[75.24763,34.75623],[75.2458,34.77428],[75.2474,34.78661],[75.23233,34.80557],[75.2225,34.81151],[75.19783,34.82202],[75.17591,34.83526],[75.15512,34.83549],[75.15146,34.83298],[75.1485,34.83366],[75.14553,34.838],[75.14758,34.85217],[75.14416,34.85719],[75.14667,34.86724],[75.14547,34.87025],[75.13764,34.87528],[75.12223,34.87981],[75.11629,34.8878],[75.1074,34.89522],[75.10433,34.90067],[75.10728,34.90129],[75.11649,34.90824],[75.1251,34.90839],[75.12857,34.91156],[75.13748,34.91262],[75.14156,34.91625],[75.14655,34.9164],[75.15002,34.91836],[75.15244,34.92803],[75.15863,34.93135],[75.16165,34.93543],[75.17595,34.93387],[75.18868,34.93559],[75.19669,34.9393],[75.21119,34.95139],[75.21139,34.95622],[75.20575,34.96307],[75.20535,34.9679],[75.20011,34.97454],[75.20011,34.97797],[75.20354,34.9826],[75.2134,34.98783],[75.21803,34.99569],[75.22468,35.00173],[75.2281,35.01079],[75.22669,35.01502],[75.2275,35.02348],[75.21582,35.02992],[75.21501,35.03959],[75.20776,35.04623],[75.20797,35.05167],[75.21078,35.05489],[75.21199,35.06194],[75.21532,35.06664],[75.21562,35.0706],[75.20595,35.07483],[75.20152,35.07906],[75.19528,35.09235],[75.19367,35.10705],[75.21179,35.10785],[75.21481,35.11249],[75.21179,35.12235],[75.21622,35.12739],[75.22327,35.1296],[75.22347,35.13222],[75.21884,35.13786],[75.22166,35.14289],[75.22629,35.14632],[75.23314,35.14632],[75.23656,35.15115],[75.242,35.15095],[75.2573,35.15397],[75.26415,35.15719],[75.26576,35.16021],[75.26133,35.16243],[75.24804,35.16223],[75.24385,35.1654],[75.2416,35.17068],[75.24119,35.18136],[75.23696,35.19001],[75.23776,35.19462],[75.23099,35.19321],[75.22568,35.19579],[75.21179,35.19001],[75.20615,35.19525],[75.19729,35.19827],[75.19367,35.20331],[75.19347,35.20794],[75.18481,35.21358],[75.17031,35.22667],[75.1697,35.23452],[75.17373,35.24177],[75.175,35.25226],[75.17786,35.25541],[75.17815,35.27087],[75.17557,35.27803],[75.177,35.3061],[75.17156,35.31441],[75.16756,35.33351],[75.15552,35.34591],[75.12803,35.35794],[75.114,35.37913],[75.10655,35.38457],[75.09859,35.38635],[75.09721,35.38818],[75.10179,35.3946],[75.10134,35.40124],[75.0869,35.42003],[75.07744,35.41843],[75.06903,35.42003],[75.06536,35.42461],[75.06559,35.4308],[75.05849,35.43469],[75.04612,35.43424],[75.03924,35.43905],[75.02802,35.43561],[75.0255,35.4363],[75.01565,35.44661],[75.01496,35.46058],[75.01106,35.46952],[75.00602,35.47571],[75.00236,35.47662],[74.998,35.47548],[74.98998,35.46998],[74.98105,35.47433],[74.97326,35.47548],[74.96684,35.48006],[74.95974,35.49243],[74.95333,35.4961],[74.95012,35.50687],[74.94691,35.51099],[74.92537,35.52451],[74.90704,35.52359],[74.90269,35.53596],[74.89169,35.54169],[74.88346,35.54352],[74.87749,35.54948],[74.86328,35.55819],[74.86122,35.56163],[74.86466,35.56346],[74.87038,35.57171],[74.86993,35.5756],[74.8659,35.58057],[74.85984,35.58064],[74.8516,35.58637],[74.83441,35.60081],[74.83281,35.60562],[74.83395,35.61616],[74.84701,35.61662],[74.85137,35.61868],[74.85343,35.62074],[74.85544,35.63186],[74.86099,35.6354],[74.86741,35.6354],[74.87267,35.64067],[74.87084,35.65969],[74.87772,35.66794],[74.8784,35.67802],[74.87061,35.69635],[74.86214,35.70551],[74.85778,35.7078],[74.84541,35.70987],[74.82868,35.72064],[74.82181,35.72086],[74.81287,35.7133],[74.79592,35.71147],[74.79202,35.71216],[74.78606,35.71692],[74.77988,35.71812],[74.7698,35.71216],[74.75078,35.71239],[74.74162,35.71766],[74.7391,35.72086]]]},"properties":{"district":"Astore","province":"Gilgit Baltistan","pcode":"PK301","pop_2023":null,"area_km2":5132.5}},{"type":"Feature","geometry":{"type":"Polygon","coordinates":[[[74.61599,35.62415],[74.61081,35.62119],[74.59813,35.61997],[74.58067,35.62798],[74.56979,35.62941],[74.56693,35.62798],[74.56378,35.6234],[74.56378,35.61224],[74.55462,35.60022],[74.53946,35.58763],[74.53717,35.58391],[74.53545,35.57389],[74.52829,35.57589],[74.51914,35.57618],[74.51313,35.57389],[74.50454,35.57389],[74.48594,35.57618],[74.48308,35.57504],[74.47563,35.56216],[74.46819,35.5593],[74.45875,35.56187],[74.45217,35.56788],[74.44272,35.56788],[74.43843,35.57046],[74.43242,35.57046],[74.4287,35.57246],[74.42126,35.57361],[74.40666,35.58248],[74.40403,35.58039],[74.40058,35.57089],[74.39199,35.56938],[74.38233,35.5726],[74.37031,35.58205],[74.3598,35.59793],[74.35057,35.59299],[74.3422,35.59257],[74.33876,35.59385],[74.32803,35.60158],[74.30871,35.62262],[74.30635,35.62369],[74.30227,35.62219],[74.29755,35.62326],[74.28725,35.62863],[74.28231,35.64022],[74.2748,35.63657],[74.26299,35.6385],[74.26385,35.6327],[74.25569,35.6297],[74.23165,35.62991],[74.22758,35.64236],[74.22393,35.64601],[74.21598,35.65009],[74.21105,35.6619],[74.19967,35.66812],[74.1898,35.67134],[74.18593,35.6752],[74.184,35.68229],[74.17907,35.68658],[74.17627,35.69238],[74.17091,35.71105],[74.16884,35.71347],[74.16215,35.71539],[74.15744,35.71889],[74.15439,35.71458],[74.14899,35.71155],[74.14921,35.70204],[74.14856,35.69966],[74.14618,35.69858],[74.14597,35.69556],[74.13667,35.68972],[74.1384,35.67891],[74.12781,35.66335],[74.12522,35.66205],[74.12024,35.6627],[74.11635,35.66594],[74.11506,35.67005],[74.10728,35.67459],[74.10058,35.67632],[74.08523,35.67654],[74.07529,35.67243],[74.06232,35.67156],[74.05973,35.66919],[74.04827,35.66897],[74.04114,35.65535],[74.03617,35.65276],[74.03487,35.65038],[74.03465,35.64087],[74.02579,35.63374],[74.02385,35.62661],[74.01736,35.61991],[74.01347,35.61818],[73.99942,35.62077],[73.97781,35.61948],[73.96938,35.60975],[73.96722,35.60348],[73.9603,35.59289],[73.93156,35.57322],[73.92572,35.56566],[73.92378,35.55593],[73.92032,35.55507],[73.91297,35.54772],[73.8879,35.5395],[73.87233,35.53734],[73.85782,35.52568],[73.84375,35.52578],[73.83159,35.51821],[73.82268,35.52038],[73.81187,35.52011],[73.80712,35.52254],[73.79998,35.52254],[73.7884,35.51686],[73.80678,35.50411],[73.80304,35.50305],[73.76082,35.4461],[73.74887,35.43832],[73.72192,35.42749],[73.71499,35.42055],[73.70943,35.4136],[73.70526,35.40471],[73.69942,35.38388],[73.6972,35.36277],[73.69914,35.33277],[73.69775,35.31194],[73.69887,35.30193],[73.71249,35.26361],[73.7236,35.22499],[73.72665,35.22138],[73.73054,35.21971],[73.74109,35.22305],[73.75694,35.23277],[73.76999,35.23833],[73.7811,35.24055],[73.79387,35.23916],[73.80462,35.23613],[73.81387,35.2311],[73.83971,35.2111],[73.84972,35.20777],[73.86249,35.2075],[73.8911,35.21166],[73.91554,35.20943],[73.93027,35.20305],[73.94386,35.1911],[73.95526,35.18333],[73.95974,35.1819],[73.96748,35.17944],[73.9947,35.17639],[74.00821,35.1695],[74.01832,35.16027],[74.01971,35.15582],[74.02777,35.14555],[74.03167,35.14332],[74.04498,35.14138],[74.04999,35.14194],[74.07443,35.15082],[74.08028,35.1511],[74.09499,35.14527],[74.12743,35.12475],[74.11591,35.12306],[74.13843,35.10133],[74.1414,35.10024],[74.14279,35.09051],[74.15249,35.08834],[74.16074,35.08042],[74.17179,35.08018],[74.1899,35.08442],[74.20182,35.08442],[74.20396,35.08545],[74.20619,35.09245],[74.21619,35.08714],[74.21579,35.06698],[74.22708,35.06544],[74.23605,35.06998],[74.23795,35.06601],[74.23763,35.05109],[74.24857,35.03936],[74.25391,35.03902],[74.27426,35.04173],[74.28163,35.04692],[74.28883,35.05954],[74.29579,35.06607],[74.29949,35.06739],[74.3158,35.06573],[74.33127,35.06032],[74.36661,35.05913],[74.37508,35.06126],[74.39082,35.08361],[74.39677,35.08775],[74.40495,35.09777],[74.42492,35.10683],[74.4294,35.11036],[74.43172,35.11955],[74.43763,35.1312],[74.42795,35.13592],[74.4181,35.13821],[74.41237,35.14302],[74.40458,35.14555],[74.40435,35.14784],[74.41283,35.16021],[74.42566,35.16708],[74.43279,35.17402],[74.43483,35.17923],[74.44033,35.1822],[74.44193,35.18702],[74.44836,35.19138],[74.45728,35.1932],[74.46301,35.2026],[74.46805,35.20351],[74.4724,35.20787],[74.48271,35.21039],[74.48523,35.21726],[74.48775,35.21955],[74.50265,35.22138],[74.51044,35.21772],[74.51571,35.21749],[74.51708,35.21909],[74.52052,35.21932],[74.52854,35.21841],[74.54114,35.22047],[74.55007,35.22574],[74.56978,35.22642],[74.57322,35.22894],[74.57849,35.22986],[74.5888,35.23765],[74.59246,35.2443],[74.59246,35.25025],[74.61308,35.25942],[74.63004,35.26011],[74.63829,35.25896],[74.64058,35.26446],[74.64814,35.27294],[74.65478,35.28691],[74.65868,35.28829],[74.66509,35.29699],[74.67472,35.30387],[74.67609,35.31624],[74.68319,35.33526],[74.69534,35.3403],[74.70404,35.3419],[74.71137,35.3458],[74.71596,35.35313],[74.71756,35.36527],[74.72398,35.37169],[74.7265,35.37879],[74.73154,35.38429],[74.72421,35.39964],[74.7226,35.40995],[74.71664,35.41728],[74.71642,35.42576],[74.71092,35.43584],[74.71825,35.44271],[74.71573,35.45257],[74.7045,35.47823],[74.70038,35.48464],[74.69327,35.4906],[74.67792,35.49862],[74.67655,35.50114],[74.67884,35.51168],[74.6683,35.53344],[74.66922,35.54353],[74.66784,35.55177],[74.65868,35.563],[74.65616,35.57469],[74.65455,35.57606],[74.64814,35.56965],[74.64539,35.56919],[74.64058,35.57492],[74.63829,35.58523],[74.6305,35.58706],[74.6266,35.58981],[74.62683,35.59439],[74.63233,35.60287],[74.63256,35.61066],[74.6305,35.61364],[74.61599,35.62415]]]},"properties":{"district":"Diamir","province":"Gilgit Baltistan","pcode":"PK302","pop_2023":null,"area_km2":4215.5}},{"type":"Feature","geometry":{"type":"Polygon","coordinates":[[[76.90022,35.6191],[76.8829,35.60537],[76.86382,35.5962],[76.85999,35.59175],[76.84369,35.58537],[76.82662,35.55672],[76.79081,35.51524],[76.76544,35.47884],[76.75568,35.45602],[76.74491,35.44406],[76.72953,35.42201],[76.70886,35.43741],[76.69573,35.45106],[76.68639,35.45385],[76.6819,35.45859],[76.67535,35.46917],[76.67123,35.48225],[76.67087,35.48876],[76.66466,35.50177],[76.6636,35.50815],[76.65509,35.5227],[76.65438,35.52908],[76.62848,35.55605],[76.61259,35.57026],[76.60118,35.5775],[76.58769,35.58531],[76.569,35.59228],[76.56209,35.59646],[76.52718,35.62571],[76.51819,35.63073],[76.49074,35.65249],[76.4868,35.6592],[76.45773,35.68678],[76.44584,35.68772],[76.42926,35.68433],[76.41301,35.67841],[76.39869,35.67554],[76.36794,35.66342],[76.35509,35.66029],[76.31174,35.6387],[76.30028,35.6273],[76.28987,35.62146],[76.24964,35.60675],[76.22847,35.59396],[76.19165,35.55698],[76.18052,35.54196],[76.16801,35.53028],[76.15621,35.52277],[76.13228,35.51277],[76.08237,35.50252],[76.01956,35.46611],[76.01022,35.45487],[76.00493,35.43857],[76.00307,35.42241],[76.00451,35.41018],[76.00345,35.40573],[76.00597,35.39307],[76.00338,35.37956],[75.99639,35.35953],[75.98665,35.34507],[75.96684,35.32282],[75.95406,35.32041],[75.93089,35.29602],[75.92498,35.28123],[75.91241,35.25954],[75.90945,35.23884],[75.91228,35.22844],[75.91358,35.22541],[75.93452,35.20693],[75.93545,35.1943],[75.93884,35.19029],[75.95421,35.18046],[75.98205,35.15425],[75.98636,35.15137],[75.99101,35.15051],[76.00274,35.14965],[76.01538,35.1439],[76.02142,35.14477],[76.02802,35.14333],[76.04843,35.13557],[76.0763,35.12867],[76.1036,35.11977],[76.11078,35.11517],[76.11912,35.11287],[76.12601,35.10798],[76.1378,35.10454],[76.15791,35.09189],[76.16337,35.08614],[76.17831,35.07954],[76.19326,35.07752],[76.20504,35.07293],[76.21998,35.07264],[76.23176,35.06919],[76.2467,35.06977],[76.25475,35.06747],[76.26998,35.06603],[76.27889,35.05913],[76.28607,35.05051],[76.29412,35.04735],[76.32532,35.0482],[76.33693,35.04678],[76.34498,35.03643],[76.35015,35.03327],[76.36021,35.02982],[76.37716,35.01804],[76.39239,35.01545],[76.39469,35.01344],[76.39305,35.00145],[76.39726,34.99513],[76.40909,34.98782],[76.41277,34.98257],[76.41365,34.97559],[76.40863,34.95673],[76.41115,34.94261],[76.41736,34.93022],[76.43352,34.90704],[76.45203,34.87329],[76.45157,34.86313],[76.45568,34.84427],[76.46505,34.83381],[76.47393,34.82732],[76.49258,34.81849],[76.49588,34.81279],[76.49354,34.80499],[76.48548,34.80016],[76.48392,34.79313],[76.48974,34.79238],[76.51409,34.7838],[76.54532,34.76559],[76.56181,34.75834],[76.57098,34.75842],[76.58002,34.75552],[76.6525,34.75656],[76.67164,34.75742],[76.68182,34.75959],[76.68719,34.76321],[76.6967,34.77913],[76.70619,34.80125],[76.73785,34.83074],[76.74324,34.84009],[76.74469,34.84473],[76.74344,34.86489],[76.73886,34.90193],[76.74337,34.91814],[76.74937,34.9266],[76.76331,34.93305],[76.79934,34.93577],[76.80442,34.93433],[76.81105,34.93545],[76.82552,34.94165],[76.86315,34.97084],[76.87004,34.97243],[76.88351,34.97032],[76.9014,34.96307],[76.90843,34.96168],[76.95034,34.94094],[76.97036,34.93558],[76.98875,34.93522],[76.99749,34.93915],[77.01014,34.95629],[77.01145,34.96672],[77.01096,35.02758],[77.01379,35.03512],[77.0181,35.03846],[77.02692,35.0408],[77.05226,35.02456],[77.07684,35.02456],[77.12598,35.04299],[77.83397,35.50214],[77.81405,35.51947],[77.80565,35.51434],[77.80017,35.49406],[77.79475,35.4923],[77.7744,35.49433],[77.75504,35.49814],[77.73742,35.48466],[77.73197,35.47669],[77.73043,35.46968],[77.73319,35.46258],[77.7301,35.46019],[77.72547,35.45886],[77.70036,35.45745],[77.69505,35.45468],[77.69186,35.44947],[77.68797,35.44921],[77.68138,35.45766],[77.66468,35.47228],[77.655,35.47849],[77.64599,35.4794],[77.63939,35.47498],[77.64098,35.45875],[77.63702,35.45602],[77.61448,35.46393],[77.60119,35.46529],[77.59298,35.46442],[77.58814,35.46136],[77.58556,35.46142],[77.58351,35.46428],[77.58286,35.47063],[77.57986,35.47467],[77.57575,35.47677],[77.53684,35.48252],[77.52788,35.47744],[77.51614,35.48302],[77.49973,35.48127],[77.47423,35.47423],[77.44908,35.4613],[77.43843,35.46181],[77.41717,35.47],[77.39413,35.46855],[77.38532,35.47194],[77.37697,35.47789],[77.37465,35.48638],[77.3755,35.49287],[77.36957,35.49616],[77.35225,35.49498],[77.34458,35.50112],[77.33536,35.52485],[77.32862,35.53154],[77.30485,35.5413],[77.26539,35.5352],[77.24505,35.52876],[77.20928,35.52012],[77.19292,35.52008],[77.18269,35.5238],[77.17405,35.53047],[77.15029,35.54047],[77.12804,35.55615],[77.10366,35.56366],[77.09037,35.57028],[77.0769,35.58218],[77.06955,35.59171],[77.06149,35.59643],[77.04613,35.59975],[77.0271,35.6009],[77.00621,35.61155],[76.99531,35.61185],[76.99023,35.60719],[76.98661,35.60056],[76.97669,35.59597],[76.96409,35.59267],[76.95544,35.59355],[76.93891,35.60237],[76.91524,35.60946],[76.90022,35.6191]]]},"properties":{"district":"Ghanche","province":"Gilgit Baltistan","pcode":"PK303","pop_2023":null,"area_km2":8674}},{"type":"Feature","geometry":{"type":"Polygon","coordinates":[[[74.04525,36.82887],[74.03114,36.82915],[74.02526,36.83298],[74.00608,36.83677],[74,36.83402],[73.97968,36.83303],[73.9632,36.83751],[73.93554,36.86736],[73.90833,36.88103],[73.88381,36.87921],[73.87914,36.88547],[73.84658,36.89861],[73.82214,36.89763],[73.80018,36.88969],[73.79436,36.89516],[73.79074,36.90134],[73.7846,36.90343],[73.77593,36.90144],[73.76331,36.90224],[73.74996,36.90649],[73.74024,36.90456],[73.73352,36.90073],[73.7251,36.90127],[73.71386,36.90538],[73.70505,36.91273],[73.69347,36.91346],[73.66255,36.91116],[73.63955,36.90325],[73.66302,36.88825],[73.66858,36.8813],[73.67663,36.86603],[73.68497,36.85574],[73.69635,36.84686],[73.71053,36.84074],[73.73413,36.83463],[73.78081,36.82881],[73.78636,36.82242],[73.79054,36.80908],[73.79748,36.80325],[73.81749,36.8027],[73.82388,36.80131],[73.83305,36.79687],[73.84027,36.79131],[73.85359,36.77381],[73.8611,36.7577],[73.86304,36.74825],[73.86249,36.73325],[73.8547,36.7138],[73.84792,36.70783],[73.84305,36.70574],[73.83076,36.70548],[73.79414,36.71851],[73.78137,36.72101],[73.76776,36.72129],[73.75665,36.71961],[73.73663,36.71323],[73.70692,36.72072],[73.70108,36.72016],[73.69107,36.71711],[73.67552,36.70628],[73.66025,36.70266],[73.60314,36.70609],[73.58567,36.68095],[73.58532,36.67565],[73.58956,36.66436],[73.60262,36.65023],[73.6065,36.64317],[73.6065,36.63964],[73.59591,36.6234],[73.59485,36.61775],[73.58285,36.61069],[73.58073,36.60116],[73.56767,36.59763],[73.5426,36.5941],[73.52636,36.58562],[73.52283,36.5828],[73.52142,36.56973],[73.53589,36.57115],[73.54846,36.56719],[73.54959,36.56578],[73.54677,36.56041],[73.54761,36.5542],[73.56569,36.5494],[73.56569,36.54177],[73.55976,36.53302],[73.56569,36.52652],[73.56626,36.51776],[73.5736,36.51635],[73.58433,36.51127],[73.58885,36.51098],[73.59478,36.51296],[73.60947,36.50364],[73.61794,36.50421],[73.61964,36.49517],[73.63404,36.48839],[73.63602,36.485],[73.63602,36.47963],[73.63263,36.45675],[73.62501,36.45167],[73.62303,36.44291],[73.61823,36.44122],[73.62501,36.43952],[73.62839,36.43529],[73.64167,36.42936],[73.65805,36.42625],[73.65946,36.41523],[73.65438,36.40789],[73.65382,36.40394],[73.65664,36.40196],[73.67133,36.40083],[73.67415,36.39942],[73.68065,36.39348],[73.68601,36.38303],[73.69251,36.37993],[73.69534,36.37371],[73.69731,36.36684],[73.69788,36.35168],[73.69477,36.33982],[73.69929,36.32541],[73.71144,36.31581],[73.71257,36.30253],[73.71511,36.30112],[73.71595,36.28418],[73.71257,36.27994],[73.69957,36.2709],[73.68545,36.26469],[73.66427,36.25904],[73.65325,36.25113],[73.64958,36.25028],[73.64562,36.24633],[73.64308,36.23927],[73.63913,36.23418],[73.64139,36.22373],[73.6476,36.21272],[73.64619,36.20311],[73.64111,36.18955],[73.62614,36.18221],[73.62416,36.17063],[73.62049,36.16611],[73.62275,36.15453],[73.62811,36.15114],[73.62811,36.14323],[73.62557,36.14126],[73.62529,36.13589],[73.6267,36.13335],[73.6315,36.13165],[73.63489,36.12685],[73.63828,36.12572],[73.63913,36.12148],[73.64223,36.11894],[73.65071,36.11583],[73.6506,36.11188],[73.6567,36.10013],[73.65692,36.09245],[73.65963,36.08635],[73.65624,36.07482],[73.65489,36.06126],[73.6463,36.06081],[73.64291,36.06307],[73.6341,36.06307],[73.6341,36.06014],[73.64201,36.04635],[73.64156,36.03709],[73.63523,36.02647],[73.64065,36.02104],[73.65308,36.01539],[73.66076,36.00907],[73.67952,36.00658],[73.6759,35.99913],[73.6759,35.99461],[73.69398,35.98353],[73.69805,35.97563],[73.70302,35.97563],[73.71499,35.97924],[73.71771,35.97834],[73.7211,35.97337],[73.72132,35.96907],[73.72946,35.95868],[73.729,35.95054],[73.73623,35.94377],[73.7455,35.94151],[73.74573,35.93699],[73.74098,35.93314],[73.74053,35.92863],[73.74301,35.91032],[73.74776,35.90626],[73.7464,35.90128],[73.74256,35.89677],[73.74753,35.8936],[73.74663,35.88569],[73.74844,35.88366],[73.75386,35.8823],[73.75431,35.87688],[73.75748,35.87214],[73.76041,35.87168],[73.76358,35.87055],[73.76629,35.87168],[73.77181,35.88049],[73.77772,35.87632],[73.78364,35.87558],[73.78798,35.86852],[73.80154,35.86694],[73.80606,35.86445],[73.8099,35.86445],[73.82526,35.8692],[73.8282,35.87462],[73.83272,35.87869],[73.84854,35.86649],[73.85554,35.86581],[73.85871,35.86377],[73.86277,35.84931],[73.87226,35.84163],[73.88062,35.83915],[73.8874,35.83915],[73.89734,35.84728],[73.90367,35.84728],[73.90616,35.84886],[73.90706,35.85767],[73.90909,35.85903],[73.9152,35.85903],[73.93101,35.8518],[73.94511,35.84967],[73.94576,35.86524],[73.94323,35.87534],[73.9362,35.8867],[73.93494,35.89518],[73.93764,35.90329],[73.93656,35.90816],[73.94648,35.9069],[73.96541,35.89662],[73.97209,35.89644],[73.97425,35.89788],[73.98309,35.89824],[73.98886,35.90023],[73.99192,35.90239],[73.99445,35.91159],[73.99931,35.91357],[73.99913,35.93827],[74.00166,35.94405],[74.00617,35.94747],[74.02041,35.94386],[74.02745,35.94441],[74.03556,35.94909],[74.04043,35.94621],[74.04566,35.94585],[74.05206,35.94941],[74.05479,35.95397],[74.06378,35.95865],[74.06513,35.96068],[74.0764,35.95955],[74.08246,35.9616],[74.08563,35.9651],[74.08587,35.96879],[74.08091,35.9724],[74.07979,35.98142],[74.07528,35.99359],[74.07528,35.9972],[74.07979,36.00486],[74.08046,36.01478],[74.09015,36.04002],[74.09714,36.05265],[74.09917,36.05445],[74.10413,36.05535],[74.11089,36.0522],[74.11427,36.0549],[74.1136,36.06437],[74.10841,36.07654],[74.10097,36.08871],[74.09376,36.09638],[74.09286,36.11238],[74.09444,36.1241],[74.0994,36.12771],[74.11878,36.13627],[74.12149,36.13988],[74.12239,36.15363],[74.11901,36.16603],[74.11517,36.17189],[74.10864,36.17527],[74.09376,36.17933],[74.08745,36.18496],[74.08745,36.1942],[74.07933,36.20863],[74.07145,36.21832],[74.05972,36.22103],[74.04733,36.23027],[74.03899,36.24627],[74.03696,36.25484],[74.0311,36.2607],[74.02974,36.26543],[74.032,36.27152],[74.03222,36.28482],[74.02907,36.3033],[74.02907,36.31547],[74.03177,36.32223],[74.03899,36.33012],[74.04282,36.34275],[74.04845,36.35131],[74.05724,36.35357],[74.06263,36.35668],[74.06491,36.36146],[74.07054,36.36529],[74.07528,36.37363],[74.08084,36.37758],[74.09354,36.38648],[74.09894,36.39346],[74.09894,36.39662],[74.07821,36.41691],[74.07821,36.42547],[74.08542,36.44215],[74.0888,36.44463],[74.08993,36.45838],[74.10165,36.46514],[74.11067,36.46537],[74.11315,36.46717],[74.11517,36.47709],[74.11937,36.48555],[74.11698,36.48881],[74.11946,36.49512],[74.1172,36.50279],[74.12149,36.5091],[74.12216,36.51902],[74.12802,36.52262],[74.14403,36.5233],[74.14661,36.52202],[74.15505,36.52355],[74.16972,36.53164],[74.18302,36.53231],[74.18437,36.53615],[74.18235,36.54223],[74.18843,36.55125],[74.19173,36.56427],[74.21962,36.57885],[74.23294,36.59364],[74.27109,36.5897],[74.27383,36.59184],[74.27568,36.59739],[74.2873,36.60109],[74.29707,36.61298],[74.3153,36.62539],[74.31688,36.62724],[74.31398,36.63173],[74.31028,36.6349],[74.29839,36.63965],[74.28677,36.64203],[74.27568,36.6489],[74.26801,36.65973],[74.25534,36.67082],[74.24292,36.67399],[74.20356,36.67584],[74.19273,36.6835],[74.1856,36.68641],[74.1893,36.70596],[74.19352,36.71045],[74.19881,36.71309],[74.19749,36.71441],[74.18349,36.71414],[74.17213,36.72207],[74.1663,36.72407],[74.13724,36.72184],[74.11819,36.71755],[74.1118,36.71898],[74.11298,36.72023],[74.10239,36.71943],[74.09288,36.72128],[74.09975,36.72788],[74.10239,36.73792],[74.10556,36.74188],[74.11032,36.74426],[74.11111,36.74743],[74.11111,36.75984],[74.10556,36.76275],[74.10477,36.7646],[74.10768,36.77014],[74.10503,36.77252],[74.1053,36.78045],[74.0876,36.78916],[74.06488,36.7926],[74.06171,36.79867],[74.06224,36.80818],[74.05643,36.81769],[74.04525,36.82887]]]},"properties":{"district":"Ghizer","province":"Gilgit Baltistan","pcode":"PK304","pop_2023":null,"area_km2":4323.5}},{"type":"Feature","geometry":{"type":"Polygon","coordinates":[[[74.8937,36.00427],[74.87761,36.00285],[74.87501,36.00427],[74.87359,36.01207],[74.86531,36.02958],[74.86271,36.03312],[74.85065,36.04211],[74.83244,36.04306],[74.82534,36.04519],[74.81233,36.04637],[74.78608,36.04637],[74.7778,36.05039],[74.76858,36.05228],[74.7577,36.05938],[74.74327,36.05938],[74.74043,36.06056],[74.73712,36.0712],[74.71867,36.08658],[74.713,36.08847],[74.69833,36.08989],[74.67823,36.0958],[74.66073,36.10857],[74.65789,36.11993],[74.65458,36.12253],[74.60869,36.14381],[74.60046,36.14551],[74.58179,36.14462],[74.5639,36.147],[74.54432,36.14735],[74.49546,36.14402],[74.49112,36.14205],[74.48364,36.13141],[74.46473,36.11408],[74.45961,36.10187],[74.45173,36.09005],[74.43952,36.08296],[74.42809,36.07271],[74.40091,36.11684],[74.38594,36.13299],[74.3694,36.15426],[74.35403,36.16844],[74.33434,36.17553],[74.30694,36.18117],[74.29388,36.18146],[74.28343,36.17856],[74.25035,36.17627],[74.21871,36.17711],[74.21001,36.18901],[74.20043,36.21048],[74.19143,36.21716],[74.18447,36.21948],[74.16561,36.23428],[74.1569,36.24879],[74.14848,36.27462],[74.14616,36.29348],[74.14268,36.29783],[74.12556,36.31757],[74.11395,36.32337],[74.09625,36.32714],[74.09277,36.33092],[74.08696,36.33991],[74.08435,36.34833],[74.0834,36.3681],[74.08084,36.37758],[74.07528,36.37363],[74.07054,36.36529],[74.06491,36.36146],[74.06263,36.35668],[74.05724,36.35357],[74.04845,36.35131],[74.04282,36.34275],[74.03899,36.33012],[74.03177,36.32223],[74.02907,36.31547],[74.02907,36.3033],[74.03222,36.28482],[74.032,36.27152],[74.02974,36.26543],[74.0311,36.2607],[74.03696,36.25484],[74.03899,36.24627],[74.04733,36.23027],[74.05972,36.22103],[74.07145,36.21832],[74.07933,36.20863],[74.08745,36.1942],[74.08745,36.18496],[74.09376,36.17933],[74.10864,36.17527],[74.11517,36.17189],[74.11901,36.16603],[74.12239,36.15363],[74.12149,36.13988],[74.11878,36.13627],[74.0994,36.12771],[74.09444,36.1241],[74.09286,36.11238],[74.09376,36.09638],[74.10097,36.08871],[74.10841,36.07654],[74.1136,36.06437],[74.11427,36.0549],[74.11089,36.0522],[74.10413,36.05535],[74.09917,36.05445],[74.09714,36.05265],[74.09015,36.04002],[74.08046,36.01478],[74.07979,36.00486],[74.07528,35.9972],[74.07528,35.99359],[74.07979,35.98142],[74.08091,35.9724],[74.08587,35.96879],[74.08563,35.9651],[74.08246,35.9616],[74.0764,35.95955],[74.06513,35.96068],[74.06378,35.95865],[74.05479,35.95397],[74.05206,35.94941],[74.04566,35.94585],[74.04043,35.94621],[74.03556,35.94909],[74.02745,35.94441],[74.02041,35.94386],[74.00617,35.94747],[74.00166,35.94405],[73.99913,35.93827],[73.99931,35.91357],[73.99445,35.91159],[73.99192,35.90239],[73.98886,35.90023],[73.98309,35.89824],[73.97425,35.89788],[73.97209,35.89644],[73.96541,35.89662],[73.94648,35.9069],[73.93656,35.90816],[73.93764,35.90329],[73.93494,35.89518],[73.9362,35.8867],[73.94323,35.87534],[73.94576,35.86524],[73.94511,35.84967],[73.94432,35.8308],[73.95153,35.82485],[73.96487,35.81764],[73.97804,35.81565],[73.98272,35.81313],[74.0013,35.81241],[74.00977,35.81637],[74.01212,35.82142],[74.01464,35.82305],[74.02492,35.82377],[74.02907,35.81872],[74.02853,35.8088],[74.03304,35.80321],[74.03394,35.79762],[74.04223,35.79131],[74.05233,35.76931],[74.05936,35.76642],[74.06838,35.7657],[74.09435,35.76751],[74.11869,35.74551],[74.13907,35.72369],[74.1452,35.7217],[74.15542,35.72236],[74.15744,35.71889],[74.16215,35.71539],[74.16884,35.71347],[74.17091,35.71105],[74.17627,35.69238],[74.17907,35.68658],[74.184,35.68229],[74.18593,35.6752],[74.1898,35.67134],[74.19967,35.66812],[74.21105,35.6619],[74.21598,35.65009],[74.22393,35.64601],[74.22758,35.64236],[74.23165,35.62991],[74.25569,35.6297],[74.26385,35.6327],[74.26299,35.6385],[74.2748,35.63657],[74.28231,35.64022],[74.28725,35.62863],[74.29755,35.62326],[74.30227,35.62219],[74.30635,35.62369],[74.30871,35.62262],[74.32803,35.60158],[74.33876,35.59385],[74.3422,35.59257],[74.35057,35.59299],[74.3598,35.59793],[74.37031,35.58205],[74.38233,35.5726],[74.39199,35.56938],[74.40058,35.57089],[74.40403,35.58039],[74.40666,35.58248],[74.42126,35.57361],[74.4287,35.57246],[74.43242,35.57046],[74.43843,35.57046],[74.44272,35.56788],[74.45217,35.56788],[74.45875,35.56187],[74.46819,35.5593],[74.47563,35.56216],[74.48308,35.57504],[74.48594,35.57618],[74.50454,35.57389],[74.51313,35.57389],[74.51914,35.57618],[74.52829,35.57589],[74.53545,35.57389],[74.53717,35.58391],[74.53946,35.58763],[74.55462,35.60022],[74.56378,35.61224],[74.56378,35.6234],[74.56693,35.62798],[74.56979,35.62941],[74.58067,35.62798],[74.59813,35.61997],[74.61081,35.62119],[74.61599,35.62415],[74.61377,35.62693],[74.6156,35.64136],[74.6156,35.64617],[74.61285,35.64915],[74.61377,35.65602],[74.61835,35.66129],[74.63393,35.66885],[74.63783,35.67298],[74.64012,35.69222],[74.64539,35.69681],[74.64814,35.70322],[74.64768,35.70895],[74.64579,35.71036],[74.64218,35.71216],[74.63324,35.7133],[74.62798,35.71789],[74.62385,35.72618],[74.62431,35.74263],[74.63737,35.7479],[74.64378,35.75317],[74.65203,35.76967],[74.65089,35.77402],[74.64722,35.77631],[74.6266,35.78089],[74.62293,35.78571],[74.62316,35.79098],[74.62843,35.79739],[74.6321,35.8061],[74.6447,35.81274],[74.64722,35.81572],[74.6518,35.82695],[74.65868,35.83015],[74.6793,35.83084],[74.68457,35.83382],[74.69511,35.83451],[74.70519,35.83703],[74.72604,35.851],[74.732,35.85261],[74.73681,35.85261],[74.74024,35.84917],[74.73795,35.84046],[74.74001,35.8187],[74.73727,35.80312],[74.73131,35.79945],[74.72925,35.79624],[74.72902,35.79006],[74.73062,35.788],[74.74139,35.78616],[74.7478,35.78135],[74.75628,35.77287],[74.7588,35.76531],[74.75857,35.76188],[74.75353,35.7534],[74.74162,35.74676],[74.74116,35.74171],[74.74345,35.73392],[74.73818,35.72591],[74.7391,35.72086],[74.74554,35.72073],[74.75866,35.7257],[74.79958,35.74955],[74.82093,35.75263],[74.83088,35.75842],[74.83631,35.77869],[74.83975,35.78394],[74.84735,35.78955],[74.87866,35.80438],[74.89168,35.81596],[74.89585,35.82356],[74.89832,35.84057],[74.93899,35.85019],[74.95448,35.85479],[74.96205,35.85858],[74.96654,35.86473],[74.96772,35.88057],[74.96441,35.90375],[74.95614,35.92267],[74.94691,35.92882],[74.92917,35.93544],[74.92208,35.93544],[74.93509,35.95271],[74.93532,35.95673],[74.93201,35.96193],[74.93296,35.97116],[74.91451,35.97873],[74.91121,35.98835],[74.90647,35.99173],[74.89748,35.99505],[74.8937,36.00427]]]},"properties":{"district":"Gilgit","province":"Gilgit Baltistan","pcode":"PK305","pop_2023":null,"area_km2":4016}},{"type":"Feature","geometry":{"type":"Polygon","coordinates":[[[75.94932,36.07386],[75.95448,36.07963],[75.94321,36.09366],[75.94121,36.10502],[75.94614,36.11722],[75.93173,36.12734],[75.93359,36.13555],[75.94024,36.13871],[75.96054,36.1414],[75.97209,36.14916],[75.96517,36.15959],[75.97446,36.16272],[75.9923,36.16202],[76.01351,36.16614],[76.01305,36.1893],[76.00862,36.22979],[76.01796,36.23578],[76.05267,36.22547],[76.05796,36.22578],[76.06204,36.23094],[76.05884,36.24313],[76.05222,36.25329],[76.02813,36.27035],[76.02571,36.28681],[76.02007,36.29437],[76.01355,36.30157],[76.00695,36.30377],[75.99604,36.31283],[75.98834,36.33252],[75.98668,36.34075],[75.98817,36.35257],[76.00809,36.38409],[76.01306,36.38763],[76.02444,36.39112],[76.02897,36.39864],[76.03179,36.40969],[76.02534,36.43012],[76.01395,36.44831],[76.00755,36.45498],[76.00715,36.46135],[76.01167,36.46769],[76.01077,36.47446],[75.99653,36.47897],[75.99865,36.49049],[75.99674,36.49489],[75.99235,36.49851],[75.98401,36.50217],[75.96012,36.52427],[75.95203,36.54834],[75.94817,36.55463],[75.93248,36.56963],[75.93061,36.57377],[75.9307,36.58048],[75.93791,36.59765],[75.94334,36.60088],[75.93965,36.60083],[75.93334,36.60374],[75.9097,36.62583],[75.89294,36.63485],[75.85788,36.67018],[75.82574,36.69221],[75.81089,36.69726],[75.7869,36.71481],[75.77943,36.71792],[75.77488,36.72248],[75.76306,36.72476],[75.74942,36.73748],[75.72072,36.75106],[75.70978,36.74747],[75.70133,36.74644],[75.69341,36.75399],[75.67883,36.7623],[75.6453,36.77161],[75.63121,36.7722],[75.58579,36.76334],[75.56963,36.77039],[75.53434,36.77359],[75.53109,36.75359],[75.53404,36.73071],[75.52913,36.72716],[75.52158,36.72612],[75.5114,36.73081],[75.50172,36.74408],[75.48748,36.73949],[75.46961,36.72205],[75.4625,36.72065],[75.45516,36.72135],[75.44225,36.74114],[75.43565,36.76006],[75.42243,36.77905],[75.4204,36.78621],[75.42009,36.79782],[75.43131,36.83337],[75.42674,36.87355],[75.42102,36.88394],[75.4104,36.89434],[75.3931,36.9044],[75.39179,36.91013],[75.39087,36.91942],[75.39658,36.93209],[75.4046,36.93313],[75.41443,36.93917],[75.41359,36.94954],[75.41028,36.95473],[75.40072,36.95744],[75.38779,36.95514],[75.37489,36.95574],[75.362,36.96043],[75.34909,36.9619],[75.34285,36.9612],[75.31484,36.97093],[75.28559,36.97488],[75.26719,36.97105],[75.25381,36.96572],[75.24178,36.9636],[75.23288,36.9654],[75.21732,36.97437],[75.20752,36.97546],[75.18601,36.9823],[75.17192,36.98766],[75.16524,36.99196],[75.16886,37.01411],[75.14497,37.02618],[75.13234,37.02345],[75.12786,37.0113],[75.10701,37.01024],[75.09177,37.01134],[75.07171,37.00563],[75.06012,37.00635],[75.03963,37.01637],[75.02938,37.01709],[75.00265,36.99493],[74.98973,36.99386],[74.98005,36.99611],[74.9728,36.99493],[74.96701,36.991],[74.94473,36.98706],[74.93227,36.98312],[74.9247,36.97847],[74.92515,36.97204],[74.93051,36.95918],[74.9363,36.95097],[74.93586,36.94382],[74.92028,36.94524],[74.9173,36.93634],[74.91017,36.93405],[74.89962,36.93476],[74.89269,36.93807],[74.89135,36.94021],[74.86722,36.99093],[74.85784,37.002],[74.84753,37.00752],[74.84136,37.01403],[74.83992,37.02092],[74.84371,37.03158],[74.84562,37.04395],[74.8443,37.05736],[74.80402,37.05463],[74.79246,37.0446],[74.79294,37.03138],[74.78983,37.0278],[74.76399,37.02577],[74.73633,37.02829],[74.7265,37.03732],[74.71754,37.04981],[74.72063,37.06018],[74.71837,37.06553],[74.71257,37.06873],[74.70626,37.0848],[74.69955,37.08942],[74.69019,37.08833],[74.67171,37.07766],[74.63008,37.06707],[74.62608,37.06313],[74.6239,37.05419],[74.61459,37.04415],[74.59901,37.03945],[74.57162,37.03387],[74.57341,37.02167],[74.56891,36.98745],[74.56298,36.96418],[74.55843,36.96028],[74.55075,36.95967],[74.54149,36.96105],[74.53659,36.96517],[74.52832,36.99049],[74.51736,36.99891],[74.49813,36.99956],[74.42787,36.99764],[74.42055,36.99612],[74.41345,36.98817],[74.40119,36.98043],[74.37395,36.97399],[74.35409,36.9647],[74.33141,36.94424],[74.31084,36.92986],[74.26399,36.90445],[74.25232,36.9004],[74.23638,36.89957],[74.21027,36.90762],[74.19062,36.91004],[74.16648,36.91152],[74.15204,36.90985],[74.14751,36.9057],[74.1412,36.89571],[74.12743,36.8481],[74.11967,36.84172],[74.10973,36.84096],[74.09414,36.84633],[74.085,36.8463],[74.0789,36.84414],[74.05276,36.82872],[74.04525,36.82887],[74.05643,36.81769],[74.06224,36.80818],[74.06171,36.79867],[74.06488,36.7926],[74.0876,36.78916],[74.1053,36.78045],[74.10503,36.77252],[74.10768,36.77014],[74.10477,36.7646],[74.10556,36.76275],[74.11111,36.75984],[74.11111,36.74743],[74.11032,36.74426],[74.10556,36.74188],[74.10239,36.73792],[74.09975,36.72788],[74.09288,36.72128],[74.10239,36.71943],[74.11298,36.72023],[74.1118,36.71898],[74.11819,36.71755],[74.13724,36.72184],[74.1663,36.72407],[74.17213,36.72207],[74.18349,36.71414],[74.19749,36.71441],[74.19881,36.71309],[74.19352,36.71045],[74.1893,36.70596],[74.1856,36.68641],[74.19273,36.6835],[74.20356,36.67584],[74.24292,36.67399],[74.25534,36.67082],[74.26801,36.65973],[74.27568,36.6489],[74.28677,36.64203],[74.29839,36.63965],[74.31028,36.6349],[74.31398,36.63173],[74.31688,36.62724],[74.3153,36.62539],[74.29707,36.61298],[74.2873,36.60109],[74.27568,36.59739],[74.27383,36.59184],[74.27876,36.58872],[74.306,36.58626],[74.34107,36.58573],[74.37084,36.57988],[74.41335,36.56606],[74.44577,36.55809],[74.54907,36.51292],[74.51925,36.49446],[74.48982,36.48259],[74.47841,36.47619],[74.47338,36.47125],[74.46334,36.46687],[74.45432,36.45983],[74.44894,36.44949],[74.44185,36.44199],[74.43864,36.43467],[74.43947,36.42655],[74.44953,36.41763],[74.46727,36.40773],[74.47613,36.3982],[74.47839,36.39051],[74.48339,36.38556],[74.48474,36.37879],[74.46144,36.36123],[74.42213,36.31897],[74.41526,36.30836],[74.40883,36.28951],[74.40242,36.2789],[74.39282,36.26847],[74.38966,36.26208],[74.38941,36.2562],[74.4014,36.25209],[74.41694,36.2513],[74.43596,36.2466],[74.44823,36.2464],[74.46465,36.24944],[74.4892,36.24718],[74.49834,36.24936],[74.51737,36.24809],[74.54331,36.25836],[74.55283,36.26054],[74.58895,36.25754],[74.59489,36.25932],[74.59892,36.27254],[74.60695,36.27512],[74.61347,36.28164],[74.61435,36.28975],[74.60924,36.29345],[74.61223,36.29697],[74.61435,36.29873],[74.62281,36.29944],[74.63373,36.31019],[74.64307,36.31142],[74.65188,36.31072],[74.6721,36.31388],[74.68974,36.31423],[74.70105,36.31124],[74.71197,36.31072],[74.71708,36.30666],[74.72959,36.30226],[74.74246,36.30367],[74.75233,36.3079],[74.76008,36.30878],[74.78387,36.30208],[74.79409,36.30983],[74.81138,36.31196],[74.82168,36.31086],[74.83105,36.30546],[74.83695,36.30524],[74.84035,36.30682],[74.84324,36.311],[74.85487,36.31476],[74.86259,36.32089],[74.86985,36.32361],[74.87577,36.31923],[74.89049,36.31658],[74.93178,36.31159],[74.94426,36.30841],[74.95991,36.30864],[74.97381,36.31209],[74.99553,36.32407],[75.00529,36.32679],[75.01412,36.32614],[75.03342,36.31885],[75.0434,36.31885],[75.05407,36.31658],[75.06632,36.30093],[75.07834,36.29072],[75.08152,36.2889],[75.08537,36.2889],[75.11185,36.29755],[75.12598,36.29911],[75.14549,36.30524],[75.15502,36.31295],[75.16795,36.31613],[75.17589,36.32157],[75.18767,36.32436],[75.21219,36.31658],[75.22422,36.3066],[75.22376,36.29389],[75.22853,36.28073],[75.23738,36.27189],[75.24169,36.26304],[75.24237,36.25782],[75.25598,36.23808],[75.26097,36.23423],[75.2705,36.23014],[75.28389,36.22674],[75.29481,36.21942],[75.29726,36.21962],[75.30805,36.22651],[75.3123,36.23303],[75.32393,36.24126],[75.33272,36.24523],[75.35418,36.24534],[75.36143,36.23871],[75.36547,36.22871],[75.37547,36.21701],[75.39057,36.21148],[75.40971,36.20872],[75.41716,36.2051],[75.42269,36.19766],[75.42482,36.18234],[75.43141,36.16894],[75.45842,36.15405],[75.46906,36.14619],[75.48586,36.14066],[75.52988,36.13704],[75.55115,36.12832],[75.57072,36.12236],[75.5754,36.12173],[75.58944,36.12428],[75.60177,36.12258],[75.62146,36.12437],[75.64288,36.12375],[75.65058,36.12601],[75.65766,36.12593],[75.67306,36.13081],[75.67515,36.13385],[75.67515,36.14023],[75.68132,36.14002],[75.69186,36.13212],[75.70025,36.12215],[75.72982,36.10577],[75.73322,36.10237],[75.73449,36.09939],[75.73322,36.09344],[75.72322,36.08727],[75.7228,36.08153],[75.72492,36.07472],[75.72684,36.07196],[75.7396,36.06494],[75.7547,36.06387],[75.75555,36.05132],[75.76789,36.03707],[75.76874,36.02857],[75.77895,36.01687],[75.81276,36.01198],[75.83413,36.02151],[75.84361,36.01985],[75.85658,36.02155],[75.86573,36.01942],[75.87062,36.02176],[75.87679,36.02857],[75.88997,36.0375],[75.90179,36.0426],[75.90997,36.04324],[75.91124,36.04771],[75.9089,36.05537],[75.91273,36.05834],[75.92656,36.05856],[75.93038,36.05983],[75.94059,36.06919],[75.94932,36.07386]]]},"properties":{"district":"Hunza","province":"Gilgit Baltistan","pcode":"PK306","pop_2023":null,"area_km2":11419.1}},{"type":"Feature","geometry":{"type":"Polygon","coordinates":[[[75.91228,35.22844],[75.87766,35.22997],[75.87396,35.23244],[75.87125,35.24673],[75.86583,35.25486],[75.86041,35.26792],[75.85745,35.30612],[75.85154,35.31967],[75.84883,35.32115],[75.84094,35.33545],[75.83281,35.34259],[75.82591,35.34506],[75.81457,35.34333],[75.80668,35.34949],[75.80151,35.34777],[75.79876,35.3426],[75.79488,35.32293],[75.78204,35.31672],[75.78016,35.31449],[75.77258,35.31302],[75.76423,35.3145],[75.76044,35.31107],[75.75419,35.30982],[75.73867,35.31006],[75.72856,35.3044],[75.72092,35.30316],[75.71749,35.30518],[75.71476,35.3113],[75.70834,35.3177],[75.7017,35.31844],[75.69012,35.31499],[75.6842,35.30366],[75.67632,35.29725],[75.664,35.29676],[75.65551,35.30008],[75.65293,35.30215],[75.65118,35.31672],[75.65956,35.32091],[75.66431,35.33034],[75.69056,35.35855],[75.66777,35.38956],[75.60733,35.45],[75.58864,35.47306],[75.58504,35.48255],[75.55674,35.46878],[75.50748,35.42858],[75.49504,35.42369],[75.48695,35.43707],[75.47575,35.44988],[75.47473,35.45869],[75.47004,35.46143],[75.45438,35.46522],[75.4481,35.45893],[75.43372,35.45411],[75.41278,35.43818],[75.39604,35.43085],[75.39107,35.42645],[75.38763,35.41428],[75.36671,35.40528],[75.35441,35.39438],[75.33742,35.39145],[75.32827,35.38684],[75.31989,35.37783],[75.31698,35.36797],[75.30834,35.36042],[75.30755,35.35707],[75.30127,35.35287],[75.26732,35.35311],[75.23857,35.34705],[75.18152,35.33862],[75.16756,35.33351],[75.17156,35.31441],[75.177,35.3061],[75.17557,35.27803],[75.17815,35.27087],[75.17786,35.25541],[75.175,35.25226],[75.17373,35.24177],[75.1697,35.23452],[75.17031,35.22667],[75.18481,35.21358],[75.19347,35.20794],[75.19367,35.20331],[75.19729,35.19827],[75.20615,35.19525],[75.21179,35.19001],[75.22568,35.19579],[75.23099,35.19321],[75.23776,35.19462],[75.23696,35.19001],[75.24119,35.18136],[75.2416,35.17068],[75.24385,35.1654],[75.24804,35.16223],[75.26133,35.16243],[75.26576,35.16021],[75.26415,35.15719],[75.2573,35.15397],[75.242,35.15095],[75.23656,35.15115],[75.23314,35.14632],[75.22629,35.14632],[75.22166,35.14289],[75.21884,35.13786],[75.22347,35.13222],[75.22327,35.1296],[75.21622,35.12739],[75.21179,35.12235],[75.21481,35.11249],[75.21179,35.10785],[75.19367,35.10705],[75.19528,35.09235],[75.20152,35.07906],[75.20595,35.07483],[75.21562,35.0706],[75.21532,35.06664],[75.22672,35.05969],[75.26055,35.05092],[75.31192,35.03401],[75.32319,35.03526],[75.33008,35.03902],[75.34888,35.0409],[75.38083,35.04967],[75.39586,35.05155],[75.43094,35.05907],[75.46853,35.06909],[75.58146,35.07271],[75.59248,35.07858],[75.60293,35.08046],[75.61991,35.08023],[75.63978,35.08735],[75.64528,35.0928],[75.65103,35.09343],[75.65989,35.09794],[75.69342,35.09039],[75.70669,35.09497],[75.71408,35.10641],[75.71709,35.10742],[75.74016,35.12647],[75.74885,35.12948],[75.76155,35.13082],[75.77793,35.14219],[75.81371,35.15389],[75.8304,35.15047],[75.83674,35.1547],[75.84574,35.15576],[75.85085,35.15276],[75.8646,35.15082],[75.86707,35.14923],[75.87976,35.15258],[75.89475,35.151],[75.90392,35.14606],[75.9122,35.14553],[75.92631,35.1413],[75.93283,35.13777],[75.94781,35.13389],[75.95451,35.1353],[75.95945,35.13936],[75.96827,35.13936],[75.97867,35.14183],[75.99101,35.15051],[75.98636,35.15137],[75.98205,35.15425],[75.95421,35.18046],[75.93884,35.19029],[75.93545,35.1943],[75.93452,35.20693],[75.91358,35.22541],[75.91228,35.22844]]]},"properties":{"district":"Skardu","province":"Gilgit Baltistan","pcode":"PK307","pop_2023":null,"area_km2":2119}},{"type":"Feature","geometry":{"type":"Polygon","coordinates":[[[74.27383,36.59184],[74.27109,36.5897],[74.23294,36.59364],[74.21962,36.57885],[74.19173,36.56427],[74.18843,36.55125],[74.18235,36.54223],[74.18437,36.53615],[74.18302,36.53231],[74.16972,36.53164],[74.15505,36.52355],[74.14661,36.52202],[74.14403,36.5233],[74.12802,36.52262],[74.12216,36.51902],[74.12149,36.5091],[74.1172,36.50279],[74.11946,36.49512],[74.11698,36.48881],[74.11937,36.48555],[74.11517,36.47709],[74.11315,36.46717],[74.11067,36.46537],[74.10165,36.46514],[74.08993,36.45838],[74.0888,36.44463],[74.08542,36.44215],[74.07821,36.42547],[74.07821,36.41691],[74.09894,36.39662],[74.09894,36.39346],[74.09354,36.38648],[74.08084,36.37758],[74.0834,36.3681],[74.08435,36.34833],[74.08696,36.33991],[74.09277,36.33092],[74.09625,36.32714],[74.11395,36.32337],[74.12556,36.31757],[74.14268,36.29783],[74.14616,36.29348],[74.14848,36.27462],[74.1569,36.24879],[74.16561,36.23428],[74.18447,36.21948],[74.19143,36.21716],[74.20043,36.21048],[74.21001,36.18901],[74.21871,36.17711],[74.25035,36.17627],[74.28343,36.17856],[74.29388,36.18146],[74.30694,36.18117],[74.33434,36.17553],[74.35403,36.16844],[74.3694,36.15426],[74.38594,36.13299],[74.40091,36.11684],[74.42809,36.07271],[74.43952,36.08296],[74.45173,36.09005],[74.45961,36.10187],[74.46473,36.11408],[74.48364,36.13141],[74.49112,36.14205],[74.49546,36.14402],[74.54432,36.14735],[74.5639,36.147],[74.58179,36.14462],[74.60046,36.14551],[74.60869,36.14381],[74.65458,36.12253],[74.65789,36.11993],[74.66073,36.10857],[74.67823,36.0958],[74.69833,36.08989],[74.713,36.08847],[74.71867,36.08658],[74.73712,36.0712],[74.74043,36.06056],[74.74327,36.05938],[74.7577,36.05938],[74.76858,36.05228],[74.7778,36.05039],[74.78608,36.04637],[74.81233,36.04637],[74.82534,36.04519],[74.83244,36.04306],[74.85065,36.04211],[74.86271,36.03312],[74.86531,36.02958],[74.87359,36.01207],[74.87501,36.00427],[74.87761,36.00285],[74.8937,36.00427],[74.90457,36.02106],[74.90647,36.0336],[74.91214,36.03904],[74.91522,36.04046],[74.92633,36.04046],[74.93298,36.04257],[74.93843,36.04788],[74.94325,36.0498],[74.95043,36.04608],[74.96167,36.04737],[74.9764,36.05545],[75.00108,36.0654],[75.00705,36.06922],[75.00916,36.08022],[75.01212,36.08572],[75.01635,36.08614],[75.02228,36.07895],[75.03622,36.06953],[75.03962,36.04299],[75.04173,36.03919],[75.04893,36.03496],[75.05739,36.03496],[75.06627,36.04088],[75.07811,36.03707],[75.08742,36.03792],[75.10222,36.04511],[75.11239,36.04815],[75.11523,36.05135],[75.11808,36.0599],[75.13204,36.07451],[75.13458,36.07451],[75.1349,36.07197],[75.13955,36.06669],[75.1422,36.06658],[75.14442,36.0688],[75.15457,36.08974],[75.16218,36.11226],[75.17107,36.12907],[75.17963,36.13859],[75.18851,36.15636],[75.19042,36.16397],[75.19137,36.18428],[75.19391,36.19157],[75.20469,36.19887],[75.20787,36.20299],[75.23007,36.1957],[75.24276,36.19697],[75.26212,36.20268],[75.27576,36.20141],[75.28528,36.20617],[75.28813,36.21092],[75.29726,36.21962],[75.29481,36.21942],[75.28389,36.22674],[75.2705,36.23014],[75.26097,36.23423],[75.25598,36.23808],[75.24237,36.25782],[75.24169,36.26304],[75.23738,36.27189],[75.22853,36.28073],[75.22376,36.29389],[75.22422,36.3066],[75.21219,36.31658],[75.18767,36.32436],[75.17589,36.32157],[75.16795,36.31613],[75.15502,36.31295],[75.14549,36.30524],[75.12598,36.29911],[75.11185,36.29755],[75.08537,36.2889],[75.08152,36.2889],[75.07834,36.29072],[75.06632,36.30093],[75.05407,36.31658],[75.0434,36.31885],[75.03342,36.31885],[75.01412,36.32614],[75.00529,36.32679],[74.99553,36.32407],[74.97381,36.31209],[74.95991,36.30864],[74.94426,36.30841],[74.93178,36.31159],[74.89049,36.31658],[74.87577,36.31923],[74.86985,36.32361],[74.86259,36.32089],[74.85487,36.31476],[74.84324,36.311],[74.84035,36.30682],[74.83695,36.30524],[74.83105,36.30546],[74.82168,36.31086],[74.81138,36.31196],[74.79409,36.30983],[74.78387,36.30208],[74.76008,36.30878],[74.75233,36.3079],[74.74246,36.30367],[74.72959,36.30226],[74.71708,36.30666],[74.71197,36.31072],[74.70105,36.31124],[74.68974,36.31423],[74.6721,36.31388],[74.65188,36.31072],[74.64307,36.31142],[74.63373,36.31019],[74.62281,36.29944],[74.61435,36.29873],[74.61223,36.29697],[74.60924,36.29345],[74.61435,36.28975],[74.61347,36.28164],[74.60695,36.27512],[74.59892,36.27254],[74.59489,36.25932],[74.58895,36.25754],[74.55283,36.26054],[74.54331,36.25836],[74.51737,36.24809],[74.49834,36.24936],[74.4892,36.24718],[74.46465,36.24944],[74.44823,36.2464],[74.43596,36.2466],[74.41694,36.2513],[74.4014,36.25209],[74.38941,36.2562],[74.38966,36.26208],[74.39282,36.26847],[74.40242,36.2789],[74.40883,36.28951],[74.41526,36.30836],[74.42213,36.31897],[74.46144,36.36123],[74.48474,36.37879],[74.48339,36.38556],[74.47839,36.39051],[74.47613,36.3982],[74.46727,36.40773],[74.44953,36.41763],[74.43947,36.42655],[74.43864,36.43467],[74.44185,36.44199],[74.44894,36.44949],[74.45432,36.45983],[74.46334,36.46687],[74.47338,36.47125],[74.47841,36.47619],[74.48982,36.48259],[74.51925,36.49446],[74.54907,36.51292],[74.44577,36.55809],[74.41335,36.56606],[74.37084,36.57988],[74.34107,36.58573],[74.306,36.58626],[74.27876,36.58872],[74.27383,36.59184]]]},"properties":{"district":"Nagar","province":"Gilgit Baltistan","pcode":"PK308","pop_2023":null,"area_km2":3022.2}},{"type":"Feature","geometry":{"type":"Polygon","coordinates":[[[75.99101,35.15051],[75.97867,35.14183],[75.96827,35.13936],[75.95945,35.13936],[75.95451,35.1353],[75.94781,35.13389],[75.93283,35.13777],[75.92631,35.1413],[75.9122,35.14553],[75.90392,35.14606],[75.89475,35.151],[75.87976,35.15258],[75.86707,35.14923],[75.8646,35.15082],[75.85085,35.15276],[75.84574,35.15576],[75.83674,35.1547],[75.8304,35.15047],[75.81371,35.15389],[75.77793,35.14219],[75.76155,35.13082],[75.74885,35.12948],[75.74016,35.12647],[75.71709,35.10742],[75.71408,35.10641],[75.70669,35.09497],[75.69342,35.09039],[75.65989,35.09794],[75.65103,35.09343],[75.64528,35.0928],[75.63978,35.08735],[75.61991,35.08023],[75.60293,35.08046],[75.59248,35.07858],[75.58146,35.07271],[75.46853,35.06909],[75.43094,35.05907],[75.39586,35.05155],[75.38083,35.04967],[75.34888,35.0409],[75.33008,35.03902],[75.32319,35.03526],[75.31192,35.03401],[75.26055,35.05092],[75.22672,35.05969],[75.21532,35.06664],[75.21199,35.06194],[75.21078,35.05489],[75.20797,35.05167],[75.20776,35.04623],[75.21501,35.03959],[75.21582,35.02992],[75.2275,35.02348],[75.22669,35.01502],[75.2281,35.01079],[75.22468,35.00173],[75.21803,34.99569],[75.2134,34.98783],[75.20354,34.9826],[75.20011,34.97797],[75.20011,34.97454],[75.20535,34.9679],[75.20575,34.96307],[75.21139,34.95622],[75.21119,34.95139],[75.19669,34.9393],[75.18868,34.93559],[75.17595,34.93387],[75.16165,34.93543],[75.15863,34.93135],[75.15244,34.92803],[75.15002,34.91836],[75.14655,34.9164],[75.14156,34.91625],[75.13748,34.91262],[75.12857,34.91156],[75.1251,34.90839],[75.11649,34.90824],[75.10728,34.90129],[75.10433,34.90067],[75.1074,34.89522],[75.11629,34.8878],[75.12223,34.87981],[75.13764,34.87528],[75.14547,34.87025],[75.14667,34.86724],[75.14416,34.85719],[75.14758,34.85217],[75.14553,34.838],[75.1485,34.83366],[75.15146,34.83298],[75.15512,34.83549],[75.17591,34.83526],[75.19783,34.82202],[75.2225,34.81151],[75.23233,34.80557],[75.2474,34.78661],[75.2458,34.77428],[75.24763,34.75623],[75.25677,34.73681],[75.26385,34.72791],[75.26179,34.71991],[75.25654,34.71352],[75.25631,34.70872],[75.25174,34.70187],[75.25677,34.68816],[75.25209,34.68456],[75.2442,34.68382],[75.23781,34.67605],[75.23004,34.67331],[75.2197,34.65251],[75.20735,34.64633],[75.23576,34.64829],[75.24971,34.64731],[75.25964,34.64409],[75.26606,34.63955],[75.26694,34.63454],[75.25808,34.6176],[75.26186,34.61088],[75.3352,34.57213],[75.35055,34.56224],[75.37781,34.55242],[75.39497,34.54881],[75.46494,34.54337],[75.47851,34.53936],[75.5061,34.53733],[75.51688,34.53779],[75.5212,34.53959],[75.5518,34.53814],[75.59189,34.54006],[75.61556,34.53854],[75.64415,34.53354],[75.69231,34.52153],[75.72923,34.51616],[75.74921,34.51583],[75.76878,34.52214],[75.79303,34.53392],[75.81048,34.54817],[75.82065,34.55891],[75.84218,34.57386],[75.91865,34.60483],[75.93221,34.62443],[75.94625,34.63118],[75.96771,34.63347],[75.98328,34.62941],[75.99184,34.62997],[76.00039,34.63581],[76.01437,34.65357],[76.02543,34.6641],[76.03646,34.67027],[76.05502,34.67603],[76.07444,34.67631],[76.08582,34.67146],[76.12192,34.64665],[76.13075,34.64352],[76.13909,34.64247],[76.15791,34.64341],[76.19279,34.65527],[76.19785,34.65913],[76.22738,34.67214],[76.2343,34.67309],[76.26006,34.68437],[76.27512,34.69364],[76.2833,34.70151],[76.28995,34.71232],[76.30151,34.72444],[76.31614,34.73163],[76.33989,34.73432],[76.38593,34.73596],[76.40954,34.75217],[76.42762,34.76244],[76.43697,34.76438],[76.4692,34.79167],[76.47434,34.79437],[76.48392,34.79313],[76.48548,34.80016],[76.49354,34.80499],[76.49588,34.81279],[76.49258,34.81849],[76.47393,34.82732],[76.46505,34.83381],[76.45568,34.84427],[76.45157,34.86313],[76.45203,34.87329],[76.43352,34.90704],[76.41736,34.93022],[76.41115,34.94261],[76.40863,34.95673],[76.41365,34.97559],[76.41277,34.98257],[76.40909,34.98782],[76.39726,34.99513],[76.39305,35.00145],[76.39469,35.01344],[76.39239,35.01545],[76.37716,35.01804],[76.36021,35.02982],[76.35015,35.03327],[76.34498,35.03643],[76.33693,35.04678],[76.32532,35.0482],[76.29412,35.04735],[76.28607,35.05051],[76.27889,35.05913],[76.26998,35.06603],[76.25475,35.06747],[76.2467,35.06977],[76.23176,35.06919],[76.21998,35.07264],[76.20504,35.07293],[76.19326,35.07752],[76.17831,35.07954],[76.16337,35.08614],[76.15791,35.09189],[76.1378,35.10454],[76.12601,35.10798],[76.11912,35.11287],[76.11078,35.11517],[76.1036,35.11977],[76.0763,35.12867],[76.04843,35.13557],[76.02802,35.14333],[76.02142,35.14477],[76.01538,35.1439],[76.00274,35.14965],[75.99101,35.15051]]]},"properties":{"district":"Kharmang","province":"Gilgit Baltistan","pcode":"PK309","pop_2023":null,"area_km2":5971.1}},{"type":"Feature","geometry":{"type":"Polygon","coordinates":[[[75.94932,36.07386],[75.94059,36.06919],[75.93038,36.05983],[75.92656,36.05856],[75.91273,36.05834],[75.9089,36.05537],[75.91124,36.04771],[75.90997,36.04324],[75.90179,36.0426],[75.88997,36.0375],[75.87679,36.02857],[75.87062,36.02176],[75.86573,36.01942],[75.85658,36.02155],[75.84361,36.01985],[75.83413,36.02151],[75.81276,36.01198],[75.77895,36.01687],[75.76874,36.02857],[75.76789,36.03707],[75.75555,36.05132],[75.7547,36.06387],[75.7396,36.06494],[75.72684,36.07196],[75.72492,36.07472],[75.7228,36.08153],[75.72322,36.08727],[75.73322,36.09344],[75.73449,36.09939],[75.73322,36.10237],[75.72982,36.10577],[75.70025,36.12215],[75.69186,36.13212],[75.68132,36.14002],[75.67515,36.14023],[75.67515,36.13385],[75.67306,36.13081],[75.65766,36.12593],[75.65058,36.12601],[75.64288,36.12375],[75.62146,36.12437],[75.60177,36.12258],[75.58944,36.12428],[75.5754,36.12173],[75.57072,36.12236],[75.55115,36.12832],[75.52988,36.13704],[75.48586,36.14066],[75.46906,36.14619],[75.45842,36.15405],[75.43141,36.16894],[75.42482,36.18234],[75.42269,36.19766],[75.41716,36.2051],[75.40971,36.20872],[75.39057,36.21148],[75.37547,36.21701],[75.36547,36.22871],[75.36143,36.23871],[75.35418,36.24534],[75.33272,36.24523],[75.32393,36.24126],[75.3123,36.23303],[75.30805,36.22651],[75.29726,36.21962],[75.28813,36.21092],[75.28528,36.20617],[75.27576,36.20141],[75.26212,36.20268],[75.24276,36.19697],[75.23007,36.1957],[75.20787,36.20299],[75.20469,36.19887],[75.19391,36.19157],[75.19137,36.18428],[75.19042,36.16397],[75.18851,36.15636],[75.17963,36.13859],[75.17107,36.12907],[75.16218,36.11226],[75.15457,36.08974],[75.14442,36.0688],[75.1422,36.06658],[75.13955,36.06669],[75.1349,36.07197],[75.13458,36.07451],[75.13204,36.07451],[75.11808,36.0599],[75.11523,36.05135],[75.11239,36.04815],[75.10222,36.04511],[75.08742,36.03792],[75.07811,36.03707],[75.06627,36.04088],[75.05739,36.03496],[75.04893,36.03496],[75.04173,36.03919],[75.03962,36.04299],[75.03622,36.06953],[75.02228,36.07895],[75.01635,36.08614],[75.01212,36.08572],[75.00916,36.08022],[75.00705,36.06922],[75.00108,36.0654],[74.9764,36.05545],[74.96167,36.04737],[74.95043,36.04608],[74.94325,36.0498],[74.93843,36.04788],[74.93298,36.04257],[74.92633,36.04046],[74.91522,36.04046],[74.91214,36.03904],[74.90647,36.0336],[74.90457,36.02106],[74.8937,36.00427],[74.89748,35.99505],[74.90647,35.99173],[74.91121,35.98835],[74.91451,35.97873],[74.93296,35.97116],[74.93201,35.96193],[74.93532,35.95673],[74.93509,35.95271],[74.92208,35.93544],[74.92917,35.93544],[74.94691,35.92882],[74.95614,35.92267],[74.96441,35.90375],[74.96772,35.88057],[74.96654,35.86473],[74.96205,35.85858],[74.95448,35.85479],[74.93899,35.85019],[74.89832,35.84057],[74.91529,35.83642],[74.93081,35.83441],[74.94653,35.82574],[74.96447,35.82352],[74.97475,35.81828],[74.98665,35.80679],[74.99491,35.80296],[75.00459,35.80135],[75.01809,35.79671],[75.05982,35.76809],[75.06304,35.76749],[75.06748,35.77051],[75.07523,35.77188],[75.07756,35.77414],[75.08401,35.77555],[75.09227,35.76527],[75.11404,35.756],[75.12997,35.74148],[75.15053,35.73564],[75.15637,35.73241],[75.16746,35.72415],[75.17572,35.71487],[75.17633,35.7054],[75.17048,35.70096],[75.16061,35.69814],[75.15899,35.69169],[75.16242,35.6794],[75.17572,35.66307],[75.18359,35.66226],[75.1867,35.66321],[75.18906,35.66017],[75.19298,35.65912],[75.20325,35.66087],[75.21241,35.65601],[75.2233,35.65601],[75.25192,35.63344],[75.25918,35.63263],[75.2749,35.61691],[75.28054,35.60784],[75.28458,35.60602],[75.29599,35.60546],[75.31663,35.60886],[75.32485,35.61159],[75.33814,35.61186],[75.34882,35.61509],[75.38401,35.61463],[75.40748,35.61885],[75.43366,35.61863],[75.44666,35.61345],[75.45276,35.60829],[75.46449,35.58999],[75.47059,35.57732],[75.47106,35.57216],[75.47857,35.5609],[75.48467,35.55292],[75.50508,35.53485],[75.514,35.52265],[75.54215,35.49872],[75.57547,35.48981],[75.58504,35.48255],[75.58864,35.47306],[75.60733,35.45],[75.66777,35.38956],[75.69056,35.35855],[75.66431,35.33034],[75.65956,35.32091],[75.65118,35.31672],[75.65293,35.30215],[75.65551,35.30008],[75.664,35.29676],[75.67632,35.29725],[75.6842,35.30366],[75.69012,35.31499],[75.7017,35.31844],[75.70834,35.3177],[75.71476,35.3113],[75.71749,35.30518],[75.72092,35.30316],[75.72856,35.3044],[75.73867,35.31006],[75.75419,35.30982],[75.76044,35.31107],[75.76423,35.3145],[75.77258,35.31302],[75.78016,35.31449],[75.78204,35.31672],[75.79488,35.32293],[75.79876,35.3426],[75.80151,35.34777],[75.80668,35.34949],[75.81457,35.34333],[75.82591,35.34506],[75.83281,35.34259],[75.84094,35.33545],[75.84883,35.32115],[75.85154,35.31967],[75.85745,35.30612],[75.86041,35.26792],[75.86583,35.25486],[75.87125,35.24673],[75.87396,35.23244],[75.87766,35.22997],[75.91228,35.22844],[75.90945,35.23884],[75.91241,35.25954],[75.92498,35.28123],[75.93089,35.29602],[75.95406,35.32041],[75.96684,35.32282],[75.98665,35.34507],[75.99639,35.35953],[76.00338,35.37956],[76.00597,35.39307],[76.00345,35.40573],[76.00451,35.41018],[76.00307,35.42241],[76.00493,35.43857],[76.01022,35.45487],[76.01956,35.46611],[76.08237,35.50252],[76.13228,35.51277],[76.15621,35.52277],[76.16801,35.53028],[76.18052,35.54196],[76.19165,35.55698],[76.22847,35.59396],[76.24964,35.60675],[76.28987,35.62146],[76.30028,35.6273],[76.31174,35.6387],[76.35509,35.66029],[76.36794,35.66342],[76.39869,35.67554],[76.41301,35.67841],[76.42926,35.68433],[76.44584,35.68772],[76.45773,35.68678],[76.4868,35.6592],[76.49074,35.65249],[76.51819,35.63073],[76.52718,35.62571],[76.56209,35.59646],[76.569,35.59228],[76.58769,35.58531],[76.60118,35.5775],[76.61259,35.57026],[76.62848,35.55605],[76.65438,35.52908],[76.65509,35.5227],[76.6636,35.50815],[76.66466,35.50177],[76.67087,35.48876],[76.67123,35.48225],[76.67535,35.46917],[76.6819,35.45859],[76.68639,35.45385],[76.69573,35.45106],[76.70886,35.43741],[76.72953,35.42201],[76.74491,35.44406],[76.75568,35.45602],[76.76544,35.47884],[76.79081,35.51524],[76.82662,35.55672],[76.84369,35.58537],[76.85999,35.59175],[76.86382,35.5962],[76.8829,35.60537],[76.90022,35.6191],[76.89205,35.62755],[76.86085,35.65174],[76.85196,35.6644],[76.84634,35.66901],[76.83424,35.66293],[76.81266,35.66139],[76.78834,35.65673],[76.76669,35.65491],[76.75862,35.65671],[76.74896,35.68127],[76.74216,35.6887],[76.73003,35.69883],[76.71604,35.71423],[76.69584,35.72312],[76.6947,35.74056],[76.69051,35.74844],[76.68167,35.75091],[76.67311,35.75021],[76.6521,35.75684],[76.64739,35.76264],[76.64274,35.76559],[76.62688,35.76532],[76.619,35.76176],[76.59112,35.77302],[76.57805,35.79735],[76.56886,35.8074],[76.5638,35.82024],[76.58523,35.84132],[76.5838,35.85009],[76.57722,35.86745],[76.57907,35.87401],[76.59498,35.89668],[76.58511,35.91498],[76.57357,35.92177],[76.55553,35.9241],[76.54636,35.92007],[76.54299,35.9039],[76.53724,35.89729],[76.5127,35.88177],[76.48907,35.88982],[76.47933,35.88983],[76.4689,35.88659],[76.4617,35.88196],[76.44073,35.86044],[76.42889,35.85239],[76.41979,35.85074],[76.40027,35.85277],[76.38108,35.85783],[76.36681,35.86395],[76.35743,35.85839],[76.35548,35.84998],[76.36404,35.82783],[76.36301,35.82487],[76.32734,35.83002],[76.30499,35.83767],[76.296,35.84234],[76.28367,35.84226],[76.26224,35.83765],[76.23975,35.83909],[76.22589,35.83783],[76.22308,35.82692],[76.21876,35.82418],[76.20054,35.82463],[76.16947,35.82292],[76.15741,35.82516],[76.14414,35.83409],[76.14381,35.84078],[76.15712,35.86449],[76.15388,35.87799],[76.154,35.8878],[76.1608,35.90365],[76.16181,35.90954],[76.15988,35.91753],[76.1502,35.93522],[76.13873,35.95012],[76.12852,35.96219],[76.11402,35.97571],[76.10441,35.98918],[76.1,36],[76.10107,36.01938],[76.0943,36.02309],[76.07515,36.02567],[76.04153,36.02741],[76.02517,36.01773],[76.02073,36.01705],[76.0116,36.01881],[75.97984,36.03226],[75.96587,36.04293],[75.9551,36.05926],[75.95478,36.06891],[75.94689,36.07112],[75.94932,36.07386]]]},"properties":{"district":"Shigar","province":"Gilgit Baltistan","pcode":"PK310","pop_2023":null,"area_km2":8513.4}},{"type":"Feature","geometry":{"type":"Polygon","coordinates":[[[73.76041,35.87168],[73.76207,35.85504],[73.76418,35.85022],[73.74791,35.85323],[73.74158,35.85685],[73.72079,35.85835],[73.70573,35.86558],[73.6985,35.87161],[73.68735,35.87311],[73.68012,35.87884],[73.67108,35.87191],[73.66703,35.87195],[73.6509,35.87703],[73.63885,35.87794],[73.63131,35.87342],[73.62649,35.86317],[73.62227,35.86046],[73.60631,35.86679],[73.59395,35.86799],[73.5819,35.87281],[73.56774,35.8707],[73.56383,35.87251],[73.55449,35.88185],[73.54605,35.88245],[73.54153,35.88065],[73.53882,35.87643],[73.53852,35.86377],[73.53701,35.86136],[73.52918,35.85745],[73.52285,35.85715],[73.51743,35.85835],[73.49825,35.87327],[73.4938,35.87315],[73.49286,35.85039],[73.49557,35.82595],[73.52272,35.79202],[73.52272,35.78116],[73.51729,35.75401],[73.51708,35.71608],[73.51593,35.70921],[73.5105,35.70242],[73.50915,35.68206],[73.52679,35.6522],[73.5553,35.62098],[73.57973,35.5884],[73.58245,35.57211],[73.57981,35.55361],[73.60793,35.54697],[73.64415,35.54138],[73.65444,35.53583],[73.66026,35.53444],[73.67304,35.53277],[73.70694,35.53138],[73.71388,35.53221],[73.72638,35.52972],[73.74165,35.52222],[73.76776,35.51999],[73.77331,35.52249],[73.78027,35.52249],[73.7884,35.51686],[73.79998,35.52254],[73.80712,35.52254],[73.81187,35.52011],[73.82268,35.52038],[73.83159,35.51821],[73.84375,35.52578],[73.85782,35.52568],[73.87233,35.53734],[73.8879,35.5395],[73.91297,35.54772],[73.92032,35.55507],[73.92378,35.55593],[73.92572,35.56566],[73.93156,35.57322],[73.9603,35.59289],[73.96722,35.60348],[73.96938,35.60975],[73.97781,35.61948],[73.99942,35.62077],[74.01347,35.61818],[74.01736,35.61991],[74.02385,35.62661],[74.02579,35.63374],[74.03465,35.64087],[74.03487,35.65038],[74.03617,35.65276],[74.04114,35.65535],[74.04827,35.66897],[74.05973,35.66919],[74.06232,35.67156],[74.07529,35.67243],[74.08523,35.67654],[74.10058,35.67632],[74.10728,35.67459],[74.11506,35.67005],[74.11635,35.66594],[74.12024,35.6627],[74.12522,35.66205],[74.12781,35.66335],[74.1384,35.67891],[74.13667,35.68972],[74.14597,35.69556],[74.14618,35.69858],[74.14856,35.69966],[74.14921,35.70204],[74.14899,35.71155],[74.15439,35.71458],[74.15744,35.71889],[74.15542,35.72236],[74.1452,35.7217],[74.13907,35.72369],[74.11869,35.74551],[74.09435,35.76751],[74.06838,35.7657],[74.05936,35.76642],[74.05233,35.76931],[74.04223,35.79131],[74.03394,35.79762],[74.03304,35.80321],[74.02853,35.8088],[74.02907,35.81872],[74.02492,35.82377],[74.01464,35.82305],[74.01212,35.82142],[74.00977,35.81637],[74.0013,35.81241],[73.98272,35.81313],[73.97804,35.81565],[73.96487,35.81764],[73.95153,35.82485],[73.94432,35.8308],[73.94511,35.84967],[73.93101,35.8518],[73.9152,35.85903],[73.90909,35.85903],[73.90706,35.85767],[73.90616,35.84886],[73.90367,35.84728],[73.89734,35.84728],[73.8874,35.83915],[73.88062,35.83915],[73.87226,35.84163],[73.86277,35.84931],[73.85871,35.86377],[73.85554,35.86581],[73.84854,35.86649],[73.83272,35.87869],[73.8282,35.87462],[73.82526,35.8692],[73.8099,35.86445],[73.80606,35.86445],[73.80154,35.86694],[73.78798,35.86852],[73.78364,35.87558],[73.77772,35.87632],[73.77181,35.88049],[73.76629,35.87168],[73.76358,35.87055],[73.76041,35.87168]]]},"properties":{"district":"Darel","province":"Gilgit Baltistan","pcode":"PK311","pop_2023":null,"area_km2":1650.9}},{"type":"Feature","geometry":{"type":"Polygon","coordinates":[[[73.4938,35.87315],[73.48837,35.87475],[73.47826,35.8695],[73.47284,35.8692],[73.43518,35.88215],[73.40686,35.88426],[73.39963,35.88848],[73.38728,35.90053],[73.38487,35.90505],[73.38125,35.90354],[73.3698,35.90354],[73.36769,35.91349],[73.36287,35.92433],[73.35413,35.93036],[73.35052,35.93548],[73.32943,35.94723],[73.32008,35.94295],[73.31647,35.94286],[73.30894,35.93578],[73.28785,35.93608],[73.26978,35.94],[73.26616,35.94],[73.26074,35.93699],[73.26074,35.92735],[73.26254,35.92252],[73.26164,35.91108],[73.25863,35.90415],[73.25049,35.8933],[73.25079,35.88908],[73.25953,35.87552],[73.25381,35.86257],[73.25079,35.86136],[73.24296,35.86197],[73.23784,35.86016],[73.22398,35.86076],[73.22037,35.85805],[73.21765,35.85142],[73.2129,35.84816],[73.19867,35.8454],[73.18843,35.84178],[73.12436,35.8377],[73.1247,35.82888],[73.11499,35.79222],[73.11192,35.77083],[73.11304,35.75111],[73.1172,35.73833],[73.13611,35.70889],[73.14638,35.6986],[73.15721,35.69027],[73.19887,35.66999],[73.21361,35.65916],[73.23027,35.64388],[73.2811,35.61388],[73.29193,35.61028],[73.29582,35.6075],[73.34749,35.59943],[73.3636,35.59415],[73.39529,35.57777],[73.41443,35.57333],[73.49304,35.5686],[73.53472,35.55332],[73.54748,35.55305],[73.57083,35.55527],[73.57981,35.55361],[73.58245,35.57211],[73.57973,35.5884],[73.5553,35.62098],[73.52679,35.6522],[73.50915,35.68206],[73.5105,35.70242],[73.51593,35.70921],[73.51708,35.71608],[73.51729,35.75401],[73.52272,35.78116],[73.52272,35.79202],[73.49557,35.82595],[73.49286,35.85039],[73.4938,35.87315]]]},"properties":{"district":"Tangir","province":"Gilgit Baltistan","pcode":"PK312","pop_2023":null,"area_km2":1102.3}},{"type":"Feature","geometry":{"type":"Polygon","coordinates":[[[73.60314,36.70609],[73.58609,36.70738],[73.57915,36.71349],[73.56859,36.72737],[73.56302,36.72903],[73.5508,36.72876],[73.52386,36.7232],[73.48303,36.72653],[73.45776,36.73096],[73.42526,36.74737],[73.40721,36.75153],[73.37776,36.74847],[73.37137,36.74932],[73.35553,36.74626],[73.34552,36.74293],[73.33359,36.73487],[73.32414,36.73127],[73.30385,36.72655],[73.27414,36.71712],[73.24774,36.7113],[73.23026,36.70963],[73.20358,36.71159],[73.19191,36.71409],[73.16997,36.7216],[73.1572,36.72298],[73.14192,36.71883],[73.11969,36.70273],[73.1058,36.69662],[73.08441,36.6933],[73.06607,36.69246],[73.05997,36.6908],[73.05275,36.6858],[73.04997,36.68192],[73.04747,36.67108],[73.05136,36.65276],[73.07025,36.61832],[73.07303,36.60528],[73.07088,36.59988],[73.0583,36.58723],[73.0533,36.57862],[73.04274,36.55003],[73.03552,36.53753],[73.02081,36.52587],[73.00859,36.51838],[72.99135,36.50978],[72.97163,36.50396],[72.96414,36.4984],[72.96526,36.47868],[72.96303,36.47369],[72.9597,36.47119],[72.95497,36.46925],[72.92914,36.47037],[72.91164,36.46815],[72.88387,36.45789],[72.87524,36.4529],[72.86691,36.44234],[72.8558,36.38377],[72.8508,36.37571],[72.83803,36.36822],[72.80746,36.35407],[72.7733,36.3302],[72.75998,36.32269],[72.7547,36.32214],[72.72664,36.31187],[72.70914,36.30326],[72.68636,36.27328],[72.67691,36.2644],[72.66331,36.2594],[72.65027,36.25912],[72.63944,36.26329],[72.61415,36.26717],[72.59637,36.26441],[72.58333,36.25885],[72.56721,36.2483],[72.55277,36.23135],[72.5472,36.22302],[72.53941,36.1972],[72.53914,36.17693],[72.54469,36.15499],[72.54385,36.14471],[72.53996,36.13472],[72.52248,36.10695],[72.51859,36.09055],[72.52191,36.07223],[72.52664,36.06472],[72.53803,36.05139],[72.5594,36.03334],[72.56386,36.02583],[72.56694,36.00751],[72.55721,35.98472],[72.54553,35.96971],[72.52361,35.92694],[72.51582,35.91499],[72.51277,35.90027],[72.51447,35.89881],[72.53749,35.88943],[72.54915,35.8811],[72.57027,35.8486],[72.57971,35.84415],[72.61886,35.83777],[72.67082,35.81833],[72.67693,35.8175],[72.68858,35.8186],[72.73245,35.83179],[72.76443,35.83888],[72.7961,35.85305],[72.8111,35.85722],[72.82527,35.8561],[72.84776,35.84972],[72.89166,35.84138],[72.91914,35.8386],[72.93858,35.8386],[72.95637,35.83499],[72.97638,35.83388],[73.00833,35.84083],[73.03638,35.85055],[73.0636,35.86277],[73.07471,35.86444],[73.09248,35.86028],[73.10637,35.85333],[73.11804,35.84527],[73.12436,35.8377],[73.18843,35.84178],[73.19867,35.8454],[73.2129,35.84816],[73.21765,35.85142],[73.22037,35.85805],[73.22398,35.86076],[73.23784,35.86016],[73.24296,35.86197],[73.25079,35.86136],[73.25381,35.86257],[73.25953,35.87552],[73.25079,35.88908],[73.25049,35.8933],[73.25863,35.90415],[73.26164,35.91108],[73.26254,35.92252],[73.26074,35.92735],[73.26074,35.93699],[73.26616,35.94],[73.26978,35.94],[73.28785,35.93608],[73.30894,35.93578],[73.31647,35.94286],[73.32008,35.94295],[73.32943,35.94723],[73.35052,35.93548],[73.35413,35.93036],[73.36287,35.92433],[73.36769,35.91349],[73.3698,35.90354],[73.38125,35.90354],[73.38487,35.90505],[73.38728,35.90053],[73.39963,35.88848],[73.40686,35.88426],[73.43518,35.88215],[73.47284,35.8692],[73.47826,35.8695],[73.48837,35.87475],[73.4938,35.87315],[73.49825,35.87327],[73.51743,35.85835],[73.52285,35.85715],[73.52918,35.85745],[73.53701,35.86136],[73.53852,35.86377],[73.53882,35.87643],[73.54153,35.88065],[73.54605,35.88245],[73.55449,35.88185],[73.56383,35.87251],[73.56774,35.8707],[73.5819,35.87281],[73.59395,35.86799],[73.60631,35.86679],[73.62227,35.86046],[73.62649,35.86317],[73.63131,35.87342],[73.63885,35.87794],[73.6509,35.87703],[73.66703,35.87195],[73.67108,35.87191],[73.68012,35.87884],[73.68735,35.87311],[73.6985,35.87161],[73.70573,35.86558],[73.72079,35.85835],[73.74158,35.85685],[73.74791,35.85323],[73.76418,35.85022],[73.76207,35.85504],[73.76041,35.87168],[73.75748,35.87214],[73.75431,35.87688],[73.75386,35.8823],[73.74844,35.88366],[73.74663,35.88569],[73.74753,35.8936],[73.74256,35.89677],[73.7464,35.90128],[73.74776,35.90626],[73.74301,35.91032],[73.74053,35.92863],[73.74098,35.93314],[73.74573,35.93699],[73.7455,35.94151],[73.73623,35.94377],[73.729,35.95054],[73.72946,35.95868],[73.72132,35.96907],[73.7211,35.97337],[73.71771,35.97834],[73.71499,35.97924],[73.70302,35.97563],[73.69805,35.97563],[73.69398,35.98353],[73.6759,35.99461],[73.6759,35.99913],[73.67952,36.00658],[73.66076,36.00907],[73.65308,36.01539],[73.64065,36.02104],[73.63523,36.02647],[73.64156,36.03709],[73.64201,36.04635],[73.6341,36.06014],[73.6341,36.06307],[73.64291,36.06307],[73.6463,36.06081],[73.65489,36.06126],[73.65624,36.07482],[73.65963,36.08635],[73.65692,36.09245],[73.6567,36.10013],[73.6506,36.11188],[73.65071,36.11583],[73.64223,36.11894],[73.63913,36.12148],[73.63828,36.12572],[73.63489,36.12685],[73.6315,36.13165],[73.6267,36.13335],[73.62529,36.13589],[73.62557,36.14126],[73.62811,36.14323],[73.62811,36.15114],[73.62275,36.15453],[73.62049,36.16611],[73.62416,36.17063],[73.62614,36.18221],[73.64111,36.18955],[73.64619,36.20311],[73.6476,36.21272],[73.64139,36.22373],[73.63913,36.23418],[73.64308,36.23927],[73.64562,36.24633],[73.64958,36.25028],[73.65325,36.25113],[73.66427,36.25904],[73.68545,36.26469],[73.69957,36.2709],[73.71257,36.27994],[73.71595,36.28418],[73.71511,36.30112],[73.71257,36.30253],[73.71144,36.31581],[73.69929,36.32541],[73.69477,36.33982],[73.69788,36.35168],[73.69731,36.36684],[73.69534,36.37371],[73.69251,36.37993],[73.68601,36.38303],[73.68065,36.39348],[73.67415,36.39942],[73.67133,36.40083],[73.65664,36.40196],[73.65382,36.40394],[73.65438,36.40789],[73.65946,36.41523],[73.65805,36.42625],[73.64167,36.42936],[73.62839,36.43529],[73.62501,36.43952],[73.61823,36.44122],[73.62303,36.44291],[73.62501,36.45167],[73.63263,36.45675],[73.63602,36.47963],[73.63602,36.485],[73.63404,36.48839],[73.61964,36.49517],[73.61794,36.50421],[73.60947,36.50364],[73.59478,36.51296],[73.58885,36.51098],[73.58433,36.51127],[73.5736,36.51635],[73.56626,36.51776],[73.56569,36.52652],[73.55976,36.53302],[73.56569,36.54177],[73.56569,36.5494],[73.54761,36.5542],[73.54677,36.56041],[73.54959,36.56578],[73.54846,36.56719],[73.53589,36.57115],[73.52142,36.56973],[73.52283,36.5828],[73.52636,36.58562],[73.5426,36.5941],[73.56767,36.59763],[73.58073,36.60116],[73.58285,36.61069],[73.59485,36.61775],[73.59591,36.6234],[73.6065,36.63964],[73.6065,36.64317],[73.60262,36.65023],[73.58956,36.66436],[73.58532,36.67565],[73.58567,36.68095],[73.60314,36.70609]]]},"properties":{"district":"Gupis-Yasin","province":"Gilgit Baltistan","pcode":"PK313","pop_2023":null,"area_km2":7726.1}},{"type":"Feature","geometry":{"type":"Polygon","coordinates":[[[75.58504,35.48255],[75.57547,35.48981],[75.54215,35.49872],[75.514,35.52265],[75.50508,35.53485],[75.48467,35.55292],[75.47857,35.5609],[75.47106,35.57216],[75.47059,35.57732],[75.46449,35.58999],[75.45276,35.60829],[75.44666,35.61345],[75.43366,35.61863],[75.40748,35.61885],[75.38401,35.61463],[75.34882,35.61509],[75.33814,35.61186],[75.32485,35.61159],[75.31663,35.60886],[75.29599,35.60546],[75.28458,35.60602],[75.28054,35.60784],[75.2749,35.61691],[75.25918,35.63263],[75.25192,35.63344],[75.2233,35.65601],[75.21241,35.65601],[75.20325,35.66087],[75.19298,35.65912],[75.18906,35.66017],[75.1867,35.66321],[75.18359,35.66226],[75.17572,35.66307],[75.16242,35.6794],[75.15899,35.69169],[75.16061,35.69814],[75.17048,35.70096],[75.17633,35.7054],[75.17572,35.71487],[75.16746,35.72415],[75.15637,35.73241],[75.15053,35.73564],[75.12997,35.74148],[75.11404,35.756],[75.09227,35.76527],[75.08401,35.77555],[75.07756,35.77414],[75.07523,35.77188],[75.06748,35.77051],[75.06304,35.76749],[75.05982,35.76809],[75.01809,35.79671],[75.00459,35.80135],[74.99491,35.80296],[74.98665,35.80679],[74.97475,35.81828],[74.96447,35.82352],[74.94653,35.82574],[74.93081,35.83441],[74.91529,35.83642],[74.89832,35.84057],[74.89585,35.82356],[74.89168,35.81596],[74.87866,35.80438],[74.84735,35.78955],[74.83975,35.78394],[74.83631,35.77869],[74.83088,35.75842],[74.82093,35.75263],[74.79958,35.74955],[74.75866,35.7257],[74.74554,35.72073],[74.7391,35.72086],[74.74162,35.71766],[74.75078,35.71239],[74.7698,35.71216],[74.77988,35.71812],[74.78606,35.71692],[74.79202,35.71216],[74.79592,35.71147],[74.81287,35.7133],[74.82181,35.72086],[74.82868,35.72064],[74.84541,35.70987],[74.85778,35.7078],[74.86214,35.70551],[74.87061,35.69635],[74.8784,35.67802],[74.87772,35.66794],[74.87084,35.65969],[74.87267,35.64067],[74.86741,35.6354],[74.86099,35.6354],[74.85544,35.63186],[74.85343,35.62074],[74.85137,35.61868],[74.84701,35.61662],[74.83395,35.61616],[74.83281,35.60562],[74.83441,35.60081],[74.8516,35.58637],[74.85984,35.58064],[74.8659,35.58057],[74.86993,35.5756],[74.87038,35.57171],[74.86466,35.56346],[74.86122,35.56163],[74.86328,35.55819],[74.87749,35.54948],[74.88346,35.54352],[74.89169,35.54169],[74.90269,35.53596],[74.90704,35.52359],[74.92537,35.52451],[74.94691,35.51099],[74.95012,35.50687],[74.95333,35.4961],[74.95974,35.49243],[74.96684,35.48006],[74.97326,35.47548],[74.98105,35.47433],[74.98998,35.46998],[74.998,35.47548],[75.00236,35.47662],[75.00602,35.47571],[75.01106,35.46952],[75.01496,35.46058],[75.01565,35.44661],[75.0255,35.4363],[75.02802,35.43561],[75.03924,35.43905],[75.04612,35.43424],[75.05849,35.43469],[75.06559,35.4308],[75.06536,35.42461],[75.06903,35.42003],[75.07744,35.41843],[75.0869,35.42003],[75.10134,35.40124],[75.10179,35.3946],[75.09721,35.38818],[75.09859,35.38635],[75.10655,35.38457],[75.114,35.37913],[75.12803,35.35794],[75.15552,35.34591],[75.16756,35.33351],[75.18152,35.33862],[75.23857,35.34705],[75.26732,35.35311],[75.30127,35.35287],[75.30755,35.35707],[75.30834,35.36042],[75.31698,35.36797],[75.31989,35.37783],[75.32827,35.38684],[75.33742,35.39145],[75.35441,35.39438],[75.36671,35.40528],[75.38763,35.41428],[75.39107,35.42645],[75.39604,35.43085],[75.41278,35.43818],[75.43372,35.45411],[75.4481,35.45893],[75.45438,35.46522],[75.47004,35.46143],[75.47473,35.45869],[75.47575,35.44988],[75.48695,35.43707],[75.49504,35.42369],[75.50748,35.42858],[75.55674,35.46878],[75.58504,35.48255]]]},"properties":{"district":"Rondu","province":"Gilgit Baltistan","pcode":"PK314","pop_2023":null,"area_km2":1881.9}},{"type":"Feature","geometry":{"type":"Polygon","coordinates":[[[73.16847,33.80451],[73.16415,33.81038],[73.15867,33.81193],[73.1526,33.81095],[73.14567,33.80471],[73.14113,33.80482],[73.13105,33.79887],[73.125,33.79301],[73.1218,33.78743],[73.11791,33.78637],[73.09475,33.78394],[73.09223,33.79128],[73.08147,33.79355],[73.06849,33.7849],[73.05858,33.78204],[73.05582,33.78409],[73.04192,33.78444],[73.03441,33.78028],[73.0274,33.77989],[73.01553,33.77468],[73.0114,33.76697],[73.01292,33.76263],[73.01196,33.75814],[73.00725,33.7603],[73.00043,33.75684],[72.99155,33.75746],[72.99056,33.75042],[72.97863,33.74158],[72.96376,33.7387],[72.96087,33.73514],[72.95672,33.73323],[72.95671,33.73108],[72.94485,33.72952],[72.92235,33.73061],[72.91642,33.72937],[72.90031,33.72699],[72.89603,33.72139],[72.88716,33.71939],[72.87437,33.71965],[72.86642,33.71792],[72.85797,33.71986],[72.85302,33.71935],[72.84427,33.71328],[72.84121,33.70588],[72.81388,33.7014],[72.91422,33.57263],[72.98612,33.61058],[72.97746,33.62133],[72.96664,33.62675],[72.96878,33.63146],[72.97517,33.62733],[72.98882,33.63387],[73.00178,33.61879],[73.0882,33.66419],[73.1545,33.57837],[73.08688,33.54242],[73.19973,33.48971],[73.29875,33.59128],[73.2933,33.59183],[73.29286,33.59439],[73.29665,33.60605],[73.30262,33.61058],[73.30006,33.62913],[73.30165,33.63579],[73.29797,33.64222],[73.30014,33.64651],[73.30414,33.64903],[73.30213,33.65501],[73.30687,33.6559],[73.31896,33.66335],[73.31815,33.66462],[73.32375,33.66659],[73.32769,33.66674],[73.33835,33.66367],[73.34729,33.66448],[73.35069,33.66133],[73.35455,33.66249],[73.35767,33.66552],[73.35868,33.67207],[73.38367,33.69141],[73.3894,33.70363],[73.37664,33.70467],[73.37127,33.70205],[73.36713,33.70597],[73.35627,33.70655],[73.34724,33.70903],[73.34211,33.71415],[73.33737,33.72782],[73.30628,33.7415],[73.30058,33.74696],[73.299,33.75086],[73.26804,33.77523],[73.26138,33.77872],[73.25418,33.77844],[73.24072,33.78625],[73.1936,33.79754],[73.18091,33.80462],[73.16847,33.80451]]]},"properties":{"district":"Islamabad","province":"Islamabad","pcode":"PK401","pop_2023":2363863,"area_km2":901.5}},{"type":"Feature","geometry":{"type":"Polygon","coordinates":[[[73.49441,34.10701],[73.48804,34.12527],[73.48665,34.13722],[73.48776,34.18499],[73.47943,34.22193],[73.46499,34.25889],[73.46226,34.25722],[73.46471,34.27527],[73.43054,34.29944],[73.41415,34.3161],[73.40971,34.32305],[73.40193,34.34415],[73.39816,34.37406],[73.38802,34.36662],[73.37097,34.36894],[73.36875,34.37055],[73.36054,34.36894],[73.35791,34.36531],[73.3513,34.36644],[73.35072,34.35409],[73.34697,34.34874],[73.34006,34.34485],[73.34343,34.34461],[73.34641,34.34126],[73.34152,34.33583],[73.33524,34.33336],[73.3303,34.32803],[73.32726,34.32368],[73.3276,34.32075],[73.32335,34.3191],[73.31709,34.31955],[73.31664,34.31448],[73.30487,34.31375],[73.30404,34.31091],[73.29629,34.30417],[73.29058,34.30493],[73.28528,34.30232],[73.27915,34.30271],[73.27296,34.30526],[73.27526,34.2964],[73.27368,34.29446],[73.27356,34.28911],[73.26458,34.28559],[73.26142,34.28134],[73.25584,34.27892],[73.25584,34.27348],[73.25374,34.27001],[73.24517,34.27247],[73.2421,34.27557],[73.23556,34.2779],[73.23403,34.28366],[73.22986,34.28632],[73.22549,34.2862],[73.22148,34.28329],[73.21201,34.28511],[73.21007,34.2771],[73.2074,34.27515],[73.2046,34.26602],[73.20663,34.26122],[73.20581,34.25866],[73.19844,34.24867],[73.19514,34.23349],[73.18777,34.22478],[73.18146,34.22771],[73.18034,34.22996],[73.18282,34.2368],[73.17846,34.24356],[73.17523,34.24183],[73.17488,34.23647],[73.16001,34.23724],[73.15868,34.24064],[73.15441,34.24194],[73.15209,34.24055],[73.13976,34.25115],[73.1358,34.24981],[73.12692,34.24168],[73.12474,34.24093],[73.12015,34.24273],[73.11775,34.23875],[73.11429,34.23808],[73.11324,34.23567],[73.10881,34.2368],[73.10573,34.2353],[73.09739,34.23515],[73.09739,34.23206],[73.09115,34.23109],[73.08694,34.23205],[73.08432,34.23567],[73.08342,34.23139],[73.07788,34.22608],[73.07417,34.22613],[73.07513,34.23176],[73.06447,34.24364],[73.06506,34.25065],[73.06103,34.25237],[73.05525,34.25037],[73.04907,34.25111],[73.04978,34.25738],[73.04672,34.26064],[73.04996,34.26355],[73.04937,34.2658],[73.03527,34.26693],[73.03355,34.26433],[73.02742,34.26416],[73.02306,34.25795],[73.01756,34.25564],[73.01544,34.25053],[73.01156,34.24956],[73.00992,34.24091],[73.00443,34.2407],[73.0048,34.23697],[73.00929,34.23135],[73.00349,34.2247],[72.99683,34.22035],[72.99297,34.21993],[72.99205,34.21469],[72.99322,34.21213],[72.99205,34.21037],[72.99008,34.21041],[72.98582,34.20961],[72.98832,34.20651],[72.98551,34.20161],[72.99404,34.1971],[72.9935,34.19434],[72.98957,34.19221],[72.98022,34.19073],[72.97255,34.18577],[72.97161,34.1836],[72.9748,34.17776],[72.98619,34.17731],[72.9952,34.17021],[73.00785,34.17117],[73.01094,34.17329],[73.01891,34.17212],[73.02337,34.16638],[73.03985,34.15246],[73.03879,34.14608],[73.03506,34.1413],[73.02773,34.13737],[73.02507,34.1312],[73.02188,34.13067],[73.02476,34.1258],[73.03124,34.12206],[73.05207,34.1211],[73.06281,34.11781],[73.06993,34.11143],[73.07726,34.09825],[73.08141,34.09836],[73.08502,34.09421],[73.08981,34.09347],[73.09533,34.08624],[73.09438,34.07991],[73.09599,34.06915],[73.07964,34.05205],[73.07962,34.05002],[73.08509,34.04665],[73.08067,34.04478],[73.08037,34.04088],[73.07348,34.03683],[73.0722,34.03241],[73.08412,34.02844],[73.08695,34.02413],[73.10068,34.02252],[73.12545,34.02585],[73.13764,34.01894],[73.14176,34.012],[73.14585,34.00877],[73.14644,33.99957],[73.14232,33.99404],[73.14192,33.98807],[73.13884,33.98383],[73.14032,33.97276],[73.13035,33.96191],[73.12856,33.95735],[73.13149,33.9554],[73.13023,33.95219],[73.12018,33.94786],[73.10653,33.94723],[73.10353,33.94302],[73.09854,33.93998],[73.09655,33.93585],[73.0905,33.93387],[73.09753,33.93106],[73.10064,33.92654],[73.10922,33.92221],[73.10766,33.90865],[73.10314,33.90674],[73.10154,33.90385],[73.09612,33.90222],[73.09636,33.89672],[73.09406,33.8961],[73.09453,33.89489],[73.09679,33.89329],[73.10824,33.8963],[73.11529,33.8922],[73.12091,33.89255],[73.1289,33.89536],[73.13233,33.89953],[73.13744,33.89692],[73.15392,33.90179],[73.1586,33.9081],[73.16234,33.90912],[73.16534,33.91235],[73.16355,33.91582],[73.16651,33.91734],[73.16848,33.91725],[73.17103,33.91247],[73.17998,33.91407],[73.1835,33.91153],[73.18487,33.91434],[73.1883,33.91588],[73.18853,33.91356],[73.19211,33.9111],[73.19901,33.91578],[73.20034,33.92007],[73.20268,33.92007],[73.20431,33.91738],[73.2001,33.91426],[73.19921,33.91138],[73.20102,33.90686],[73.19964,33.90604],[73.19796,33.90847],[73.19496,33.90802],[73.18473,33.90147],[73.18432,33.89669],[73.18629,33.89538],[73.1828,33.89203],[73.19917,33.88749],[73.21361,33.88976],[73.21541,33.88219],[73.21419,33.8799],[73.21064,33.87975],[73.20476,33.87503],[73.19253,33.87066],[73.19008,33.86496],[73.1955,33.85872],[73.19527,33.84982],[73.19946,33.84993],[73.20901,33.85331],[73.21169,33.85232],[73.21332,33.8476],[73.20977,33.84213],[73.21503,33.83228],[73.2065,33.82769],[73.20291,33.82339],[73.20934,33.8161],[73.21979,33.81719],[73.23595,33.82385],[73.24461,33.84029],[73.25388,33.84469],[73.2594,33.84591],[73.26731,33.83775],[73.28558,33.84677],[73.29821,33.84489],[73.30803,33.85532],[73.31143,33.85688],[73.31672,33.8569],[73.31959,33.86029],[73.31736,33.86372],[73.32787,33.87204],[73.33054,33.87638],[73.33116,33.88056],[73.32753,33.88568],[73.32797,33.88742],[73.33472,33.8935],[73.33924,33.90219],[73.34801,33.90768],[73.34663,33.9187],[73.35206,33.91954],[73.35818,33.92536],[73.36786,33.92822],[73.3784,33.93686],[73.38467,33.94655],[73.38574,33.95503],[73.37627,33.95457],[73.37428,33.95583],[73.37816,33.9591],[73.3787,33.96234],[73.38544,33.96242],[73.38849,33.96501],[73.39342,33.97345],[73.40135,33.97583],[73.40466,33.9755],[73.41489,33.96617],[73.41482,33.96291],[73.41817,33.95988],[73.41618,33.95657],[73.4194,33.95516],[73.42358,33.9556],[73.42363,33.96244],[73.43031,33.96531],[73.43658,33.97092],[73.4403,33.97471],[73.44373,33.98354],[73.44785,33.98567],[73.46521,34.00217],[73.464,34.00388],[73.47154,34.01176],[73.4719,34.01666],[73.47672,34.01515],[73.4856,34.01808],[73.51201,34.01767],[73.50722,34.03889],[73.5061,34.06166],[73.50139,34.08611],[73.49441,34.10701]]]},"properties":{"district":"Abbottabad","province":"Khyber Pakhtunkhwa","pcode":"PK501","pop_2023":1419072,"area_km2":1639.5}},{"type":"Feature","geometry":{"type":"Polygon","coordinates":[[[71.76009,34.65601],[71.76345,34.66568],[71.76299,34.66908],[71.76729,34.67119],[71.76779,34.67679],[71.76339,34.68206],[71.76904,34.69544],[71.76322,34.70049],[71.76256,34.70627],[71.76704,34.71234],[71.7635,34.71399],[71.76238,34.71772],[71.75647,34.71813],[71.75568,34.72107],[71.75778,34.72384],[71.75685,34.73474],[71.76522,34.73908],[71.77058,34.73487],[71.77575,34.74527],[71.78013,34.74647],[71.78184,34.7577],[71.78428,34.75768],[71.78903,34.75317],[71.79632,34.7522],[71.80537,34.75924],[71.80373,34.76204],[71.79416,34.76271],[71.79295,34.7706],[71.78472,34.7665],[71.78093,34.76609],[71.76941,34.77583],[71.76246,34.7868],[71.73792,34.79377],[71.73199,34.79945],[71.70741,34.79797],[71.70055,34.80101],[71.69729,34.8076],[71.68797,34.81134],[71.63822,34.81628],[71.62815,34.81275],[71.61505,34.82048],[71.6117,34.82835],[71.60962,34.85201],[71.60408,34.86334],[71.60159,34.87332],[71.59608,34.88265],[71.59547,34.8876],[71.58624,34.9055],[71.57693,34.91701],[71.56541,34.92719],[71.55611,34.94622],[71.5477,34.95419],[71.5291,34.96658],[71.51032,34.98502],[71.51043,34.98066],[71.50648,34.97168],[71.49925,34.96376],[71.48574,34.96163],[71.47623,34.9529],[71.44552,34.94507],[71.43293,34.93838],[71.42239,34.93061],[71.40062,34.92151],[71.38471,34.91673],[71.37016,34.91555],[71.35432,34.91167],[71.32839,34.88992],[71.30986,34.87882],[71.3012,34.86546],[71.29575,34.85012],[71.29245,34.83377],[71.27946,34.80501],[71.27122,34.79805],[71.24631,34.79089],[71.2299,34.76045],[71.2191,34.74809],[71.19572,34.74728],[71.17278,34.73099],[71.18092,34.71683],[71.18906,34.71029],[71.19583,34.70681],[71.20722,34.70498],[71.21333,34.70892],[71.21533,34.71489],[71.22435,34.72429],[71.23098,34.72206],[71.24537,34.70935],[71.2454,34.70384],[71.26418,34.68734],[71.26941,34.67789],[71.27342,34.67589],[71.26918,34.65516],[71.2802,34.6557],[71.28785,34.65165],[71.29973,34.65736],[71.31921,34.6553],[71.32378,34.65761],[71.34505,34.65247],[71.34719,34.64968],[71.35621,34.64676],[71.37575,34.6566],[71.38492,34.65924],[71.39067,34.65885],[71.40313,34.66617],[71.41223,34.66838],[71.41626,34.67377],[71.43136,34.67199],[71.43728,34.67299],[71.43985,34.67652],[71.45381,34.67438],[71.4588,34.66624],[71.4688,34.65949],[71.48036,34.65889],[71.49814,34.66902],[71.5071,34.66959],[71.51163,34.67352],[71.51791,34.67427],[71.52287,34.67791],[71.53683,34.67716],[71.5495,34.67348],[71.554,34.66938],[71.55524,34.66367],[71.56085,34.65343],[71.55314,34.64857],[71.53786,34.63083],[71.53094,34.62962],[71.52808,34.62734],[71.53208,34.62241],[71.53433,34.60556],[71.53276,34.59179],[71.53626,34.58033],[71.54322,34.57326],[71.54332,34.54428],[71.55207,34.53607],[71.56288,34.529],[71.56699,34.52411],[71.57109,34.52258],[71.57916,34.51401],[71.58229,34.50732],[71.58951,34.51309],[71.60168,34.51637],[71.60793,34.52033],[71.61025,34.5199],[71.61342,34.51616],[71.62142,34.5169],[71.62545,34.5203],[71.62706,34.52422],[71.62713,34.53596],[71.6418,34.53634],[71.63909,34.54],[71.65198,34.54123],[71.66071,34.54806],[71.65826,34.55591],[71.65905,34.55824],[71.66858,34.5598],[71.67052,34.56126],[71.66686,34.57098],[71.66688,34.57996],[71.67979,34.60001],[71.67889,34.61891],[71.68623,34.61954],[71.69315,34.62463],[71.70351,34.62463],[71.70633,34.62602],[71.7076,34.63012],[71.71298,34.63108],[71.71258,34.64104],[71.7146,34.64201],[71.72165,34.63959],[71.72395,34.64021],[71.72375,34.64662],[71.72631,34.64894],[71.73689,34.64579],[71.74767,34.6457],[71.75185,34.65118],[71.75733,34.65115],[71.76009,34.65601]]]},"properties":{"district":"Bajaur","province":"Khyber Pakhtunkhwa","pcode":"PK502","pop_2023":1287960,"area_km2":1366.3}},{"type":"Feature","geometry":{"type":"Polygon","coordinates":[[[70.75038,33.21721],[70.74165,33.21552],[70.72108,33.21488],[70.71076,33.21739],[70.70871,33.21965],[70.70392,33.2198],[70.70233,33.22173],[70.70258,33.22675],[70.69044,33.23091],[70.68169,33.24238],[70.67738,33.24404],[70.67774,33.24661],[70.68102,33.24858],[70.6861,33.24749],[70.69069,33.24934],[70.69201,33.25438],[70.68696,33.25573],[70.67895,33.25288],[70.66668,33.25496],[70.65694,33.25707],[70.65031,33.26146],[70.64491,33.26311],[70.64084,33.26193],[70.63302,33.26291],[70.62695,33.26025],[70.62341,33.25612],[70.62392,33.25275],[70.62192,33.25052],[70.61867,33.23156],[70.59226,33.22317],[70.59074,33.22114],[70.57846,33.21694],[70.57664,33.21429],[70.56981,33.21332],[70.56056,33.20972],[70.54634,33.20073],[70.54023,33.19938],[70.53161,33.19459],[70.51899,33.19125],[70.51251,33.18057],[70.49869,33.16875],[70.48647,33.1529],[70.49052,33.14388],[70.48909,33.1285],[70.4982,33.12599],[70.49848,33.12488],[70.48546,33.1156],[70.47141,33.11617],[70.46539,33.11403],[70.46099,33.11037],[70.45734,33.10983],[70.45011,33.1028],[70.44383,33.09267],[70.42193,33.071],[70.41493,33.05755],[70.41399,33.04364],[70.41114,33.03716],[70.41376,33.02911],[70.40837,33.01754],[70.41024,33.00061],[70.40385,32.9963],[70.40242,32.99325],[70.39509,32.99028],[70.39059,32.98307],[70.39102,32.97722],[70.40736,32.96959],[70.37996,32.94436],[70.37391,32.936],[70.37401,32.93303],[70.35985,32.91739],[70.35686,32.91196],[70.35458,32.88948],[70.34913,32.86983],[70.34748,32.85361],[70.34231,32.84374],[70.33314,32.811],[70.32541,32.7918],[70.32146,32.78596],[70.3118,32.77942],[70.30519,32.77141],[70.28091,32.7634],[70.27029,32.75675],[70.26442,32.75038],[70.26139,32.73004],[70.27576,32.73022],[70.29066,32.73446],[70.30432,32.74871],[70.30832,32.75676],[70.31476,32.76302],[70.32748,32.7626],[70.33873,32.76931],[70.37207,32.76841],[70.38437,32.76678],[70.3857,32.76561],[70.37256,32.7076],[70.39153,32.72556],[70.44562,32.74479],[70.47235,32.75222],[70.48496,32.76107],[70.49221,32.76304],[70.49856,32.77314],[70.51179,32.76796],[70.51801,32.76066],[70.52476,32.76295],[70.53086,32.76896],[70.52931,32.77505],[70.53468,32.79307],[70.53551,32.80645],[70.53981,32.81003],[70.54757,32.81218],[70.55545,32.8117],[70.557,32.81027],[70.56118,32.8111],[70.56251,32.84431],[70.58084,32.83981],[70.60021,32.82827],[70.6116,32.83042],[70.61611,32.82924],[70.61241,32.82214],[70.60647,32.81928],[70.6066,32.81751],[70.61102,32.81537],[70.62004,32.81797],[70.62107,32.82369],[70.62516,32.82142],[70.62908,32.82265],[70.63448,32.83094],[70.64005,32.82975],[70.64866,32.83181],[70.6525,32.82849],[70.66343,32.82806],[70.67254,32.83689],[70.67518,32.84025],[70.67509,32.84288],[70.68535,32.84247],[70.69358,32.83452],[70.6995,32.83687],[70.6991,32.82954],[70.70237,32.80955],[70.71405,32.80462],[70.71314,32.80155],[70.71478,32.79952],[70.71855,32.80014],[70.7306,32.79294],[70.73528,32.79833],[70.75357,32.80883],[70.78025,32.8118],[70.79297,32.81674],[70.79272,32.81896],[70.78531,32.82699],[70.78258,32.82755],[70.76572,32.84513],[70.77553,32.8545],[70.77561,32.85612],[70.78362,32.85843],[70.78777,32.8528],[70.79305,32.85021],[70.79484,32.85069],[70.78685,32.85759],[70.78493,32.86139],[70.7827,32.86032],[70.77936,32.86149],[70.7765,32.86634],[70.78896,32.87363],[70.79458,32.86748],[70.8236,32.85432],[70.83083,32.84924],[70.84134,32.86333],[70.85526,32.87398],[70.8672,32.87538],[70.86808,32.87691],[70.87414,32.87846],[70.88084,32.86678],[70.88857,32.84462],[70.89443,32.85231],[70.89921,32.85552],[70.91578,32.85767],[70.92319,32.86186],[70.946,32.86683],[70.95488,32.87117],[70.96199,32.88077],[70.96092,32.88487],[70.96326,32.89267],[70.96468,32.90829],[70.93836,32.96252],[70.92064,32.98053],[70.9178,32.99052],[70.9155,33.01377],[70.91397,33.01488],[70.89944,33.01362],[70.88202,33.02121],[70.84123,33.02656],[70.81797,33.04352],[70.81188,33.05181],[70.81039,33.05877],[70.80572,33.0669],[70.80447,33.07715],[70.79688,33.0827],[70.80339,33.09027],[70.7974,33.09209],[70.79184,33.09986],[70.79839,33.11566],[70.82008,33.1212],[70.82187,33.11935],[70.82524,33.12974],[70.82681,33.13132],[70.83173,33.13154],[70.83209,33.13299],[70.82816,33.13409],[70.82777,33.13963],[70.83679,33.14498],[70.83087,33.14527],[70.83186,33.14663],[70.83968,33.15237],[70.84061,33.15574],[70.86647,33.16238],[70.86929,33.16711],[70.86921,33.17082],[70.87289,33.17064],[70.87839,33.17745],[70.87827,33.18199],[70.86859,33.1861],[70.8691,33.18785],[70.86362,33.19307],[70.85495,33.19587],[70.85297,33.19465],[70.85153,33.19712],[70.84683,33.1959],[70.84251,33.1967],[70.83926,33.20033],[70.83675,33.20042],[70.83591,33.20371],[70.83186,33.20647],[70.82667,33.20546],[70.81886,33.20871],[70.81725,33.20775],[70.80991,33.21013],[70.80184,33.2106],[70.79858,33.2094],[70.79606,33.21221],[70.79176,33.2113],[70.7909,33.20901],[70.78761,33.20793],[70.78107,33.21071],[70.77802,33.21481],[70.77291,33.21737],[70.75038,33.21721]]]},"properties":{"district":"Bannu","province":"Khyber Pakhtunkhwa","pcode":"PK503","pop_2023":1357890,"area_km2":2027.8}},{"type":"Feature","geometry":{"type":"Polygon","coordinates":[[[73.48956,34.89613],[73.48422,34.90213],[73.47933,34.90352],[73.46489,34.90433],[73.45289,34.90099],[73.43813,34.90197],[73.42475,34.90833],[73.41667,34.91649],[73.40264,34.92587],[73.39864,34.92677],[73.38461,34.92579],[73.37914,34.9284],[73.37335,34.9266],[73.339,34.92538],[73.32978,34.92252],[73.27749,34.92407],[73.26468,34.9182],[73.24853,34.92473],[73.23442,34.91681],[73.22449,34.91674],[73.21962,34.91849],[73.21851,34.92107],[73.21802,34.93256],[73.21541,34.9386],[73.20449,34.93567],[73.20186,34.939],[73.19868,34.93998],[73.18024,34.92832],[73.16899,34.93093],[73.16083,34.92668],[73.14084,34.92726],[73.13715,34.9239],[73.12966,34.92579],[73.12159,34.92538],[73.11074,34.92791],[73.10413,34.93378],[73.08648,34.94348],[73.08471,34.94496],[73.08259,34.95524],[73.0653,34.95867],[73.06244,34.96185],[73.04979,34.96764],[73.03998,34.96539],[73.03582,34.96618],[73.03048,34.96494],[73.02472,34.96613],[73.01333,34.96075],[72.99333,34.956],[72.97949,34.95648],[72.97248,34.95067],[72.95823,34.94393],[72.94281,34.94044],[72.92192,34.93845],[72.91856,34.93224],[72.90638,34.92478],[72.90153,34.92403],[72.88984,34.91433],[72.87806,34.91853],[72.86653,34.90493],[72.86406,34.89892],[72.86443,34.89255],[72.86893,34.88856],[72.88187,34.88707],[72.89927,34.87894],[72.90653,34.87981],[72.91302,34.87853],[72.92223,34.87112],[72.92849,34.8721],[72.93292,34.86943],[72.93993,34.87066],[72.95277,34.86677],[72.95988,34.85705],[72.97397,34.8508],[72.99031,34.84974],[72.99762,34.84787],[73.00131,34.84383],[73.00463,34.83267],[73.0008,34.82068],[72.99543,34.81419],[72.98289,34.81465],[72.97205,34.81813],[72.95117,34.80627],[72.93952,34.8058],[72.93348,34.80328],[72.92776,34.78871],[72.92765,34.77347],[72.90832,34.76718],[72.89983,34.76161],[72.89086,34.76162],[72.87641,34.76523],[72.87098,34.76041],[72.88292,34.75019],[72.88941,34.74948],[72.89443,34.73399],[72.89867,34.72799],[72.89572,34.72194],[72.90107,34.71562],[72.89524,34.68096],[72.89726,34.67682],[72.90618,34.67178],[72.90749,34.66821],[72.9011,34.64165],[72.90054,34.62618],[72.90123,34.61941],[72.90463,34.61596],[72.90342,34.60852],[72.90529,34.59566],[72.90997,34.59235],[72.91424,34.58272],[72.91731,34.58123],[72.9205,34.57672],[72.92819,34.57498],[72.92974,34.57076],[72.93909,34.56499],[72.95567,34.571],[72.96583,34.5803],[72.97561,34.57709],[72.98946,34.57514],[72.99792,34.58417],[72.99994,34.58946],[73.01262,34.58586],[73.02373,34.58859],[73.02604,34.57736],[73.03469,34.56259],[73.03695,34.56004],[73.04533,34.56168],[73.05056,34.55638],[73.05487,34.55777],[73.06137,34.55691],[73.07201,34.55792],[73.08108,34.56504],[73.08876,34.56691],[73.09243,34.57827],[73.09579,34.58335],[73.10237,34.58672],[73.09947,34.59416],[73.10198,34.59673],[73.10443,34.61223],[73.10722,34.61764],[73.10511,34.62328],[73.10779,34.63821],[73.11058,34.64368],[73.11878,34.6443],[73.12084,34.64675],[73.1336,34.64937],[73.13548,34.65222],[73.13252,34.65416],[73.13069,34.65826],[73.13502,34.65986],[73.13591,34.66277],[73.14534,34.66322],[73.14716,34.66499],[73.14631,34.66829],[73.15172,34.66926],[73.15827,34.67325],[73.17544,34.68623],[73.18716,34.69222],[73.19298,34.69201],[73.19495,34.69342],[73.19491,34.71064],[73.20153,34.71905],[73.20519,34.71857],[73.212,34.7312],[73.21994,34.73925],[73.22461,34.73992],[73.22765,34.73875],[73.24375,34.71746],[73.25163,34.71138],[73.2587,34.70911],[73.27905,34.71017],[73.2826,34.70781],[73.28454,34.70363],[73.29852,34.68847],[73.30483,34.67341],[73.31148,34.6646],[73.32052,34.65566],[73.32791,34.65909],[73.33003,34.66211],[73.34446,34.67078],[73.34888,34.68031],[73.35238,34.68406],[73.35475,34.69116],[73.36283,34.70086],[73.36617,34.71172],[73.3638,34.7162],[73.36454,34.72151],[73.35956,34.73154],[73.36152,34.75014],[73.36658,34.75765],[73.37376,34.75903],[73.3758,34.76621],[73.38657,34.76956],[73.39489,34.776],[73.39391,34.78359],[73.38877,34.78612],[73.38551,34.78987],[73.38787,34.79265],[73.39423,34.79542],[73.39921,34.80268],[73.40631,34.7995],[73.4232,34.8004],[73.42858,34.80284],[73.43503,34.80105],[73.43911,34.80284],[73.44025,34.81484],[73.43878,34.81818],[73.44212,34.82201],[73.44114,34.8274],[73.45356,34.83511],[73.4613,34.8469],[73.47933,34.86109],[73.49344,34.86582],[73.49719,34.86901],[73.49344,34.87602],[73.49437,34.88464],[73.49058,34.88989],[73.48956,34.89613]]]},"properties":{"district":"Batagram","province":"Khyber Pakhtunkhwa","pcode":"PK504","pop_2023":554133,"area_km2":1485.2}},{"type":"Feature","geometry":{"type":"Polygon","coordinates":[[[72.53078,34.70542],[72.51934,34.70595],[72.50996,34.70938],[72.50264,34.70895],[72.50026,34.71153],[72.49075,34.70948],[72.48758,34.70737],[72.48532,34.70319],[72.47988,34.68293],[72.47157,34.67442],[72.4373,34.67982],[72.42728,34.68924],[72.42424,34.68933],[72.40572,34.68241],[72.39388,34.67216],[72.37355,34.66377],[72.37048,34.6481],[72.34877,34.62279],[72.33648,34.62114],[72.31891,34.61417],[72.30002,34.61315],[72.29199,34.611],[72.26553,34.59122],[72.26243,34.58159],[72.2452,34.57829],[72.2373,34.57331],[72.23481,34.57],[72.22089,34.57001],[72.21658,34.56789],[72.22027,34.5562],[72.22691,34.54882],[72.23054,34.54018],[72.2353,34.53742],[72.23567,34.53542],[72.23317,34.53254],[72.23317,34.52853],[72.2295,34.52465],[72.21965,34.51886],[72.21198,34.51785],[72.20285,34.51319],[72.20365,34.50749],[72.20225,34.5031],[72.22431,34.49246],[72.22116,34.46228],[72.22356,34.45434],[72.23794,34.44518],[72.25022,34.44293],[72.25242,34.44049],[72.25708,34.43896],[72.26116,34.4341],[72.27623,34.42822],[72.27922,34.43216],[72.28546,34.43561],[72.29122,34.43569],[72.30497,34.43934],[72.31308,34.4382],[72.32374,34.44079],[72.33401,34.44049],[72.34556,34.43583],[72.35437,34.43705],[72.35812,34.43543],[72.36319,34.43624],[72.3717,34.43401],[72.37717,34.42307],[72.38771,34.41678],[72.39034,34.41314],[72.39601,34.40969],[72.40673,34.40868],[72.41688,34.40969],[72.42337,34.40686],[72.4293,34.39209],[72.42755,34.38593],[72.43185,34.38057],[72.43568,34.37895],[72.44136,34.37263],[72.44928,34.37178],[72.45536,34.36939],[72.4604,34.37182],[72.4759,34.37245],[72.47621,34.36152],[72.484,34.34877],[72.48416,34.34287],[72.48239,34.33224],[72.47279,34.32138],[72.46699,34.31915],[72.46006,34.3133],[72.45834,34.30862],[72.45097,34.30612],[72.45175,34.29452],[72.44751,34.29117],[72.44808,34.28705],[72.44609,34.28582],[72.44852,34.2822],[72.45578,34.28252],[72.45452,34.27358],[72.46246,34.27176],[72.46374,34.26976],[72.44731,34.25543],[72.43568,34.24171],[72.42965,34.23864],[72.42944,34.23351],[72.4261,34.23012],[72.42601,34.22626],[72.42059,34.22502],[72.41795,34.22167],[72.41833,34.21684],[72.42395,34.20628],[72.4203,34.19681],[72.42051,34.19264],[72.41472,34.18658],[72.42695,34.18629],[72.4586,34.18155],[72.47173,34.18258],[72.4737,34.17702],[72.48662,34.16832],[72.50385,34.16586],[72.50995,34.16763],[72.51374,34.16232],[72.52103,34.16118],[72.52467,34.15646],[72.52911,34.15605],[72.5389,34.15014],[72.54142,34.15199],[72.5407,34.15706],[72.54758,34.17243],[72.55406,34.1685],[72.55896,34.17209],[72.56619,34.16936],[72.57029,34.16965],[72.57325,34.17374],[72.58236,34.18036],[72.58439,34.18312],[72.58384,34.18655],[72.58813,34.1877],[72.58433,34.19234],[72.58573,34.19556],[72.57967,34.20777],[72.56894,34.21384],[72.56742,34.21602],[72.5683,34.21875],[72.58125,34.22622],[72.59585,34.2408],[72.60189,34.24475],[72.60947,34.24686],[72.61556,34.2546],[72.62393,34.26041],[72.62869,34.26918],[72.63985,34.27106],[72.65511,34.28735],[72.66707,34.28706],[72.68267,34.3005],[72.70118,34.30164],[72.71733,34.30047],[72.7221,34.3042],[72.7323,34.30692],[72.74249,34.30437],[72.74659,34.30093],[72.74895,34.29672],[72.74875,34.29346],[72.75792,34.29529],[72.77027,34.29462],[72.77975,34.29992],[72.78769,34.29793],[72.78791,34.31909],[72.79055,34.32483],[72.79771,34.32836],[72.78846,34.33087],[72.78185,34.33463],[72.77911,34.33821],[72.78118,34.34378],[72.78711,34.34595],[72.78597,34.34875],[72.77868,34.3521],[72.77256,34.35243],[72.76955,34.36206],[72.76508,34.36533],[72.76005,34.36456],[72.74618,34.3548],[72.74168,34.35469],[72.7406,34.36963],[72.74504,34.38794],[72.75254,34.40223],[72.75354,34.41493],[72.75201,34.41955],[72.74939,34.41866],[72.74679,34.42071],[72.73973,34.42963],[72.73112,34.43571],[72.72692,34.44259],[72.71281,34.44616],[72.71506,34.4481],[72.71774,34.45813],[72.72068,34.4608],[72.73522,34.46033],[72.74304,34.45802],[72.75532,34.46983],[72.77205,34.47555],[72.76629,34.47956],[72.76068,34.49],[72.75129,34.49862],[72.74229,34.51065],[72.72929,34.51899],[72.72784,34.52243],[72.72978,34.53719],[72.72937,34.53877],[72.73461,34.54616],[72.72684,34.57407],[72.72282,34.58386],[72.70719,34.59775],[72.70602,34.60975],[72.70189,34.61288],[72.6963,34.62296],[72.7,34.62741],[72.69694,34.63492],[72.70025,34.64158],[72.71028,34.65336],[72.71196,34.65952],[72.71965,34.65905],[72.71981,34.66153],[72.71677,34.66465],[72.72346,34.66457],[72.71957,34.6721],[72.71693,34.67354],[72.7074,34.66978],[72.70557,34.67089],[72.70357,34.67743],[72.68906,34.67714],[72.6833,34.67971],[72.67327,34.67418],[72.65191,34.66834],[72.64662,34.65889],[72.64694,34.6564],[72.65166,34.65216],[72.64766,34.64775],[72.63253,34.64559],[72.61066,34.64583],[72.59833,34.6397],[72.57725,34.63361],[72.57167,34.63718],[72.56583,34.65572],[72.55653,34.66537],[72.55068,34.66842],[72.54051,34.66745],[72.53691,34.67002],[72.52874,34.69172],[72.52866,34.70053],[72.53078,34.70542]]]},"properties":{"district":"Buner","province":"Khyber Pakhtunkhwa","pcode":"PK505","pop_2023":1016869,"area_km2":1774}},{"type":"Feature","geometry":{"type":"Polygon","coordinates":[[[71.83238,34.36437],[71.81421,34.38055],[71.81212,34.38371],[71.81113,34.3928],[71.79896,34.4055],[71.7951,34.407],[71.77808,34.40807],[71.76871,34.41344],[71.76725,34.41906],[71.76387,34.42314],[71.76591,34.42926],[71.7588,34.43928],[71.75852,34.45041],[71.7546,34.45627],[71.73994,34.45719],[71.72542,34.44783],[71.71489,34.44888],[71.7062,34.44665],[71.70747,34.44474],[71.70327,34.44318],[71.69714,34.43596],[71.69376,34.43401],[71.68852,34.43469],[71.67895,34.42937],[71.67314,34.42879],[71.66595,34.41853],[71.65904,34.4168],[71.65728,34.41453],[71.65753,34.40583],[71.65534,34.39968],[71.65941,34.39395],[71.65807,34.39057],[71.6498,34.38543],[71.63496,34.38283],[71.62931,34.37844],[71.62553,34.37792],[71.62662,34.35758],[71.62523,34.35348],[71.61921,34.35331],[71.61308,34.35691],[71.60669,34.36378],[71.59248,34.36706],[71.59004,34.36515],[71.58784,34.35771],[71.58212,34.35155],[71.57233,34.34916],[71.56264,34.34368],[71.56377,34.33742],[71.56014,34.33283],[71.56042,34.32826],[71.53345,34.30869],[71.53878,34.30088],[71.5384,34.29783],[71.53131,34.28897],[71.53132,34.2856],[71.53982,34.27727],[71.53835,34.26314],[71.53619,34.26008],[71.52098,34.25199],[71.51497,34.24161],[71.5001,34.24761],[71.49075,34.24878],[71.49348,34.24594],[71.49095,34.24405],[71.49886,34.23794],[71.49763,34.23161],[71.49884,34.22891],[71.49306,34.22601],[71.49055,34.22264],[71.48854,34.21096],[71.48528,34.20403],[71.48997,34.19464],[71.49741,34.19169],[71.498,34.18678],[71.50157,34.18365],[71.50128,34.18084],[71.5281,34.18224],[71.53566,34.17771],[71.54244,34.1758],[71.56825,34.17566],[71.57933,34.17312],[71.59581,34.16173],[71.60144,34.15306],[71.61791,34.1497],[71.63313,34.14153],[71.64892,34.14391],[71.65673,34.13505],[71.65977,34.12795],[71.66712,34.12166],[71.67638,34.11801],[71.68234,34.10915],[71.69257,34.10967],[71.6993,34.10457],[71.70764,34.10417],[71.72105,34.0929],[71.72552,34.08958],[71.72608,34.09503],[71.73023,34.09626],[71.73843,34.09241],[71.743,34.09217],[71.74554,34.09383],[71.7512,34.09325],[71.77208,34.08896],[71.77807,34.08495],[71.77688,34.08953],[71.79827,34.08294],[71.80973,34.07587],[71.81656,34.07471],[71.81635,34.05723],[71.82009,34.05727],[71.82202,34.05013],[71.8275,34.04121],[71.8303,34.03889],[71.84209,34.03976],[71.84754,34.03882],[71.84783,34.04075],[71.84489,34.04349],[71.84564,34.04755],[71.85507,34.05899],[71.89636,34.12661],[71.94075,34.13565],[71.9428,34.13667],[71.94367,34.14077],[71.93669,34.14162],[71.93031,34.14524],[71.93044,34.14941],[71.92778,34.15535],[71.91458,34.17736],[71.89206,34.23957],[71.87889,34.23994],[71.88219,34.25662],[71.84181,34.26435],[71.83396,34.27577],[71.83212,34.28388],[71.82294,34.29273],[71.82124,34.31804],[71.82532,34.33468],[71.83075,34.34504],[71.83364,34.34623],[71.84077,34.34487],[71.8422,34.34599],[71.835,34.35489],[71.83238,34.36437]]]},"properties":{"district":"Charsadda","province":"Khyber Pakhtunkhwa","pcode":"PK506","pop_2023":1835504,"area_km2":999.1}},{"type":"Feature","geometry":{"type":"Polygon","coordinates":[[[72.15293,35.78398],[72.14851,35.79283],[72.15675,35.79752],[72.16256,35.8044],[72.16102,35.82059],[72.15834,35.82504],[72.1631,35.82937],[72.16245,35.83417],[72.16417,35.83791],[72.16998,35.84159],[72.17997,35.83762],[72.1908,35.83975],[72.19643,35.84621],[72.19519,35.85541],[72.19934,35.86602],[72.20663,35.87213],[72.21287,35.87309],[72.22016,35.88821],[72.23291,35.90102],[72.23914,35.90309],[72.24543,35.89989],[72.25444,35.91069],[72.25539,35.91276],[72.24987,35.91585],[72.2386,35.93121],[72.23635,35.93821],[72.24044,35.94853],[72.23463,35.95167],[72.23243,35.9553],[72.24023,35.96685],[72.23849,35.97777],[72.24406,35.98388],[72.2548,35.98999],[72.25877,35.99527],[72.28617,36.01533],[72.28377,36.02661],[72.28854,36.03279],[72.28513,36.04077],[72.28991,36.0426],[72.29643,36.04144],[72.29954,36.04393],[72.29373,36.05203],[72.2929,36.05827],[72.29456,36.06782],[72.29207,36.07052],[72.28209,36.07509],[72.27482,36.08569],[72.26735,36.09151],[72.26471,36.10321],[72.25391,36.11844],[72.24537,36.11597],[72.24062,36.10681],[72.23037,36.10404],[72.22732,36.10182],[72.22372,36.08797],[72.21099,36.07678],[72.19586,36.07063],[72.18688,36.07063],[72.17979,36.06898],[72.17199,36.06567],[72.16301,36.05929],[72.15715,36.06023],[72.15529,36.06595],[72.15186,36.06869],[72.1519,36.07323],[72.15615,36.07985],[72.15615,36.08293],[72.15237,36.09356],[72.14883,36.09711],[72.12755,36.10183],[72.11479,36.11223],[72.08524,36.11034],[72.06445,36.12571],[72.05972,36.12405],[72.05806,36.12145],[72.05499,36.1016],[72.05145,36.09782],[72.04885,36.08883],[72.03892,36.08103],[72.02426,36.07371],[72.01575,36.07442],[72.00488,36.08813],[71.9959,36.09403],[71.98455,36.09853],[71.9881,36.10845],[71.98432,36.11294],[71.96872,36.10916],[71.95926,36.10869],[71.93941,36.1172],[71.91246,36.11767],[71.90372,36.12547],[71.89616,36.1406],[71.88056,36.15478],[71.88505,36.16707],[71.87725,36.17038],[71.86756,36.17747],[71.85472,36.19205],[71.8541,36.20092],[71.84548,36.21205],[71.84386,36.21695],[71.84449,36.23031],[71.83671,36.23618],[71.83635,36.25091],[71.839,36.25582],[71.82572,36.25367],[71.81078,36.25373],[71.80813,36.25481],[71.78534,36.27053],[71.77656,36.28722],[71.76787,36.29806],[71.7694,36.30657],[71.76631,36.31427],[71.77072,36.324],[71.76663,36.33032],[71.75183,36.34335],[71.75473,36.34979],[71.77098,36.36169],[71.7557,36.37569],[71.74797,36.3892],[71.75376,36.38615],[71.80154,36.38808],[71.80927,36.39033],[71.812,36.39371],[71.81216,36.39711],[71.79579,36.4006],[71.75789,36.42371],[71.72447,36.44838],[71.70744,36.45629],[71.68796,36.46075],[71.67337,36.4721],[71.6562,36.47822],[71.63596,36.47205],[71.62361,36.45309],[71.62198,36.43007],[71.6139,36.40912],[71.59281,36.39056],[71.56539,36.37582],[71.55614,36.36914],[71.55952,36.35478],[71.57217,36.34709],[71.56874,36.32949],[71.53553,36.32567],[71.52421,36.32086],[71.52055,36.29971],[71.48516,36.29598],[71.4572,36.27237],[71.44164,36.26952],[71.43447,36.26095],[71.41906,36.2279],[71.40048,36.21274],[71.38457,36.20456],[71.36685,36.20179],[71.35907,36.1987],[71.34744,36.17256],[71.34058,36.1684],[71.31028,36.15817],[71.28419,36.14509],[71.24544,36.12277],[71.24268,36.114],[71.24381,36.09795],[71.24237,36.09268],[71.228,36.09063],[71.20809,36.07105],[71.19901,36.04922],[71.20142,36.03578],[71.21503,36.02631],[71.22881,36.01949],[71.25362,35.99709],[71.26108,35.9941],[71.28485,35.9895],[71.30282,35.97983],[71.31933,35.96488],[71.33225,35.96165],[71.36169,35.96035],[71.37673,35.95612],[71.3814,35.94436],[71.3841,35.91935],[71.38072,35.90172],[71.3932,35.89227],[71.41821,35.89026],[71.42966,35.88175],[71.4618,35.8403],[71.46742,35.82671],[71.48986,35.80347],[71.48937,35.79637],[71.48133,35.77452],[71.48055,35.763],[71.48538,35.75388],[71.49782,35.74443],[71.5328,35.72949],[71.54667,35.72023],[71.54678,35.70546],[71.5388,35.68829],[71.50958,35.65826],[71.50042,35.64022],[71.49948,35.62642],[71.51006,35.61578],[71.52627,35.60489],[71.57789,35.58313],[71.60123,35.57744],[71.61224,35.57324],[71.61417,35.56853],[71.61089,35.55392],[71.59927,35.53324],[71.59368,35.5178],[71.5934,35.49752],[71.60607,35.48493],[71.64895,35.45247],[71.65068,35.44501],[71.64107,35.42054],[71.62337,35.40937],[71.5558,35.31285],[71.55354,35.29635],[71.55945,35.28408],[71.57004,35.27436],[71.59595,35.25839],[71.62253,35.23592],[71.63541,35.22701],[71.65765,35.22319],[71.67197,35.21883],[71.67329,35.21542],[71.68113,35.21743],[71.68368,35.2224],[71.68836,35.22575],[71.70734,35.2263],[71.71897,35.22921],[71.72478,35.24242],[71.72796,35.24692],[71.7343,35.25167],[71.74197,35.25141],[71.74989,35.2485],[71.75756,35.26462],[71.75492,35.28301],[71.7565,35.28947],[71.7602,35.29396],[71.77157,35.29766],[71.78056,35.30612],[71.78161,35.31141],[71.77606,35.32277],[71.78085,35.33286],[71.79668,35.34498],[71.79786,35.35111],[71.80963,35.36292],[71.83309,35.36325],[71.84003,35.36027],[71.84796,35.35334],[71.85853,35.35301],[71.86084,35.35466],[71.86315,35.36523],[71.87207,35.37316],[71.87174,35.38109],[71.87571,35.39166],[71.87406,35.39893],[71.87729,35.40977],[71.89035,35.4169],[71.89035,35.42016],[71.88409,35.42436],[71.88062,35.43009],[71.87509,35.43509],[71.87957,35.45059],[71.88278,35.45336],[71.88578,35.4606],[71.8879,35.46162],[71.89747,35.46359],[71.91903,35.46476],[71.9327,35.47577],[71.92649,35.47792],[71.91662,35.4842],[71.9129,35.49736],[71.91797,35.54238],[71.93157,35.55596],[71.93532,35.56553],[71.9443,35.57134],[71.95806,35.58782],[71.96298,35.5887],[71.97041,35.59642],[71.97137,35.60532],[71.9788,35.60444],[71.99366,35.61739],[71.99991,35.62018],[72.00984,35.62791],[72.01654,35.62739],[72.0236,35.63151],[72.0367,35.64078],[72.04059,35.6463],[72.062,35.64174],[72.06781,35.63916],[72.07046,35.64122],[72.0798,35.64387],[72.08326,35.64821],[72.08988,35.65123],[72.0915,35.65829],[72.09862,35.65988],[72.10131,35.66608],[72.10112,35.67202],[72.11066,35.68557],[72.10738,35.68655],[72.10425,35.69507],[72.09537,35.70557],[72.0895,35.7062],[72.08431,35.70241],[72.08191,35.70241],[72.09095,35.71726],[72.08823,35.71985],[72.09575,35.7208],[72.10239,35.73066],[72.1098,35.75314],[72.10951,35.76002],[72.11228,35.76092],[72.11838,35.77079],[72.12397,35.77328],[72.12306,35.78572],[72.12783,35.78811],[72.13525,35.78069],[72.14197,35.77933],[72.14836,35.77993],[72.15293,35.78398]]]},"properties":{"district":"Chitral Lower","province":"Khyber Pakhtunkhwa","pcode":"PK507","pop_2023":320407,"area_km2":6077.3}},{"type":"Feature","geometry":{"type":"Polygon","coordinates":[[[73.60314,36.70609],[73.66025,36.70266],[73.67552,36.70628],[73.69107,36.71711],[73.70108,36.72016],[73.70692,36.72072],[73.73663,36.71323],[73.75665,36.71961],[73.76776,36.72129],[73.78137,36.72101],[73.79414,36.71851],[73.83076,36.70548],[73.84305,36.70574],[73.84792,36.70783],[73.8547,36.7138],[73.86249,36.73325],[73.86304,36.74825],[73.8611,36.7577],[73.85359,36.77381],[73.84027,36.79131],[73.83305,36.79687],[73.82388,36.80131],[73.81749,36.8027],[73.79748,36.80325],[73.79054,36.80908],[73.78636,36.82242],[73.78081,36.82881],[73.73413,36.83463],[73.71053,36.84074],[73.69635,36.84686],[73.68497,36.85574],[73.67663,36.86603],[73.66858,36.8813],[73.66302,36.88825],[73.63955,36.90325],[73.59763,36.90757],[73.58556,36.90322],[73.57754,36.89692],[73.55035,36.88926],[73.52777,36.88556],[73.51571,36.89225],[73.50641,36.89452],[73.46958,36.89678],[73.44061,36.89261],[73.40313,36.89913],[73.38905,36.89574],[73.37224,36.88571],[73.35696,36.88069],[73.3478,36.88464],[73.33623,36.88533],[73.31755,36.87955],[73.3066,36.87315],[73.29766,36.87368],[73.27335,36.88854],[73.26195,36.89025],[73.23338,36.88679],[73.21568,36.8899],[73.18938,36.8832],[73.14413,36.89411],[73.12167,36.88717],[73.07175,36.88904],[73.02684,36.8607],[72.99747,36.86239],[72.9689,36.8733],[72.95339,36.87212],[72.92951,36.84874],[72.92413,36.84595],[72.90753,36.84689],[72.88264,36.84108],[72.82508,36.84328],[72.79852,36.84785],[72.78157,36.84467],[72.74999,36.85055],[72.71846,36.84198],[72.68525,36.8438],[72.65617,36.84984],[72.6316,36.84843],[72.62659,36.84159],[72.5661,36.83241],[72.5454,36.82286],[72.50754,36.7929],[72.50446,36.7824],[72.49522,36.77756],[72.41116,36.77667],[72.39007,36.76178],[72.36763,36.75762],[72.33683,36.75923],[72.31369,36.74621],[72.30255,36.74501],[72.24136,36.75348],[72.22691,36.73823],[72.1969,36.69356],[72.20444,36.67718],[72.21446,36.66424],[72.19165,36.65473],[72.16555,36.65961],[72.14069,36.65198],[72.10291,36.64855],[72.09729,36.63284],[72.10623,36.60574],[72.09676,36.59732],[72.05916,36.59564],[72.01295,36.56773],[71.96438,36.56657],[71.9353,36.56088],[71.92779,36.5488],[71.91716,36.52445],[71.91662,36.51737],[71.90913,36.5053],[71.83207,36.50546],[71.82187,36.4864],[71.81786,36.46172],[71.81862,36.44214],[71.82906,36.43454],[71.86168,36.42942],[71.86502,36.41504],[71.85727,36.39943],[71.84373,36.39475],[71.81216,36.39711],[71.812,36.39371],[71.80927,36.39033],[71.80154,36.38808],[71.75376,36.38615],[71.74797,36.3892],[71.7557,36.37569],[71.77098,36.36169],[71.75473,36.34979],[71.75183,36.34335],[71.76663,36.33032],[71.77072,36.324],[71.76631,36.31427],[71.7694,36.30657],[71.76787,36.29806],[71.77656,36.28722],[71.78534,36.27053],[71.80813,36.25481],[71.81078,36.25373],[71.82572,36.25367],[71.839,36.25582],[71.83635,36.25091],[71.83671,36.23618],[71.84449,36.23031],[71.84386,36.21695],[71.84548,36.21205],[71.8541,36.20092],[71.85472,36.19205],[71.86756,36.17747],[71.87725,36.17038],[71.88505,36.16707],[71.88056,36.15478],[71.89616,36.1406],[71.90372,36.12547],[71.91246,36.11767],[71.93941,36.1172],[71.95926,36.10869],[71.96872,36.10916],[71.98432,36.11294],[71.9881,36.10845],[71.98455,36.09853],[71.9959,36.09403],[72.00488,36.08813],[72.01575,36.07442],[72.02426,36.07371],[72.03892,36.08103],[72.04885,36.08883],[72.05145,36.09782],[72.05499,36.1016],[72.05806,36.12145],[72.05972,36.12405],[72.06445,36.12571],[72.08524,36.11034],[72.11479,36.11223],[72.12755,36.10183],[72.14883,36.09711],[72.15237,36.09356],[72.15615,36.08293],[72.15615,36.07985],[72.1519,36.07323],[72.15186,36.06869],[72.15529,36.06595],[72.15715,36.06023],[72.16301,36.05929],[72.17199,36.06567],[72.17979,36.06898],[72.18688,36.07063],[72.19586,36.07063],[72.21099,36.07678],[72.22372,36.08797],[72.22732,36.10182],[72.23037,36.10404],[72.24062,36.10681],[72.24537,36.11597],[72.25391,36.11844],[72.26471,36.10321],[72.26735,36.09151],[72.27482,36.08569],[72.28209,36.07509],[72.29207,36.07052],[72.29456,36.06782],[72.2929,36.05827],[72.29373,36.05203],[72.29954,36.04393],[72.29643,36.04144],[72.28991,36.0426],[72.28513,36.04077],[72.28854,36.03279],[72.28377,36.02661],[72.28617,36.01533],[72.25877,35.99527],[72.2548,35.98999],[72.24406,35.98388],[72.23849,35.97777],[72.24023,35.96685],[72.23243,35.9553],[72.23463,35.95167],[72.24044,35.94853],[72.23635,35.93821],[72.2386,35.93121],[72.24987,35.91585],[72.25539,35.91276],[72.25444,35.91069],[72.24543,35.89989],[72.23914,35.90309],[72.23291,35.90102],[72.22016,35.88821],[72.21287,35.87309],[72.20663,35.87213],[72.19934,35.86602],[72.19519,35.85541],[72.19643,35.84621],[72.1908,35.83975],[72.17997,35.83762],[72.16998,35.84159],[72.16417,35.83791],[72.16245,35.83417],[72.1631,35.82937],[72.15834,35.82504],[72.16102,35.82059],[72.16256,35.8044],[72.15675,35.79752],[72.14851,35.79283],[72.15293,35.78398],[72.15991,35.78427],[72.16969,35.78089],[72.17532,35.77361],[72.17419,35.76507],[72.18178,35.75997],[72.18315,35.75481],[72.1894,35.75118],[72.19216,35.75169],[72.19787,35.75968],[72.21583,35.77342],[72.22305,35.77522],[72.23141,35.77131],[72.23968,35.76432],[72.24514,35.76529],[72.25418,35.77283],[72.25843,35.76809],[72.27034,35.76501],[72.28574,35.76622],[72.29152,35.76532],[72.29364,35.76609],[72.29827,35.77383],[72.30716,35.77986],[72.31341,35.77889],[72.31233,35.77132],[72.31671,35.76373],[72.31585,35.75712],[72.32464,35.75857],[72.33419,35.76629],[72.3527,35.76304],[72.36084,35.75989],[72.36717,35.76653],[72.37717,35.76902],[72.37821,35.77349],[72.39696,35.78387],[72.40718,35.79355],[72.40832,35.79581],[72.40655,35.80197],[72.41395,35.81116],[72.41024,35.81533],[72.41198,35.82184],[72.42008,35.83032],[72.42716,35.83451],[72.43974,35.82974],[72.45371,35.83161],[72.46242,35.84034],[72.46369,35.84696],[72.48773,35.85405],[72.49018,35.8637],[72.50459,35.87379],[72.50311,35.87621],[72.50546,35.8803],[72.50094,35.88492],[72.50204,35.88906],[72.50566,35.8938],[72.51447,35.89881],[72.51277,35.90027],[72.51582,35.91499],[72.52361,35.92694],[72.54553,35.96971],[72.55721,35.98472],[72.56694,36.00751],[72.56386,36.02583],[72.5594,36.03334],[72.53803,36.05139],[72.52664,36.06472],[72.52191,36.07223],[72.51859,36.09055],[72.52248,36.10695],[72.53996,36.13472],[72.54385,36.14471],[72.54469,36.15499],[72.53914,36.17693],[72.53941,36.1972],[72.5472,36.22302],[72.55277,36.23135],[72.56721,36.2483],[72.58333,36.25885],[72.59637,36.26441],[72.61415,36.26717],[72.63944,36.26329],[72.65027,36.25912],[72.66331,36.2594],[72.67691,36.2644],[72.68636,36.27328],[72.70914,36.30326],[72.72664,36.31187],[72.7547,36.32214],[72.75998,36.32269],[72.7733,36.3302],[72.80746,36.35407],[72.83803,36.36822],[72.8508,36.37571],[72.8558,36.38377],[72.86691,36.44234],[72.87524,36.4529],[72.88387,36.45789],[72.91164,36.46815],[72.92914,36.47037],[72.95497,36.46925],[72.9597,36.47119],[72.96303,36.47369],[72.96526,36.47868],[72.96414,36.4984],[72.97163,36.50396],[72.99135,36.50978],[73.00859,36.51838],[73.02081,36.52587],[73.03552,36.53753],[73.04274,36.55003],[73.0533,36.57862],[73.0583,36.58723],[73.07088,36.59988],[73.07303,36.60528],[73.07025,36.61832],[73.05136,36.65276],[73.04747,36.67108],[73.04997,36.68192],[73.05275,36.6858],[73.05997,36.6908],[73.06607,36.69246],[73.08441,36.6933],[73.1058,36.69662],[73.11969,36.70273],[73.14192,36.71883],[73.1572,36.72298],[73.16997,36.7216],[73.19191,36.71409],[73.20358,36.71159],[73.23026,36.70963],[73.24774,36.7113],[73.27414,36.71712],[73.30385,36.72655],[73.32414,36.73127],[73.33359,36.73487],[73.34552,36.74293],[73.35553,36.74626],[73.37137,36.74932],[73.37776,36.74847],[73.40721,36.75153],[73.42526,36.74737],[73.45776,36.73096],[73.48303,36.72653],[73.52386,36.7232],[73.5508,36.72876],[73.56302,36.72903],[73.56859,36.72737],[73.57915,36.71349],[73.58609,36.70738],[73.60314,36.70609]]]},"properties":{"district":"Chitral Upper","province":"Khyber Pakhtunkhwa","pcode":"PK508","pop_2023":195528,"area_km2":8615.4}},{"type":"Feature","geometry":{"type":"Polygon","coordinates":[[[71.17431,32.20497],[71.16817,32.21364],[71.16715,32.21885],[71.16653,32.23153],[71.17078,32.24804],[71.18462,32.26822],[71.18977,32.27305],[71.20657,32.28253],[71.2115,32.29557],[71.21824,32.30739],[71.27609,32.35548],[71.2858,32.36612],[71.29047,32.36745],[71.329,32.36441],[71.33568,32.36776],[71.34022,32.37407],[71.33878,32.38449],[71.32853,32.39552],[71.32713,32.4047],[71.331,32.41423],[71.33331,32.41576],[71.34303,32.41469],[71.34534,32.41648],[71.34438,32.41969],[71.33456,32.425],[71.33452,32.42649],[71.34198,32.44926],[71.35303,32.49855],[71.33838,32.50205],[71.32841,32.52655],[71.32348,32.53395],[71.29879,32.53223],[71.29782,32.52758],[71.30007,32.52447],[71.29998,32.51672],[71.29675,32.51364],[71.28031,32.51417],[71.2748,32.51189],[71.26908,32.491],[71.26222,32.49028],[71.25676,32.49188],[71.24725,32.49816],[71.24319,32.50362],[71.23196,32.51204],[71.22245,32.49891],[71.21532,32.49375],[71.20652,32.48432],[71.20329,32.47732],[71.19165,32.46506],[71.17904,32.44601],[71.17448,32.44494],[71.15221,32.45782],[71.15181,32.45966],[71.14817,32.46176],[71.14177,32.46137],[71.13487,32.45408],[71.13207,32.45297],[71.12455,32.43918],[71.11887,32.43636],[71.11897,32.43326],[71.111,32.42882],[71.10489,32.42859],[71.10033,32.42675],[71.097,32.42099],[71.09672,32.4169],[71.09175,32.41557],[71.08253,32.40458],[71.07433,32.40111],[71.07111,32.40176],[71.07057,32.39835],[71.06349,32.3972],[71.05763,32.39072],[71.05232,32.39175],[71.04745,32.38824],[71.04246,32.38884],[71.04025,32.38357],[71.03586,32.38465],[71.03211,32.38344],[71.02542,32.384],[71.01771,32.37792],[71.01229,32.37742],[71.00812,32.37483],[70.99977,32.3776],[70.99256,32.373],[70.98584,32.37401],[70.98102,32.36786],[70.97257,32.36695],[70.96768,32.36096],[70.96118,32.35656],[70.95798,32.35675],[70.95504,32.355],[70.94616,32.35537],[70.94246,32.35195],[70.93708,32.35116],[70.93408,32.34802],[70.92756,32.34787],[70.92039,32.34571],[70.9197,32.34306],[70.91335,32.34437],[70.9073,32.3418],[70.89519,32.34113],[70.89217,32.33785],[70.88462,32.3368],[70.8817,32.33395],[70.8762,32.3333],[70.8736,32.32935],[70.86219,32.32738],[70.8563,32.32459],[70.84893,32.32499],[70.84593,32.32309],[70.84383,32.31823],[70.83823,32.31634],[70.83796,32.31284],[70.83308,32.31231],[70.83394,32.30726],[70.82758,32.30642],[70.81662,32.29883],[70.80246,32.2988],[70.79716,32.30112],[70.78355,32.30232],[70.77769,32.30466],[70.76738,32.30156],[70.7656,32.29632],[70.76385,32.29625],[70.76088,32.29131],[70.75534,32.28833],[70.75298,32.28505],[70.74272,32.27972],[70.71944,32.27437],[70.70503,32.26271],[70.6943,32.26495],[70.68182,32.27019],[70.67569,32.2707],[70.67291,32.27452],[70.65864,32.26472],[70.65392,32.26322],[70.64558,32.2549],[70.62105,32.24719],[70.60069,32.23702],[70.59591,32.23216],[70.59058,32.22931],[70.58634,32.21928],[70.58015,32.21373],[70.57659,32.21328],[70.5748,32.20579],[70.57001,32.19977],[70.57278,32.19561],[70.57087,32.18987],[70.57069,32.17839],[70.5721,32.17317],[70.57162,32.16175],[70.57347,32.15815],[70.57239,32.13825],[70.55223,32.11425],[70.5365,32.09969],[70.52945,32.09694],[70.52329,32.10098],[70.50481,32.10504],[70.50196,32.10382],[70.49018,32.10697],[70.47616,32.09565],[70.47134,32.0989],[70.4608,32.09731],[70.45748,32.09965],[70.44423,32.09309],[70.4409,32.09318],[70.43812,32.08852],[70.43204,32.08679],[70.42839,32.08634],[70.41718,32.08989],[70.41298,32.08303],[70.41003,32.08095],[70.40243,32.08024],[70.39511,32.07585],[70.39225,32.07595],[70.38972,32.07871],[70.38449,32.07678],[70.37126,32.07992],[70.36172,32.07801],[70.35803,32.07994],[70.35478,32.07971],[70.35288,32.08308],[70.33895,32.087],[70.32298,32.0876],[70.31091,32.08433],[70.30859,32.08613],[70.30108,32.08246],[70.28718,32.08429],[70.27631,32.08768],[70.26831,32.08757],[70.26182,32.09113],[70.25738,32.0978],[70.24978,32.10389],[70.24325,32.10087],[70.23876,32.09049],[70.24567,32.07721],[70.25732,32.06943],[70.237,32.05081],[70.22903,32.0368],[70.22382,32.03316],[70.21864,32.02619],[70.18298,32.00641],[70.18252,32.00058],[70.188,31.99434],[70.17924,31.98652],[70.18855,31.98071],[70.1897,31.97686],[70.20564,31.9088],[70.20654,31.89497],[70.21631,31.85739],[70.22061,31.84635],[70.21198,31.81543],[70.20534,31.81455],[70.20477,31.8217],[70.20042,31.81903],[70.19856,31.81938],[70.18636,31.83791],[70.18418,31.83869],[70.17229,31.83473],[70.1678,31.8348],[70.16301,31.83784],[70.15827,31.84697],[70.15377,31.84922],[70.13549,31.84865],[70.11836,31.84251],[70.10412,31.84162],[70.0963,31.84312],[70.08181,31.84876],[70.06447,31.85115],[70.0503,31.85679],[70.04544,31.86257],[70.04287,31.87506],[70.03085,31.8807],[70.01917,31.89038],[70.00029,31.89387],[69.98687,31.8913],[69.97845,31.89562],[69.97417,31.89998],[69.96449,31.89858],[69.96217,31.8963],[69.95645,31.89451],[69.95435,31.88008],[69.95703,31.87086],[69.9537,31.86574],[69.93997,31.85356],[69.93893,31.84341],[69.94524,31.79885],[69.94902,31.79186],[69.9569,31.78617],[69.95768,31.78139],[69.95586,31.77565],[69.94843,31.7702],[69.94662,31.76286],[69.94708,31.75044],[69.94936,31.74536],[69.95136,31.72594],[69.94951,31.67399],[69.94531,31.63638],[69.94366,31.56633],[69.94038,31.55739],[69.93971,31.5456],[69.94726,31.53195],[69.96524,31.51643],[69.97828,31.51395],[70.00992,31.51284],[70.01514,31.51159],[70.01814,31.5081],[70.02308,31.49188],[70.03022,31.48013],[70.04385,31.44229],[70.05242,31.39835],[70.05714,31.38958],[70.07304,31.38824],[70.07756,31.39245],[70.07874,31.4036],[70.08105,31.40726],[70.09505,31.41244],[70.09737,31.4161],[70.09767,31.42355],[70.09475,31.44103],[70.0958,31.44908],[70.1009,31.44955],[70.11385,31.44668],[70.11841,31.43411],[70.1247,31.42833],[70.12902,31.42758],[70.13125,31.42876],[70.13365,31.43428],[70.13663,31.43605],[70.14234,31.43402],[70.14959,31.4338],[70.1543,31.44236],[70.17104,31.44372],[70.17401,31.44549],[70.19241,31.46917],[70.20361,31.4769],[70.22357,31.48561],[70.24559,31.50855],[70.26079,31.50746],[70.26749,31.46002],[70.27646,31.43177],[70.27863,31.39753],[70.26634,31.32662],[70.26786,31.27686],[70.2718,31.25002],[70.27007,31.24324],[70.25885,31.23489],[70.25712,31.2281],[70.25766,31.22374],[70.27025,31.2134],[70.26846,31.2066],[70.26248,31.20112],[70.26737,31.18876],[70.28751,31.1655],[70.30988,31.17481],[70.40454,31.19983],[70.405,31.21261],[70.41354,31.22539],[70.42416,31.24655],[70.4238,31.25002],[70.42772,31.25381],[70.43055,31.26578],[70.44672,31.28611],[70.45022,31.29405],[70.47076,31.29854],[70.49007,31.30007],[70.52481,31.30609],[70.52821,31.30916],[70.53159,31.31735],[70.53809,31.32093],[70.54107,31.32431],[70.54493,31.33567],[70.55081,31.33553],[70.55842,31.34015],[70.56574,31.34042],[70.58267,31.3315],[70.60131,31.32778],[70.60769,31.32004],[70.61631,31.32516],[70.6236,31.32332],[70.63448,31.31761],[70.67509,31.31605],[70.68083,31.31877],[70.68504,31.32673],[70.69124,31.33257],[70.70475,31.33798],[70.72548,31.33771],[70.73521,31.33583],[70.74044,31.33297],[70.74503,31.31688],[70.75348,31.31258],[70.77087,31.30816],[70.77474,31.30574],[70.78177,31.31144],[70.78512,31.31903],[70.78793,31.33287],[70.78484,31.34461],[70.78651,31.35013],[70.8027,31.35442],[70.80812,31.35855],[70.81298,31.36647],[70.81388,31.37554],[70.81705,31.37753],[70.82928,31.37786],[70.83541,31.38301],[70.83614,31.38837],[70.82701,31.39283],[70.83022,31.3969],[70.83993,31.39669],[70.84296,31.3987],[70.84248,31.42483],[70.84505,31.42599],[70.84927,31.42526],[70.87578,31.42768],[70.89265,31.43734],[70.89355,31.44038],[70.8924,31.44254],[70.88468,31.4465],[70.88438,31.44847],[70.8908,31.47163],[70.89738,31.4841],[70.89249,31.48784],[70.87989,31.49039],[70.87703,31.49425],[70.8763,31.50907],[70.8693,31.5125],[70.87004,31.51424],[70.87212,31.51446],[70.89643,31.51241],[70.90093,31.5141],[70.90221,31.51839],[70.90118,31.52395],[70.88642,31.53421],[70.87949,31.5439],[70.87165,31.54523],[70.86936,31.54725],[70.87295,31.55561],[70.87761,31.55707],[70.88013,31.55957],[70.88033,31.57093],[70.88993,31.57475],[70.89279,31.58441],[70.89745,31.58511],[70.89941,31.58793],[70.89869,31.59227],[70.89233,31.60089],[70.8912,31.60685],[70.88327,31.61238],[70.88418,31.61771],[70.89167,31.62958],[70.8897,31.6342],[70.88254,31.63785],[70.88413,31.64322],[70.89438,31.66423],[70.90771,31.68209],[70.92116,31.68887],[70.94131,31.68544],[70.94289,31.68624],[70.94363,31.68798],[70.9415,31.69131],[70.93317,31.69331],[70.93193,31.69662],[70.93621,31.71627],[70.93864,31.72069],[70.94234,31.7256],[70.95469,31.73263],[70.96104,31.75159],[70.97625,31.76143],[70.98235,31.77515],[70.99673,31.77697],[71.00073,31.77991],[71.00324,31.78756],[71.01714,31.80751],[71.02052,31.81574],[71.03546,31.86793],[71.04118,31.87413],[71.06229,31.88303],[71.0594,31.90076],[71.06135,31.90679],[71.06882,31.91638],[71.06468,31.92728],[71.07101,31.95022],[71.06668,31.97059],[71.07214,31.99891],[71.06879,32.0181],[71.06332,32.02591],[71.06321,32.03003],[71.06919,32.0329],[71.08089,32.03382],[71.08841,32.03947],[71.09065,32.04605],[71.09048,32.05224],[71.09587,32.06232],[71.10236,32.08987],[71.11359,32.10798],[71.11253,32.11758],[71.10256,32.12702],[71.10239,32.13321],[71.11216,32.16092],[71.11451,32.16371],[71.11654,32.16375],[71.13081,32.1599],[71.14658,32.16021],[71.15566,32.16864],[71.16148,32.17804],[71.17298,32.19094],[71.17647,32.19911],[71.17431,32.20497]]]},"properties":{"district":"D. I. Khan","province":"Khyber Pakhtunkhwa","pcode":"PK509","pop_2023":1829811,"area_km2":9028.6}},{"type":"Feature","geometry":{"type":"Polygon","coordinates":[[[71.06242,33.395],[71.0611,33.40027],[71.07171,33.40575],[71.07991,33.40721],[71.08461,33.40413],[71.08957,33.40512],[71.09348,33.40241],[71.0988,33.40371],[71.10434,33.40543],[71.10956,33.41274],[71.1142,33.41624],[71.11848,33.42777],[71.11702,33.42939],[71.11107,33.42819],[71.11018,33.43884],[71.11452,33.44902],[71.1196,33.45588],[71.10626,33.45842],[71.09468,33.47173],[71.10376,33.47079],[71.11424,33.47423],[71.12325,33.47415],[71.13381,33.47799],[71.13671,33.48308],[71.13538,33.4884],[71.13904,33.49981],[71.14966,33.5086],[71.15837,33.50745],[71.16113,33.50514],[71.17029,33.50412],[71.18054,33.50527],[71.1972,33.50348],[71.21508,33.50669],[71.21309,33.51719],[71.2097,33.52129],[71.19803,33.52853],[71.19009,33.52834],[71.19182,33.54134],[71.19056,33.54981],[71.20973,33.55135],[71.20911,33.55743],[71.2138,33.56332],[71.22485,33.56772],[71.22498,33.5732],[71.22809,33.57659],[71.22981,33.58663],[71.22034,33.58817],[71.20381,33.58691],[71.20001,33.58939],[71.1893,33.58859],[71.18913,33.59063],[71.197,33.59636],[71.19426,33.59806],[71.18568,33.59811],[71.17378,33.60952],[71.15807,33.59793],[71.14523,33.59532],[71.13018,33.59679],[71.12912,33.59504],[71.12457,33.59341],[71.09903,33.59092],[71.09331,33.58667],[71.06648,33.58282],[71.06308,33.57987],[71.0541,33.57773],[71.04199,33.5693],[71.02181,33.55861],[71.01353,33.55082],[71.00838,33.54863],[71.0042,33.54866],[71.00286,33.5501],[70.99986,33.54834],[70.99574,33.54981],[70.98715,33.54607],[70.98138,33.54552],[70.9703,33.54634],[70.96043,33.55317],[70.93779,33.55652],[70.93204,33.56005],[70.91796,33.5643],[70.91028,33.56309],[70.89797,33.55543],[70.89265,33.55693],[70.88849,33.55635],[70.88019,33.56071],[70.87542,33.55778],[70.8669,33.559],[70.86082,33.55829],[70.84502,33.56347],[70.8396,33.56313],[70.83263,33.56021],[70.82869,33.56232],[70.81934,33.57305],[70.80962,33.57355],[70.80663,33.5784],[70.79808,33.57722],[70.7751,33.58691],[70.7679,33.58356],[70.75671,33.58183],[70.75062,33.58455],[70.74839,33.56241],[70.74641,33.55634],[70.73659,33.54904],[70.73752,33.53717],[70.7317,33.52506],[70.7338,33.51174],[70.74013,33.50488],[70.73817,33.49951],[70.74248,33.49068],[70.74059,33.4828],[70.71989,33.48712],[70.71111,33.491],[70.70347,33.49145],[70.6983,33.48999],[70.68481,33.47543],[70.67707,33.47101],[70.66548,33.47449],[70.64231,33.47343],[70.63851,33.47588],[70.6283,33.47617],[70.62621,33.47541],[70.62411,33.47076],[70.61728,33.46415],[70.61608,33.45696],[70.59158,33.42722],[70.56869,33.41993],[70.55041,33.4245],[70.53957,33.42387],[70.51515,33.41458],[70.50383,33.41619],[70.49912,33.41418],[70.49987,33.38665],[70.50282,33.38412],[70.50917,33.38213],[70.51449,33.37632],[70.5234,33.3736],[70.53254,33.36631],[70.53812,33.36383],[70.54397,33.35825],[70.54487,33.35503],[70.54477,33.35182],[70.54089,33.34834],[70.54073,33.34244],[70.53764,33.33462],[70.54549,33.33417],[70.54632,33.33646],[70.55015,33.33682],[70.55429,33.33051],[70.557,33.32972],[70.55934,33.32498],[70.55618,33.3156],[70.55726,33.3128],[70.56704,33.30776],[70.56983,33.29441],[70.58181,33.28532],[70.60313,33.2779],[70.61181,33.27224],[70.61578,33.27151],[70.62988,33.27313],[70.62695,33.26025],[70.63302,33.26291],[70.64084,33.26193],[70.64491,33.26311],[70.65031,33.26146],[70.65694,33.25707],[70.66668,33.25496],[70.67895,33.25288],[70.68696,33.25573],[70.69201,33.25438],[70.69069,33.24934],[70.6861,33.24749],[70.68102,33.24858],[70.67774,33.24661],[70.67738,33.24404],[70.68169,33.24238],[70.69044,33.23091],[70.70258,33.22675],[70.70233,33.22173],[70.70392,33.2198],[70.70871,33.21965],[70.71076,33.21739],[70.72108,33.21488],[70.74165,33.21552],[70.75038,33.21721],[70.75959,33.25837],[70.76836,33.27943],[70.76427,33.28928],[70.76892,33.29783],[70.76948,33.30304],[70.76595,33.30601],[70.76669,33.31178],[70.7652,33.31327],[70.76074,33.31178],[70.75801,33.31318],[70.75944,33.31977],[70.76857,33.32432],[70.76966,33.32628],[70.76835,33.33657],[70.77838,33.33398],[70.77941,33.33819],[70.81962,33.32149],[70.86107,33.31443],[70.88344,33.30839],[70.88519,33.31654],[70.88076,33.31894],[70.88057,33.32228],[70.89306,33.32228],[70.90185,33.34319],[70.90599,33.34606],[70.90491,33.35433],[70.91948,33.35658],[70.92758,33.35489],[70.96413,33.36287],[70.97295,33.36178],[70.98426,33.36614],[70.98863,33.36549],[70.99793,33.36711],[71.00327,33.36606],[71.01589,33.36703],[71.02503,33.36444],[71.0336,33.36525],[71.04104,33.36198],[71.04873,33.36379],[71.05124,33.36735],[71.05358,33.36792],[71.05734,33.37645],[71.05526,33.37835],[71.04978,33.37867],[71.04978,33.38377],[71.04452,33.38701],[71.04371,33.38959],[71.05221,33.38879],[71.06029,33.39259],[71.06242,33.395]]]},"properties":{"district":"Hangu","province":"Khyber Pakhtunkhwa","pcode":"PK510","pop_2023":528902,"area_km2":1372}},{"type":"Feature","geometry":{"type":"Polygon","coordinates":[[[72.99008,34.21041],[72.98994,34.21215],[72.98187,34.21825],[72.97281,34.22967],[72.9659,34.22985],[72.93595,34.24169],[72.91269,34.24892],[72.91085,34.2533],[72.90501,34.25519],[72.90098,34.25836],[72.89934,34.26466],[72.89542,34.26928],[72.8857,34.27323],[72.88782,34.28209],[72.88501,34.2865],[72.8766,34.28979],[72.86597,34.28966],[72.85567,34.29295],[72.85298,34.29634],[72.85155,34.30286],[72.8559,34.31464],[72.8554,34.32983],[72.84574,34.34224],[72.82604,34.35975],[72.8205,34.36662],[72.80686,34.36483],[72.80118,34.35713],[72.79249,34.35849],[72.78944,34.35221],[72.79074,34.34838],[72.78597,34.34875],[72.78711,34.34595],[72.78118,34.34378],[72.77911,34.33821],[72.78185,34.33463],[72.78846,34.33087],[72.79771,34.32836],[72.79055,34.32483],[72.78791,34.31909],[72.78769,34.29793],[72.77975,34.29992],[72.77027,34.29462],[72.75792,34.29529],[72.74875,34.29346],[72.74895,34.28041],[72.75643,34.27361],[72.76153,34.27514],[72.76578,34.27191],[72.76748,34.26205],[72.77088,34.25763],[72.77171,34.24872],[72.77139,34.2403],[72.76567,34.23233],[72.75573,34.20241],[72.75635,34.19789],[72.76594,34.18537],[72.76621,34.18129],[72.76472,34.17619],[72.75284,34.16665],[72.75134,34.12264],[72.74372,34.11542],[72.74249,34.10487],[72.70155,34.08888],[72.69758,34.08149],[72.68214,34.06209],[72.64378,34.02599],[72.63772,34.01746],[72.61858,34.00936],[72.60407,34.00801],[72.58448,33.9936],[72.54918,33.99383],[72.54867,33.98899],[72.55091,33.98277],[72.55009,33.97501],[72.55376,33.95547],[72.55883,33.95956],[72.578,33.95557],[72.58268,33.95332],[72.58822,33.95324],[72.59394,33.95032],[72.60345,33.95345],[72.60686,33.95282],[72.62495,33.94827],[72.63396,33.94431],[72.64228,33.93692],[72.65288,33.93068],[72.65298,33.92512],[72.64708,33.92086],[72.62803,33.91541],[72.63015,33.9076],[72.61933,33.89661],[72.61663,33.8969],[72.60805,33.89153],[72.61011,33.88573],[72.60578,33.88209],[72.60601,33.87712],[72.60949,33.87513],[72.62286,33.87476],[72.63377,33.88021],[72.63821,33.87315],[72.64271,33.87048],[72.64091,33.86553],[72.64414,33.85751],[72.65575,33.86447],[72.6618,33.86187],[72.68582,33.86918],[72.68723,33.87112],[72.69296,33.87138],[72.70678,33.88051],[72.70889,33.88232],[72.70939,33.88908],[72.70692,33.89481],[72.70811,33.89989],[72.70434,33.90255],[72.70512,33.90569],[72.71309,33.90471],[72.73452,33.90629],[72.73573,33.90849],[72.73413,33.91036],[72.72305,33.91644],[72.72389,33.91969],[72.7433,33.93456],[72.74389,33.93738],[72.74651,33.93683],[72.74958,33.9385],[72.76227,33.95366],[72.77534,33.94615],[72.78381,33.93977],[72.78924,33.924],[72.78904,33.92015],[72.78367,33.91547],[72.77015,33.91527],[72.77726,33.90322],[72.78895,33.89804],[72.78966,33.89355],[72.79423,33.88706],[72.80296,33.88486],[72.80573,33.88522],[72.80884,33.88873],[72.83274,33.88729],[72.83376,33.87895],[72.83163,33.86981],[72.83155,33.85883],[72.83528,33.85188],[72.83614,33.84527],[72.83507,33.84193],[72.83179,33.83985],[72.83163,33.8429],[72.82912,33.84581],[72.81796,33.84451],[72.81844,33.83742],[72.8219,33.82908],[72.82256,33.82757],[72.8332,33.8258],[72.8424,33.8332],[72.84688,33.83348],[72.84979,33.83167],[72.85082,33.82455],[72.85754,33.8237],[72.87183,33.82591],[72.86961,33.8149],[72.85538,33.7971],[72.85235,33.79731],[72.84174,33.80281],[72.83016,33.79091],[72.82652,33.78284],[72.82166,33.77831],[72.82735,33.7704],[72.82941,33.76333],[72.83218,33.76253],[72.8415,33.76493],[72.84435,33.76462],[72.84496,33.76255],[72.84708,33.76218],[72.85125,33.76437],[72.85271,33.76657],[72.85202,33.76934],[72.85758,33.77023],[72.86217,33.76976],[72.865,33.76774],[72.86753,33.76208],[72.87073,33.7608],[72.88873,33.76645],[72.88971,33.76394],[72.88841,33.76194],[72.88074,33.7575],[72.88873,33.75125],[72.91479,33.74804],[72.92387,33.7456],[72.92606,33.73716],[72.92054,33.73447],[72.91642,33.72937],[72.92235,33.73061],[72.94485,33.72952],[72.95671,33.73108],[72.95672,33.73323],[72.96087,33.73514],[72.96376,33.7387],[72.97863,33.74158],[72.99056,33.75042],[72.99155,33.75746],[73.00043,33.75684],[73.00725,33.7603],[73.01196,33.75814],[73.01292,33.76263],[73.0114,33.76697],[73.01553,33.77468],[73.0274,33.77989],[73.03441,33.78028],[73.04192,33.78444],[73.05582,33.78409],[73.05858,33.78204],[73.06849,33.7849],[73.08147,33.79355],[73.09223,33.79128],[73.09475,33.78394],[73.11791,33.78637],[73.1218,33.78743],[73.125,33.79301],[73.13105,33.79887],[73.14113,33.80482],[73.14567,33.80471],[73.1526,33.81095],[73.15867,33.81193],[73.16415,33.81038],[73.16847,33.80451],[73.17163,33.80805],[73.17924,33.81059],[73.1905,33.81016],[73.20934,33.8161],[73.20291,33.82339],[73.2065,33.82769],[73.21503,33.83228],[73.20977,33.84213],[73.21332,33.8476],[73.21169,33.85232],[73.20901,33.85331],[73.19946,33.84993],[73.19527,33.84982],[73.1955,33.85872],[73.19008,33.86496],[73.19253,33.87066],[73.20476,33.87503],[73.21064,33.87975],[73.21419,33.8799],[73.21541,33.88219],[73.21361,33.88976],[73.19917,33.88749],[73.1828,33.89203],[73.18629,33.89538],[73.18432,33.89669],[73.18473,33.90147],[73.19496,33.90802],[73.19796,33.90847],[73.19964,33.90604],[73.20102,33.90686],[73.19921,33.91138],[73.2001,33.91426],[73.20431,33.91738],[73.20268,33.92007],[73.20034,33.92007],[73.19901,33.91578],[73.19211,33.9111],[73.18853,33.91356],[73.1883,33.91588],[73.18487,33.91434],[73.1835,33.91153],[73.17998,33.91407],[73.17103,33.91247],[73.16848,33.91725],[73.16651,33.91734],[73.16355,33.91582],[73.16534,33.91235],[73.16234,33.90912],[73.1586,33.9081],[73.15392,33.90179],[73.13744,33.89692],[73.13233,33.89953],[73.1289,33.89536],[73.12091,33.89255],[73.11529,33.8922],[73.10824,33.8963],[73.09679,33.89329],[73.09453,33.89489],[73.09406,33.8961],[73.09636,33.89672],[73.09612,33.90222],[73.10154,33.90385],[73.10314,33.90674],[73.10766,33.90865],[73.10922,33.92221],[73.10064,33.92654],[73.09753,33.93106],[73.0905,33.93387],[73.09655,33.93585],[73.09854,33.93998],[73.10353,33.94302],[73.10653,33.94723],[73.12018,33.94786],[73.13023,33.95219],[73.13149,33.9554],[73.12856,33.95735],[73.13035,33.96191],[73.14032,33.97276],[73.13884,33.98383],[73.14192,33.98807],[73.14232,33.99404],[73.14644,33.99957],[73.14585,34.00877],[73.14176,34.012],[73.13764,34.01894],[73.12545,34.02585],[73.10068,34.02252],[73.08695,34.02413],[73.08412,34.02844],[73.0722,34.03241],[73.07348,34.03683],[73.08037,34.04088],[73.08067,34.04478],[73.08509,34.04665],[73.07962,34.05002],[73.07964,34.05205],[73.09599,34.06915],[73.09438,34.07991],[73.09533,34.08624],[73.08981,34.09347],[73.08502,34.09421],[73.08141,34.09836],[73.07726,34.09825],[73.06993,34.11143],[73.06281,34.11781],[73.05207,34.1211],[73.03124,34.12206],[73.02476,34.1258],[73.02188,34.13067],[73.02507,34.1312],[73.02773,34.13737],[73.03506,34.1413],[73.03879,34.14608],[73.03985,34.15246],[73.02337,34.16638],[73.01891,34.17212],[73.01094,34.17329],[73.00785,34.17117],[72.9952,34.17021],[72.98619,34.17731],[72.9748,34.17776],[72.97161,34.1836],[72.97255,34.18577],[72.98022,34.19073],[72.98957,34.19221],[72.9935,34.19434],[72.99404,34.1971],[72.98551,34.20161],[72.98832,34.20651],[72.98582,34.20961],[72.99008,34.21041]]]},"properties":{"district":"Haripur","province":"Khyber Pakhtunkhwa","pcode":"PK511","pop_2023":1174783,"area_km2":1953.9}},{"type":"Feature","geometry":{"type":"Polygon","coordinates":[[[71.44458,33.24043],[71.44689,33.24144],[71.44722,33.24418],[71.45112,33.24856],[71.44807,33.26178],[71.45021,33.27354],[71.44614,33.27696],[71.44986,33.29405],[71.44819,33.29851],[71.43927,33.29758],[71.43648,33.29498],[71.42905,33.29591],[71.41716,33.28569],[71.41382,33.28625],[71.40954,33.28476],[71.40527,33.28848],[71.3997,33.29033],[71.38465,33.28996],[71.38037,33.29331],[71.38595,33.29535],[71.38873,33.29944],[71.38657,33.3016],[71.38335,33.31133],[71.3696,33.31281],[71.34823,33.30854],[71.34452,33.31189],[71.33783,33.31003],[71.32124,33.30955],[71.31917,33.31054],[71.31696,33.31871],[71.32055,33.3223],[71.31459,33.332],[71.31352,33.34285],[71.31177,33.34411],[71.31795,33.34476],[71.31681,33.3501],[71.31207,33.34942],[71.30107,33.35293],[71.28343,33.35224],[71.28106,33.35339],[71.28053,33.35652],[71.2774,33.35942],[71.26579,33.35866],[71.24486,33.36003],[71.2246,33.35481],[71.22144,33.36002],[71.22025,33.36848],[71.21708,33.37035],[71.21048,33.36999],[71.20315,33.37155],[71.18247,33.36837],[71.1761,33.36837],[71.16378,33.37195],[71.15145,33.36957],[71.14708,33.37116],[71.13713,33.37116],[71.1074,33.368],[71.09936,33.36877],[71.07947,33.37474],[71.06556,33.3807],[71.06755,33.39024],[71.06242,33.395],[71.06029,33.39259],[71.05221,33.38879],[71.04371,33.38959],[71.04452,33.38701],[71.04978,33.38377],[71.04978,33.37867],[71.05526,33.37835],[71.05734,33.37645],[71.05358,33.36792],[71.05124,33.36735],[71.04873,33.36379],[71.04104,33.36198],[71.0336,33.36525],[71.02503,33.36444],[71.01589,33.36703],[71.00327,33.36606],[70.99793,33.36711],[70.98863,33.36549],[70.98426,33.36614],[70.97295,33.36178],[70.96413,33.36287],[70.92758,33.35489],[70.91948,33.35658],[70.90491,33.35433],[70.90599,33.34606],[70.90185,33.34319],[70.89306,33.32228],[70.88057,33.32228],[70.88076,33.31894],[70.88519,33.31654],[70.88344,33.30839],[70.86107,33.31443],[70.81962,33.32149],[70.77941,33.33819],[70.77838,33.33398],[70.76835,33.33657],[70.76966,33.32628],[70.76857,33.32432],[70.75944,33.31977],[70.75801,33.31318],[70.76074,33.31178],[70.7652,33.31327],[70.76669,33.31178],[70.76595,33.30601],[70.76948,33.30304],[70.76892,33.29783],[70.76427,33.28928],[70.76836,33.27943],[70.75959,33.25837],[70.75038,33.21721],[70.77291,33.21737],[70.77802,33.21481],[70.78107,33.21071],[70.78761,33.20793],[70.7909,33.20901],[70.79176,33.2113],[70.79606,33.21221],[70.79858,33.2094],[70.80184,33.2106],[70.80991,33.21013],[70.81725,33.20775],[70.81886,33.20871],[70.82667,33.20546],[70.83186,33.20647],[70.83591,33.20371],[70.83675,33.20042],[70.83926,33.20033],[70.84251,33.1967],[70.84683,33.1959],[70.85153,33.19712],[70.85297,33.19465],[70.85495,33.19587],[70.86362,33.19307],[70.8691,33.18785],[70.86859,33.1861],[70.87827,33.18199],[70.87839,33.17745],[70.87289,33.17064],[70.86921,33.17082],[70.86929,33.16711],[70.86647,33.16238],[70.84061,33.15574],[70.83968,33.15237],[70.83186,33.14663],[70.83087,33.14527],[70.83679,33.14498],[70.82777,33.13963],[70.82816,33.13409],[70.83209,33.13299],[70.83173,33.13154],[70.82681,33.13132],[70.82524,33.12974],[70.82187,33.11935],[70.82008,33.1212],[70.79839,33.11566],[70.79184,33.09986],[70.7974,33.09209],[70.80339,33.09027],[70.79688,33.0827],[70.80447,33.07715],[70.80572,33.0669],[70.81039,33.05877],[70.81188,33.05181],[70.81797,33.04352],[70.84123,33.02656],[70.88202,33.02121],[70.89944,33.01362],[70.91397,33.01488],[70.9155,33.01377],[70.9178,32.99052],[70.92064,32.98053],[70.93836,32.96252],[70.96468,32.90829],[70.96326,32.89267],[70.96092,32.88487],[70.96199,32.88077],[70.95488,32.87117],[70.96568,32.84629],[70.96904,32.8418],[70.9767,32.8362],[70.98697,32.82276],[70.99537,32.81511],[71.00003,32.81362],[71.02916,32.81754],[71.03886,32.80596],[71.10383,32.811],[71.10963,32.81114],[71.11029,32.81003],[71.12214,32.80623],[71.12988,32.80734],[71.13369,32.811],[71.13375,32.83295],[71.13647,32.83768],[71.13875,32.86283],[71.14275,32.86839],[71.14493,32.88805],[71.14111,32.89716],[71.1413,32.91151],[71.14391,32.92559],[71.14827,32.93173],[71.15956,32.94171],[71.15912,32.94792],[71.16549,32.9602],[71.18864,32.97553],[71.1974,32.9776],[71.20606,32.97775],[71.21955,32.9811],[71.22502,32.98773],[71.23044,32.98994],[71.23774,32.99702],[71.24206,32.99477],[71.24431,32.99889],[71.25003,33.00029],[71.25631,32.99828],[71.31824,33.0167],[71.31754,33.00232],[71.34058,32.99158],[71.3553,32.9908],[71.37592,33.00579],[71.38508,32.99909],[71.39603,33.00203],[71.40428,33.00714],[71.4055,33.01036],[71.4165,33.00763],[71.42284,33.00357],[71.43221,33.004],[71.45399,33.0165],[71.4583,33.02108],[71.46297,33.0302],[71.46513,33.04168],[71.46709,33.0443],[71.47466,33.0462],[71.4761,33.04815],[71.46963,33.05153],[71.46096,33.06111],[71.46108,33.06882],[71.45969,33.06987],[71.45605,33.0699],[71.44674,33.0666],[71.44138,33.0691],[71.44133,33.07429],[71.44019,33.07256],[71.43822,33.07254],[71.42957,33.07973],[71.42617,33.09014],[71.42326,33.09326],[71.43191,33.10485],[71.4333,33.11168],[71.4406,33.12008],[71.44547,33.11938],[71.44722,33.12049],[71.45229,33.1302],[71.44857,33.13268],[71.44721,33.13594],[71.44125,33.13942],[71.4418,33.15075],[71.43676,33.15396],[71.43311,33.15882],[71.4305,33.17301],[71.436,33.18102],[71.42994,33.18421],[71.42254,33.18261],[71.41747,33.1871],[71.41087,33.18888],[71.40704,33.19381],[71.411,33.20409],[71.40924,33.207],[71.41417,33.21447],[71.41177,33.21907],[71.41599,33.22549],[71.41776,33.22679],[71.41929,33.22568],[71.42409,33.22746],[71.42673,33.22667],[71.43085,33.22921],[71.43494,33.23869],[71.43717,33.23989],[71.44025,33.23836],[71.44458,33.24043]]]},"properties":{"district":"Karak","province":"Khyber Pakhtunkhwa","pcode":"PK512","pop_2023":815878,"area_km2":2648.4}},{"type":"Feature","geometry":{"type":"Polygon","coordinates":[[[71.41231,34.16589],[71.39925,34.16916],[71.3846,34.16665],[71.36784,34.16668],[71.34862,34.16285],[71.33963,34.16916],[71.31818,34.17162],[71.31699,34.17028],[71.31793,34.16143],[71.3141,34.16111],[71.30802,34.16322],[71.30582,34.16799],[71.30628,34.17807],[71.30936,34.18595],[71.30699,34.19221],[71.30359,34.19358],[71.29463,34.19192],[71.28877,34.19541],[71.28806,34.19875],[71.28889,34.2016],[71.30151,34.21388],[71.29922,34.22059],[71.30448,34.22641],[71.30545,34.23441],[71.30936,34.23978],[71.31185,34.249],[71.31119,34.25522],[71.31559,34.26145],[71.31367,34.26967],[71.30268,34.2771],[71.3,34.28383],[71.29417,34.28855],[71.28038,34.29611],[71.27413,34.30554],[71.26446,34.30909],[71.26473,34.31464],[71.25068,34.31664],[71.24106,34.32901],[71.22873,34.32675],[71.21947,34.33101],[71.19737,34.33043],[71.18053,34.33969],[71.17539,34.33937],[71.16881,34.33587],[71.15839,34.32268],[71.15674,34.31317],[71.13033,34.28091],[71.12206,34.26721],[71.12129,34.25493],[71.12653,34.23712],[71.13531,34.22532],[71.12826,34.2142],[71.12444,34.20381],[71.12608,34.16243],[71.10938,34.14908],[71.07275,34.10569],[71.07735,34.07967],[71.07629,34.06251],[71.06536,34.05187],[71.04237,34.04933],[71.03416,34.05054],[71.01779,34.0366],[70.9987,34.0288],[70.98318,34.0286],[70.93562,34.01166],[70.92531,34.01209],[70.91794,34.00981],[70.91639,34.00127],[70.89871,33.98221],[70.88495,33.97676],[70.85108,33.98073],[70.82412,33.98175],[70.80939,33.97469],[70.78832,33.9678],[70.77947,33.95783],[70.76794,33.95486],[70.75072,33.96071],[70.70113,33.96097],[70.6763,33.96024],[70.65128,33.95437],[70.63065,33.95687],[70.59388,33.96432],[70.56046,33.95787],[70.53914,33.94578],[70.52504,33.95235],[70.5114,33.94857],[70.50168,33.94377],[70.46773,33.94334],[70.44438,33.95201],[70.44295,33.94353],[70.44423,33.93331],[70.44732,33.92557],[70.44095,33.92022],[70.44432,33.91618],[70.44746,33.90167],[70.4663,33.89979],[70.46716,33.89413],[70.47644,33.89562],[70.49906,33.88443],[70.50051,33.86741],[70.49895,33.85796],[70.49568,33.85331],[70.49972,33.84948],[70.51108,33.85319],[70.52567,33.85291],[70.52656,33.85139],[70.52385,33.84594],[70.52496,33.8416],[70.54164,33.83343],[70.56071,33.84297],[70.57022,33.84246],[70.57173,33.81228],[70.58304,33.80514],[70.58175,33.7966],[70.5761,33.78886],[70.5777,33.78544],[70.58818,33.77727],[70.60881,33.77546],[70.603,33.78027],[70.60292,33.78641],[70.60895,33.79072],[70.61489,33.79769],[70.63356,33.79886],[70.63993,33.79797],[70.64552,33.7938],[70.65332,33.78361],[70.6626,33.76742],[70.65857,33.76119],[70.66657,33.75874],[70.68187,33.7502],[70.68621,33.74503],[70.69489,33.74378],[70.69778,33.73936],[70.69937,33.73926],[70.70249,33.74183],[70.72025,33.74657],[70.72447,33.75334],[70.73929,33.75411],[70.7482,33.75254],[70.75977,33.7582],[70.77653,33.76017],[70.78692,33.76693],[70.81265,33.76893],[70.81881,33.77336],[70.8249,33.77096],[70.82892,33.77116],[70.83338,33.77538],[70.84291,33.7803],[70.84454,33.78295],[70.87281,33.77598],[70.88297,33.77793],[70.88483,33.77301],[70.88843,33.77162],[70.90522,33.77513],[70.90987,33.78087],[70.92749,33.78555],[70.97206,33.78935],[70.9846,33.79594],[70.9802,33.80431],[70.97146,33.8344],[70.97132,33.83726],[70.97423,33.83892],[71.0001,33.83937],[71.00758,33.84366],[71.02517,33.84309],[71.03074,33.84448],[71.04579,33.84052],[71.06489,33.83914],[71.08665,33.84457],[71.09333,33.8416],[71.11115,33.82941],[71.12776,33.83052],[71.14313,33.8151],[71.14812,33.81188],[71.16066,33.81596],[71.16697,33.81447],[71.17259,33.81522],[71.18416,33.82815],[71.20866,33.83592],[71.22884,33.82207],[71.23627,33.82004],[71.2508,33.82127],[71.25468,33.81967],[71.255,33.81623],[71.25851,33.81383],[71.26725,33.8025],[71.27019,33.79624],[71.28324,33.78919],[71.29312,33.78054],[71.29849,33.77857],[71.31157,33.76966],[71.32836,33.7543],[71.33221,33.75633],[71.34083,33.76615],[71.34945,33.76407],[71.35777,33.76404],[71.37924,33.76039],[71.38213,33.75559],[71.39366,33.75171],[71.41151,33.75108],[71.41385,33.74925],[71.41825,33.74868],[71.43007,33.75433],[71.43375,33.75057],[71.44991,33.75373],[71.45597,33.75105],[71.46365,33.74965],[71.47016,33.75042],[71.47484,33.7482],[71.48005,33.74832],[71.48285,33.75056],[71.49026,33.75199],[71.50301,33.75119],[71.50307,33.76352],[71.50639,33.77084],[71.50964,33.77224],[71.50875,33.77907],[71.51409,33.7883],[71.51892,33.80823],[71.49986,33.82338],[71.48345,33.83016],[71.48161,33.8331],[71.4797,33.83281],[71.47604,33.8352],[71.4738,33.8439],[71.44836,33.85769],[71.43488,33.87146],[71.43353,33.87462],[71.43723,33.89759],[71.44178,33.90198],[71.44783,33.9044],[71.4499,33.90925],[71.44772,33.91502],[71.43896,33.93376],[71.42692,33.94489],[71.42616,33.95006],[71.41193,33.96063],[71.4118,33.96711],[71.41456,33.97761],[71.41019,33.98953],[71.40555,33.9968],[71.39823,33.99931],[71.38031,33.99947],[71.38232,34.01398],[71.38948,34.03798],[71.38163,34.05273],[71.38139,34.06563],[71.37043,34.07548],[71.36967,34.08699],[71.38199,34.09767],[71.38007,34.11224],[71.38208,34.11792],[71.41218,34.14465],[71.41376,34.1483],[71.41233,34.15136],[71.41378,34.15914],[71.41231,34.16589]]]},"properties":{"district":"Khyber","province":"Khyber Pakhtunkhwa","pcode":"PK513","pop_2023":1146267,"area_km2":2747.4}},{"type":"Feature","geometry":{"type":"Polygon","coordinates":[[[71.50301,33.75119],[71.49026,33.75199],[71.48285,33.75056],[71.48005,33.74832],[71.47484,33.7482],[71.47016,33.75042],[71.46365,33.74965],[71.45597,33.75105],[71.44991,33.75373],[71.43375,33.75057],[71.43007,33.75433],[71.41825,33.74868],[71.41385,33.74925],[71.41151,33.75108],[71.39366,33.75171],[71.38213,33.75559],[71.37924,33.76039],[71.35777,33.76404],[71.34945,33.76407],[71.34907,33.76138],[71.35497,33.75439],[71.35271,33.72767],[71.37042,33.71933],[71.37856,33.71884],[71.38429,33.71682],[71.38564,33.71445],[71.3837,33.70934],[71.38461,33.70482],[71.38027,33.6972],[71.39089,33.69058],[71.40708,33.6837],[71.41162,33.6801],[71.41088,33.67499],[71.40173,33.66692],[71.40423,33.66314],[71.40779,33.66142],[71.40668,33.65129],[71.40129,33.65044],[71.39908,33.65244],[71.39518,33.65145],[71.39368,33.65281],[71.38123,33.64932],[71.36461,33.65038],[71.35933,33.64645],[71.35896,33.64461],[71.36256,33.64055],[71.36028,33.63679],[71.3616,33.63196],[71.35793,33.62614],[71.35027,33.62255],[71.33694,33.62644],[71.33309,33.62483],[71.31516,33.64324],[71.30763,33.64243],[71.28686,33.65462],[71.26367,33.6623],[71.25591,33.67274],[71.24515,33.68145],[71.23979,33.68217],[71.23232,33.68856],[71.22585,33.6909],[71.22348,33.69408],[71.22327,33.70423],[71.2155,33.7146],[71.21217,33.72216],[71.19447,33.72566],[71.18127,33.73473],[71.17808,33.73508],[71.17313,33.73101],[71.16534,33.7298],[71.16238,33.73484],[71.15197,33.73726],[71.14577,33.74513],[71.14156,33.74596],[71.12986,33.74204],[71.12295,33.737],[71.12656,33.72824],[71.1248,33.72484],[71.13294,33.72023],[71.13863,33.70525],[71.13866,33.69768],[71.13322,33.6838],[71.13429,33.68027],[71.14768,33.67088],[71.15655,33.65873],[71.16898,33.65331],[71.1786,33.64392],[71.17388,33.64265],[71.15771,33.64484],[71.14542,33.64847],[71.13918,33.65356],[71.13372,33.65317],[71.12913,33.64889],[71.12011,33.64717],[71.10641,33.64066],[71.10166,33.63172],[71.08449,33.62471],[71.0822,33.62061],[71.0844,33.61671],[71.08965,33.61378],[71.10079,33.61347],[71.10419,33.60759],[71.11,33.60322],[71.13262,33.60374],[71.13018,33.59679],[71.14523,33.59532],[71.15807,33.59793],[71.17378,33.60952],[71.18568,33.59811],[71.19426,33.59806],[71.197,33.59636],[71.18913,33.59063],[71.1893,33.58859],[71.20001,33.58939],[71.20381,33.58691],[71.22034,33.58817],[71.22981,33.58663],[71.22809,33.57659],[71.22498,33.5732],[71.22485,33.56772],[71.2138,33.56332],[71.20911,33.55743],[71.20973,33.55135],[71.19056,33.54981],[71.19182,33.54134],[71.19009,33.52834],[71.19803,33.52853],[71.2097,33.52129],[71.21309,33.51719],[71.21508,33.50669],[71.1972,33.50348],[71.18054,33.50527],[71.17029,33.50412],[71.16113,33.50514],[71.15837,33.50745],[71.14966,33.5086],[71.13904,33.49981],[71.13538,33.4884],[71.13671,33.48308],[71.13381,33.47799],[71.12325,33.47415],[71.11424,33.47423],[71.10376,33.47079],[71.09468,33.47173],[71.10626,33.45842],[71.1196,33.45588],[71.11452,33.44902],[71.11018,33.43884],[71.11107,33.42819],[71.11702,33.42939],[71.11848,33.42777],[71.1142,33.41624],[71.10956,33.41274],[71.10434,33.40543],[71.0988,33.40371],[71.09348,33.40241],[71.08957,33.40512],[71.08461,33.40413],[71.07991,33.40721],[71.07171,33.40575],[71.0611,33.40027],[71.06242,33.395],[71.06755,33.39024],[71.06556,33.3807],[71.07947,33.37474],[71.09936,33.36877],[71.1074,33.368],[71.13713,33.37116],[71.14708,33.37116],[71.15145,33.36957],[71.16378,33.37195],[71.1761,33.36837],[71.18247,33.36837],[71.20315,33.37155],[71.21048,33.36999],[71.21708,33.37035],[71.22025,33.36848],[71.22144,33.36002],[71.2246,33.35481],[71.24486,33.36003],[71.26579,33.35866],[71.2774,33.35942],[71.28053,33.35652],[71.28106,33.35339],[71.28343,33.35224],[71.30107,33.35293],[71.31207,33.34942],[71.31681,33.3501],[71.31795,33.34476],[71.31177,33.34411],[71.31352,33.34285],[71.31459,33.332],[71.32055,33.3223],[71.31696,33.31871],[71.31917,33.31054],[71.32124,33.30955],[71.33783,33.31003],[71.34452,33.31189],[71.34823,33.30854],[71.3696,33.31281],[71.38335,33.31133],[71.38657,33.3016],[71.38873,33.29944],[71.38595,33.29535],[71.38037,33.29331],[71.38465,33.28996],[71.3997,33.29033],[71.40527,33.28848],[71.40954,33.28476],[71.41382,33.28625],[71.41716,33.28569],[71.42905,33.29591],[71.43648,33.29498],[71.43927,33.29758],[71.44819,33.29851],[71.44986,33.29405],[71.44614,33.27696],[71.45021,33.27354],[71.44807,33.26178],[71.45112,33.24856],[71.44722,33.24418],[71.44689,33.24144],[71.44458,33.24043],[71.44579,33.2384],[71.44418,33.23593],[71.44711,33.23181],[71.44283,33.22724],[71.44821,33.22536],[71.44937,33.22097],[71.46992,33.21845],[71.47704,33.21685],[71.48062,33.21457],[71.49191,33.21587],[71.49269,33.21358],[71.49012,33.20847],[71.4912,33.20655],[71.50089,33.20758],[71.49998,33.19961],[71.50542,33.1986],[71.50788,33.19974],[71.51782,33.19714],[71.52127,33.19773],[71.52469,33.20206],[71.51897,33.20653],[71.51506,33.21536],[71.51614,33.21722],[71.52318,33.21824],[71.5415,33.22646],[71.5529,33.22852],[71.55598,33.22734],[71.55772,33.22104],[71.56799,33.21369],[71.58263,33.1981],[71.5998,33.18742],[71.60253,33.18422],[71.5984,33.16727],[71.60301,33.13326],[71.60884,33.12999],[71.62974,33.1031],[71.63383,33.08807],[71.6582,33.07349],[71.67776,33.06992],[71.69265,33.06264],[71.71848,33.05983],[71.71486,33.07162],[71.71216,33.09351],[71.71155,33.10226],[71.71386,33.11202],[71.72454,33.12584],[71.74789,33.1441],[71.75733,33.16079],[71.7607,33.17318],[71.76141,33.18547],[71.75198,33.21072],[71.71655,33.24124],[71.70847,33.25537],[71.70948,33.26216],[71.70509,33.28491],[71.70786,33.28944],[71.72233,33.29922],[71.72907,33.31011],[71.73036,33.31592],[71.73042,33.32436],[71.72724,33.33398],[71.72322,33.33731],[71.71622,33.33771],[71.71465,33.33899],[71.71532,33.34083],[71.72064,33.35111],[71.73565,33.36545],[71.75029,33.3704],[71.81534,33.40205],[71.83235,33.40914],[71.84809,33.40392],[71.85193,33.40324],[71.8572,33.40448],[71.86693,33.41175],[71.87009,33.41652],[71.87061,33.42385],[71.86658,33.4394],[71.86942,33.44998],[71.87639,33.45644],[71.89483,33.4632],[71.90442,33.47603],[71.90599,33.48492],[71.92527,33.49081],[71.94738,33.5074],[71.95346,33.51398],[71.96709,33.53659],[71.96368,33.54875],[71.95777,33.55507],[71.95199,33.5705],[71.95732,33.5765],[71.97027,33.58046],[71.97837,33.5868],[71.98044,33.59826],[71.97953,33.63167],[71.98577,33.63905],[71.98122,33.65937],[71.98216,33.66304],[71.98987,33.67222],[71.99763,33.67685],[71.99897,33.69297],[72.00281,33.70812],[72.00686,33.71445],[72.00999,33.71464],[72.00486,33.72514],[71.98835,33.72252],[71.98141,33.72393],[71.97919,33.72625],[71.9799,33.72846],[71.97447,33.72876],[71.96078,33.72403],[71.94709,33.73329],[71.94075,33.73349],[71.92988,33.72957],[71.92505,33.72544],[71.91971,33.72413],[71.91539,33.71981],[71.91227,33.7188],[71.91146,33.71538],[71.90713,33.71397],[71.90271,33.71447],[71.89657,33.71155],[71.88761,33.703],[71.88167,33.7035],[71.87529,33.70942],[71.87236,33.70335],[71.86816,33.70016],[71.86512,33.69984],[71.85906,33.69366],[71.85464,33.69643],[71.84847,33.69638],[71.84463,33.69803],[71.83857,33.69515],[71.83127,33.6984],[71.81792,33.6935],[71.81322,33.69806],[71.79832,33.69202],[71.79092,33.68703],[71.7841,33.685],[71.77935,33.68011],[71.75949,33.68688],[71.75255,33.6923],[71.74509,33.69178],[71.73703,33.68579],[71.74318,33.67588],[71.74199,33.67088],[71.72057,33.66281],[71.71256,33.66185],[71.70887,33.66504],[71.68988,33.65718],[71.6869,33.65831],[71.6821,33.66815],[71.68548,33.67081],[71.68705,33.67733],[71.68091,33.67946],[71.68038,33.68092],[71.69399,33.69137],[71.69341,33.69369],[71.70356,33.69868],[71.70493,33.70164],[71.70301,33.70327],[71.7028,33.70851],[71.69747,33.70988],[71.69051,33.70778],[71.68702,33.71064],[71.68197,33.70969],[71.67269,33.70534],[71.67338,33.70053],[71.66512,33.69742],[71.6562,33.69832],[71.65656,33.69573],[71.64676,33.69859],[71.64469,33.69513],[71.64133,33.69459],[71.63763,33.68908],[71.63092,33.68988],[71.62255,33.6857],[71.61338,33.68402],[71.59008,33.68322],[71.58429,33.67906],[71.58119,33.68081],[71.57935,33.68528],[71.57172,33.68688],[71.56821,33.6966],[71.55946,33.6957],[71.55822,33.70104],[71.55528,33.7035],[71.54753,33.70156],[71.54546,33.70495],[71.54651,33.71669],[71.54357,33.72792],[71.51733,33.73745],[71.51157,33.74133],[71.50301,33.75119]]]},"properties":{"district":"Kohat","province":"Khyber Pakhtunkhwa","pcode":"PK514","pop_2023":1234661,"area_km2":3438.5}},{"type":"Feature","geometry":{"type":"Polygon","coordinates":[[[73.17858,35.2386],[73.17582,35.23915],[73.16776,35.23642],[73.15232,35.23464],[73.14379,35.24487],[73.13213,35.24618],[73.12338,35.25114],[73.09583,35.25026],[73.09204,35.25085],[73.08869,35.25755],[73.08563,35.25857],[73.06113,35.2577],[73.04734,35.26804],[73.04659,35.27603],[73.04338,35.27863],[73.04632,35.28587],[73.04721,35.29605],[73.0513,35.30499],[73.05062,35.30759],[73.04338,35.3082],[73.0332,35.30622],[73.02815,35.31162],[73.01859,35.31558],[73.00728,35.32495],[72.98887,35.32807],[72.97945,35.32718],[72.97224,35.32086],[72.9626,35.31754],[72.95583,35.31266],[72.9381,35.31133],[72.93765,35.29902],[72.92524,35.28838],[72.91914,35.28639],[72.91027,35.27885],[72.90152,35.2651],[72.89941,35.25568],[72.89619,35.2508],[72.8867,35.24307],[72.83877,35.25158],[72.82314,35.25025],[72.8105,35.24493],[72.80596,35.24504],[72.76052,35.26619],[72.75246,35.26074],[72.74012,35.26272],[72.73694,35.2604],[72.724,35.25955],[72.71964,35.25515],[72.71879,35.25329],[72.72479,35.24443],[72.72457,35.2399],[72.71707,35.23453],[72.71504,35.22951],[72.70075,35.22787],[72.70481,35.21971],[72.7001,35.21155],[72.69984,35.20527],[72.68754,35.19156],[72.68535,35.18329],[72.68631,35.17982],[72.69877,35.17317],[72.71119,35.17198],[72.71459,35.1698],[72.71711,35.16455],[72.72284,35.15883],[72.72734,35.15993],[72.73299,35.15796],[72.73745,35.1595],[72.74223,35.15658],[72.75479,35.15438],[72.75245,35.14766],[72.75646,35.14507],[72.75761,35.13539],[72.76564,35.13235],[72.77573,35.13453],[72.78327,35.1295],[72.7836,35.12017],[72.78814,35.11757],[72.79317,35.11149],[72.79776,35.11249],[72.7857,35.10024],[72.7909,35.08501],[72.78392,35.08084],[72.7894,35.0765],[72.79129,35.0669],[72.78941,35.05798],[72.79078,35.05323],[72.80118,35.04799],[72.80904,35.03534],[72.81165,35.02596],[72.81264,35.01292],[72.81013,34.99505],[72.82038,34.98313],[72.82682,34.97926],[72.83877,34.97638],[72.86296,34.98125],[72.86736,34.98069],[72.87201,34.98305],[72.87911,34.98262],[72.88339,34.98135],[72.88854,34.97463],[72.90554,34.97188],[72.90586,34.97071],[72.90786,34.97346],[72.90946,34.98982],[72.90364,35.00371],[72.8867,35.01592],[72.88575,35.02072],[72.88779,35.02436],[72.89986,35.02974],[72.90146,35.03774],[72.90517,35.03948],[72.91484,35.03905],[72.92626,35.03534],[72.93302,35.03585],[72.94604,35.04072],[72.956,35.04916],[72.95258,35.06123],[72.9536,35.06377],[72.98341,35.07912],[72.99316,35.0893],[72.99259,35.09454],[72.99898,35.10668],[73.00683,35.10464],[73.0101,35.10522],[73.01316,35.10791],[73.01614,35.11707],[73.02072,35.11962],[73.03781,35.11591],[73.04304,35.11562],[73.04842,35.11729],[73.0533,35.12646],[73.06311,35.13518],[73.08951,35.14689],[73.09533,35.15074],[73.10231,35.15911],[73.10667,35.17169],[73.11473,35.18421],[73.1213,35.1896],[73.13392,35.20525],[73.14385,35.21131],[73.15766,35.2236],[73.17028,35.22882],[73.17634,35.23404],[73.17858,35.2386]]]},"properties":{"district":"Kohistan Lower","province":"Khyber Pakhtunkhwa","pcode":"PK515","pop_2023":340017,"area_km2":823.5}},{"type":"Feature","geometry":{"type":"Polygon","coordinates":[[[73.57981,35.55361],[73.57083,35.55527],[73.54748,35.55305],[73.53472,35.55332],[73.49304,35.5686],[73.41443,35.57333],[73.39529,35.57777],[73.3636,35.59415],[73.34749,35.59943],[73.29582,35.6075],[73.29193,35.61028],[73.2811,35.61388],[73.23027,35.64388],[73.21361,35.65916],[73.19887,35.66999],[73.15721,35.69027],[73.14638,35.6986],[73.13611,35.70889],[73.1172,35.73833],[73.11304,35.75111],[73.11192,35.77083],[73.11499,35.79222],[73.1247,35.82888],[73.12436,35.8377],[73.11804,35.84527],[73.10637,35.85333],[73.09248,35.86028],[73.07471,35.86444],[73.0636,35.86277],[73.03638,35.85055],[73.00833,35.84083],[72.97638,35.83388],[72.95637,35.83499],[72.93858,35.8386],[72.91914,35.8386],[72.89166,35.84138],[72.84776,35.84972],[72.82527,35.8561],[72.8111,35.85722],[72.7961,35.85305],[72.76443,35.83888],[72.73245,35.83179],[72.73085,35.82644],[72.73908,35.81538],[72.73809,35.81387],[72.72992,35.81369],[72.714,35.80798],[72.71084,35.7972],[72.71188,35.7905],[72.70314,35.78206],[72.71227,35.77518],[72.70833,35.77007],[72.70781,35.76263],[72.72607,35.75489],[72.73663,35.7548],[72.74463,35.74835],[72.74259,35.73724],[72.75747,35.7281],[72.76037,35.72218],[72.75716,35.71693],[72.76191,35.7131],[72.7637,35.70539],[72.77031,35.7052],[72.77259,35.70218],[72.78148,35.69724],[72.77869,35.68602],[72.78001,35.68081],[72.78274,35.67913],[72.78741,35.6816],[72.79217,35.68107],[72.80018,35.67464],[72.80001,35.66883],[72.80239,35.66504],[72.79957,35.65843],[72.8052,35.64998],[72.80415,35.64689],[72.80802,35.64249],[72.80476,35.63553],[72.80838,35.63289],[72.81128,35.62285],[72.8208,35.61509],[72.81956,35.61113],[72.82132,35.60769],[72.81525,35.58726],[72.81525,35.57854],[72.8097,35.57572],[72.80556,35.57678],[72.79886,35.5729],[72.78221,35.57255],[72.77402,35.56911],[72.7675,35.57096],[72.76645,35.57061],[72.7683,35.56753],[72.76222,35.56488],[72.75526,35.5588],[72.75499,35.55722],[72.75949,35.55678],[72.76486,35.55317],[72.77023,35.54471],[72.77614,35.54304],[72.78213,35.53934],[72.7823,35.53784],[72.78045,35.53396],[72.77481,35.53079],[72.77525,35.52877],[72.77067,35.51934],[72.76179,35.51418],[72.76073,35.50602],[72.75223,35.49862],[72.75195,35.49542],[72.75833,35.49115],[72.74442,35.48518],[72.73547,35.47463],[72.74181,35.4712],[72.7414,35.46872],[72.75056,35.46822],[72.75431,35.4654],[72.76023,35.46429],[72.75779,35.45685],[72.75498,35.4552],[72.75539,35.4491],[72.75252,35.44705],[72.74925,35.43996],[72.7381,35.42885],[72.72684,35.42432],[72.72099,35.41752],[72.72793,35.40878],[72.72549,35.4016],[72.72955,35.40149],[72.74147,35.39436],[72.74355,35.38893],[72.74994,35.38705],[72.7576,35.38142],[72.76268,35.38273],[72.77898,35.37999],[72.7864,35.37619],[72.78441,35.37151],[72.78582,35.36497],[72.78053,35.36071],[72.78088,35.35786],[72.78354,35.35538],[72.77486,35.34521],[72.77875,35.33279],[72.77049,35.32326],[72.7693,35.30783],[72.76664,35.30369],[72.7621,35.30127],[72.76303,35.29623],[72.76719,35.29173],[72.75986,35.28809],[72.75998,35.28246],[72.76558,35.2758],[72.76017,35.27029],[72.76052,35.26619],[72.80596,35.24504],[72.8105,35.24493],[72.82314,35.25025],[72.83877,35.25158],[72.8867,35.24307],[72.89619,35.2508],[72.89941,35.25568],[72.90152,35.2651],[72.91027,35.27885],[72.91914,35.28639],[72.92524,35.28838],[72.93765,35.29902],[72.9381,35.31133],[72.95583,35.31266],[72.9626,35.31754],[72.97224,35.32086],[72.97945,35.32718],[72.98887,35.32807],[73.00728,35.32495],[73.01859,35.31558],[73.02815,35.31162],[73.0332,35.30622],[73.04338,35.3082],[73.05062,35.30759],[73.0513,35.30499],[73.04721,35.29605],[73.04632,35.28587],[73.04338,35.27863],[73.04659,35.27603],[73.04734,35.26804],[73.06113,35.2577],[73.08563,35.25857],[73.08869,35.25755],[73.09204,35.25085],[73.09583,35.25026],[73.12338,35.25114],[73.13213,35.24618],[73.14379,35.24487],[73.15232,35.23464],[73.16776,35.23642],[73.17582,35.23915],[73.17858,35.2386],[73.18339,35.23489],[73.18722,35.22822],[73.17747,35.2085],[73.17589,35.19639],[73.1709,35.1895],[73.17855,35.17823],[73.18866,35.17508],[73.19774,35.16709],[73.19569,35.14804],[73.2058,35.14032],[73.20601,35.13875],[73.20505,35.12461],[73.20246,35.11901],[73.20478,35.10726],[73.21297,35.10309],[73.21762,35.10262],[73.23101,35.10958],[73.24706,35.10624],[73.29781,35.10869],[73.30372,35.10607],[73.32429,35.0913],[73.33497,35.08778],[73.34019,35.08778],[73.3528,35.0938],[73.36121,35.08812],[73.37144,35.0896],[73.37553,35.08892],[73.38587,35.07892],[73.39132,35.06699],[73.397,35.06585],[73.41405,35.07051],[73.43575,35.08607],[73.45109,35.09426],[73.45472,35.09539],[73.46733,35.09437],[73.48358,35.103],[73.4946,35.10505],[73.50062,35.10391],[73.51392,35.09562],[73.54124,35.06983],[73.57485,35.05074],[73.60044,35.04185],[73.62668,35.02711],[73.63319,35.0193],[73.63254,35.00694],[73.62978,35.00079],[73.63899,34.9862],[73.64667,34.98501],[73.65321,34.98041],[73.66249,34.98087],[73.67546,34.99384],[73.67996,35.00044],[73.68163,35.00493],[73.68046,35.01223],[73.68289,35.01707],[73.68644,35.01842],[73.6925,35.01665],[73.70444,35.01787],[73.70872,35.02616],[73.71364,35.02773],[73.71981,35.02752],[73.72693,35.02104],[73.73791,35.02031],[73.74586,35.01675],[73.76281,35.01497],[73.7672,35.01528],[73.77395,35.02017],[73.78017,35.02167],[73.79705,35.00802],[73.8066,35.00702],[73.81325,35.00257],[73.8173,35.00352],[73.83579,35.01889],[73.83786,35.02232],[73.83711,35.03017],[73.84431,35.03532],[73.84431,35.04177],[73.84001,35.05057],[73.84466,35.05638],[73.84356,35.07618],[73.84636,35.08628],[73.86341,35.10408],[73.88281,35.10603],[73.89326,35.11133],[73.89939,35.10764],[73.89986,35.10078],[73.90486,35.09833],[73.91101,35.09823],[73.92906,35.10438],[73.93771,35.10983],[73.93781,35.11323],[73.93401,35.11743],[73.93536,35.12329],[73.95026,35.13408],[73.95506,35.13603],[73.95656,35.14033],[73.95291,35.14378],[73.94911,35.15872],[73.95974,35.1819],[73.95526,35.18333],[73.94386,35.1911],[73.93027,35.20305],[73.91554,35.20943],[73.8911,35.21166],[73.86249,35.2075],[73.84972,35.20777],[73.83971,35.2111],[73.81387,35.2311],[73.80462,35.23613],[73.79387,35.23916],[73.7811,35.24055],[73.76999,35.23833],[73.75694,35.23277],[73.74109,35.22305],[73.73054,35.21971],[73.72665,35.22138],[73.7236,35.22499],[73.71249,35.26361],[73.69887,35.30193],[73.69775,35.31194],[73.69914,35.33277],[73.6972,35.36277],[73.69942,35.38388],[73.70526,35.40471],[73.70943,35.4136],[73.71499,35.42055],[73.72192,35.42749],[73.74887,35.43832],[73.76082,35.4461],[73.80304,35.50305],[73.80678,35.50411],[73.7884,35.51686],[73.78027,35.52249],[73.77331,35.52249],[73.76776,35.51999],[73.74165,35.52222],[73.72638,35.52972],[73.71388,35.53221],[73.70694,35.53138],[73.67304,35.53277],[73.66026,35.53444],[73.65444,35.53583],[73.64415,35.54138],[73.60793,35.54697],[73.57981,35.55361]]]},"properties":{"district":"Kohistan Upper","province":"Khyber Pakhtunkhwa","pcode":"PK516","pop_2023":422947,"area_km2":5484.7}},{"type":"Feature","geometry":{"type":"Polygon","coordinates":[[[73.62978,35.00079],[73.63254,35.00694],[73.63319,35.0193],[73.62668,35.02711],[73.60044,35.04185],[73.57485,35.05074],[73.54124,35.06983],[73.51392,35.09562],[73.50062,35.10391],[73.4946,35.10505],[73.48358,35.103],[73.46733,35.09437],[73.45472,35.09539],[73.45109,35.09426],[73.43575,35.08607],[73.41405,35.07051],[73.397,35.06585],[73.39132,35.06699],[73.38587,35.07892],[73.37553,35.08892],[73.37144,35.0896],[73.36121,35.08812],[73.3528,35.0938],[73.34019,35.08778],[73.33497,35.08778],[73.32429,35.0913],[73.30372,35.10607],[73.29781,35.10869],[73.24706,35.10624],[73.23101,35.10958],[73.21762,35.10262],[73.21297,35.10309],[73.20478,35.10726],[73.20246,35.11901],[73.20505,35.12461],[73.20601,35.13875],[73.2058,35.14032],[73.19569,35.14804],[73.19774,35.16709],[73.18866,35.17508],[73.17855,35.17823],[73.1709,35.1895],[73.17589,35.19639],[73.17747,35.2085],[73.18722,35.22822],[73.18339,35.23489],[73.17858,35.2386],[73.17634,35.23404],[73.17028,35.22882],[73.15766,35.2236],[73.14385,35.21131],[73.13392,35.20525],[73.1213,35.1896],[73.11473,35.18421],[73.10667,35.17169],[73.10231,35.15911],[73.09533,35.15074],[73.08951,35.14689],[73.06311,35.13518],[73.0533,35.12646],[73.04842,35.11729],[73.04304,35.11562],[73.03781,35.11591],[73.02072,35.11962],[73.01614,35.11707],[73.01316,35.10791],[73.0101,35.10522],[73.00683,35.10464],[72.99898,35.10668],[72.99259,35.09454],[72.99316,35.0893],[72.98341,35.07912],[72.9536,35.06377],[72.95258,35.06123],[72.956,35.04916],[72.94604,35.04072],[72.93302,35.03585],[72.92626,35.03534],[72.91484,35.03905],[72.90517,35.03948],[72.90146,35.03774],[72.89986,35.02974],[72.88779,35.02436],[72.88575,35.02072],[72.8867,35.01592],[72.90364,35.00371],[72.90946,34.98982],[72.90786,34.97346],[72.90586,34.97071],[72.90065,34.9638],[72.89952,34.95771],[72.88233,34.94723],[72.88095,34.94017],[72.88203,34.92968],[72.87855,34.92354],[72.87806,34.91853],[72.88984,34.91433],[72.90153,34.92403],[72.90638,34.92478],[72.91856,34.93224],[72.92192,34.93845],[72.94281,34.94044],[72.95823,34.94393],[72.97248,34.95067],[72.97949,34.95648],[72.99333,34.956],[73.01333,34.96075],[73.02472,34.96613],[73.03048,34.96494],[73.03582,34.96618],[73.03998,34.96539],[73.04979,34.96764],[73.06244,34.96185],[73.0653,34.95867],[73.08259,34.95524],[73.08471,34.94496],[73.08648,34.94348],[73.10413,34.93378],[73.11074,34.92791],[73.12159,34.92538],[73.12966,34.92579],[73.13715,34.9239],[73.14084,34.92726],[73.16083,34.92668],[73.16899,34.93093],[73.18024,34.92832],[73.19868,34.93998],[73.20186,34.939],[73.20449,34.93567],[73.21541,34.9386],[73.21802,34.93256],[73.21851,34.92107],[73.21962,34.91849],[73.22449,34.91674],[73.23442,34.91681],[73.24853,34.92473],[73.26468,34.9182],[73.27749,34.92407],[73.32978,34.92252],[73.339,34.92538],[73.37335,34.9266],[73.37914,34.9284],[73.38461,34.92579],[73.39864,34.92677],[73.40264,34.92587],[73.41667,34.91649],[73.42475,34.90833],[73.43813,34.90197],[73.45289,34.90099],[73.46489,34.90433],[73.47933,34.90352],[73.48422,34.90213],[73.48956,34.89613],[73.5054,34.91685],[73.52577,34.91926],[73.54044,34.92737],[73.55091,34.94182],[73.55415,34.95177],[73.55293,34.95853],[73.56036,34.96951],[73.56249,34.97976],[73.56403,34.98098],[73.56496,34.98165],[73.57092,34.97871],[73.57883,34.98075],[73.58149,34.983],[73.58417,34.99508],[73.58796,34.99722],[73.62978,35.00079]]]},"properties":{"district":"Kolai Palas Kohistan","province":"Khyber Pakhtunkhwa","pcode":"PK517","pop_2023":280162,"area_km2":1229.7}},{"type":"Feature","geometry":{"type":"Polygon","coordinates":[[[70.44438,33.95201],[70.42631,33.96038],[70.40372,33.96294],[70.32626,33.96322],[70.29794,33.97457],[70.29784,33.97286],[70.27912,33.98028],[70.23882,33.97314],[70.22378,33.98119],[70.19834,33.9853],[70.16917,33.99929],[70.1543,34.00831],[70.13646,34.01215],[70.11192,34.01086],[70.10017,34.00805],[70.07992,34.01518],[70.04618,34.03672],[70.01926,34.03978],[70.01196,34.0486],[70.00167,34.04895],[69.9871,34.04086],[69.96636,34.03834],[69.91348,34.03794],[69.89754,34.02774],[69.89667,34.00955],[69.90106,33.99331],[69.90066,33.98475],[69.89516,33.97742],[69.87668,33.96835],[69.86582,33.95586],[69.86121,33.93993],[69.86574,33.92691],[69.9039,33.89027],[69.91218,33.87498],[69.91631,33.8534],[69.92597,33.84022],[69.94594,33.82775],[69.95569,33.81671],[69.96307,33.78203],[69.9698,33.76262],[69.99185,33.74043],[70.00564,33.73353],[70.02604,33.73069],[70.03506,33.73146],[70.09212,33.71663],[70.11679,33.72221],[70.12447,33.72194],[70.13697,33.71507],[70.1501,33.69531],[70.15073,33.68242],[70.1472,33.66324],[70.14928,33.65351],[70.16934,33.64423],[70.18967,33.64029],[70.19702,33.6336],[70.17471,33.54737],[70.17358,33.52506],[70.18193,33.51297],[70.20056,33.50158],[70.21481,33.47963],[70.24009,33.47336],[70.25239,33.4386],[70.2585,33.43302],[70.28787,33.43195],[70.29781,33.42623],[70.30097,33.41325],[70.3154,33.39556],[70.31173,33.37426],[70.32659,33.34047],[70.32416,33.33289],[70.32973,33.33093],[70.33546,33.33165],[70.33726,33.34068],[70.34552,33.34122],[70.35109,33.34493],[70.36012,33.34386],[70.36858,33.3476],[70.37775,33.34957],[70.38168,33.35292],[70.39763,33.34757],[70.40388,33.34296],[70.41669,33.34236],[70.42233,33.34685],[70.43043,33.3486],[70.43286,33.35381],[70.44871,33.35242],[70.45552,33.34964],[70.45674,33.34664],[70.45563,33.34157],[70.46002,33.33947],[70.45891,33.33543],[70.46416,33.33301],[70.48047,33.33807],[70.48458,33.33782],[70.48779,33.33361],[70.49546,33.33354],[70.52823,33.34439],[70.53562,33.34539],[70.54089,33.34834],[70.54477,33.35182],[70.54487,33.35503],[70.54397,33.35825],[70.53812,33.36383],[70.53254,33.36631],[70.5234,33.3736],[70.51449,33.37632],[70.50917,33.38213],[70.50282,33.38412],[70.49987,33.38665],[70.49912,33.41418],[70.50383,33.41619],[70.51515,33.41458],[70.53957,33.42387],[70.55041,33.4245],[70.56869,33.41993],[70.59158,33.42722],[70.61608,33.45696],[70.61728,33.46415],[70.62411,33.47076],[70.62621,33.47541],[70.6283,33.47617],[70.63851,33.47588],[70.64231,33.47343],[70.66548,33.47449],[70.67707,33.47101],[70.68481,33.47543],[70.6983,33.48999],[70.70347,33.49145],[70.71111,33.491],[70.71989,33.48712],[70.74059,33.4828],[70.74248,33.49068],[70.73817,33.49951],[70.74013,33.50488],[70.7338,33.51174],[70.7317,33.52506],[70.73752,33.53717],[70.73659,33.54904],[70.74641,33.55634],[70.74839,33.56241],[70.75062,33.58455],[70.74315,33.58891],[70.73664,33.59002],[70.73353,33.59362],[70.74112,33.60387],[70.74072,33.61392],[70.74917,33.61792],[70.7536,33.6236],[70.751,33.63399],[70.7504,33.64598],[70.73807,33.64387],[70.72704,33.6445],[70.71508,33.65118],[70.70757,33.64713],[70.7014,33.64721],[70.69347,33.6509],[70.68621,33.65658],[70.67097,33.66069],[70.66286,33.66669],[70.65977,33.66657],[70.65777,33.66472],[70.65195,33.66551],[70.64518,33.66706],[70.64116,33.67085],[70.6317,33.67311],[70.62471,33.68173],[70.6192,33.68445],[70.61808,33.69307],[70.61991,33.70058],[70.61806,33.71451],[70.60558,33.71902],[70.59947,33.72473],[70.59458,33.72499],[70.58525,33.74001],[70.5871,33.74344],[70.59527,33.75006],[70.59798,33.7552],[70.59698,33.75816],[70.60004,33.76697],[70.60863,33.7737],[70.60881,33.77546],[70.58818,33.77727],[70.5777,33.78544],[70.5761,33.78886],[70.58175,33.7966],[70.58304,33.80514],[70.57173,33.81228],[70.57022,33.84246],[70.56071,33.84297],[70.54164,33.83343],[70.52496,33.8416],[70.52385,33.84594],[70.52656,33.85139],[70.52567,33.85291],[70.51108,33.85319],[70.49972,33.84948],[70.49568,33.85331],[70.49895,33.85796],[70.50051,33.86741],[70.49906,33.88443],[70.47644,33.89562],[70.46716,33.89413],[70.4663,33.89979],[70.44746,33.90167],[70.44432,33.91618],[70.44095,33.92022],[70.44732,33.92557],[70.44423,33.93331],[70.44295,33.94353],[70.44438,33.95201]]]},"properties":{"district":"Kurram","province":"Khyber Pakhtunkhwa","pcode":"PK518","pop_2023":785434,"area_km2":3398.4}},{"type":"Feature","geometry":{"type":"Polygon","coordinates":[[[70.95488,32.87117],[70.946,32.86683],[70.92319,32.86186],[70.91578,32.85767],[70.89921,32.85552],[70.89443,32.85231],[70.88857,32.84462],[70.88084,32.86678],[70.87414,32.87846],[70.86808,32.87691],[70.8672,32.87538],[70.85526,32.87398],[70.84134,32.86333],[70.83083,32.84924],[70.8236,32.85432],[70.79458,32.86748],[70.78896,32.87363],[70.7765,32.86634],[70.77936,32.86149],[70.7827,32.86032],[70.78493,32.86139],[70.78685,32.85759],[70.79484,32.85069],[70.79305,32.85021],[70.78777,32.8528],[70.78362,32.85843],[70.77561,32.85612],[70.77553,32.8545],[70.76572,32.84513],[70.78258,32.82755],[70.78531,32.82699],[70.79272,32.81896],[70.79297,32.81674],[70.78025,32.8118],[70.75357,32.80883],[70.73528,32.79833],[70.7306,32.79294],[70.71855,32.80014],[70.71478,32.79952],[70.71314,32.80155],[70.71405,32.80462],[70.70237,32.80955],[70.6991,32.82954],[70.6995,32.83687],[70.69358,32.83452],[70.68535,32.84247],[70.67509,32.84288],[70.67518,32.84025],[70.67254,32.83689],[70.66343,32.82806],[70.6525,32.82849],[70.64866,32.83181],[70.64005,32.82975],[70.63448,32.83094],[70.62908,32.82265],[70.62516,32.82142],[70.62107,32.82369],[70.62004,32.81797],[70.61102,32.81537],[70.6066,32.81751],[70.60647,32.81928],[70.61241,32.82214],[70.61611,32.82924],[70.6116,32.83042],[70.60021,32.82827],[70.58084,32.83981],[70.56251,32.84431],[70.56118,32.8111],[70.557,32.81027],[70.55545,32.8117],[70.54757,32.81218],[70.53981,32.81003],[70.53551,32.80645],[70.53468,32.79307],[70.52931,32.77505],[70.53086,32.76896],[70.52476,32.76295],[70.51801,32.76066],[70.51179,32.76796],[70.49856,32.77314],[70.49221,32.76304],[70.48496,32.76107],[70.47235,32.75222],[70.44562,32.74479],[70.39153,32.72556],[70.37256,32.7076],[70.35581,32.70847],[70.3461,32.70552],[70.33618,32.69938],[70.33078,32.69205],[70.31834,32.68425],[70.31491,32.67145],[70.3106,32.66712],[70.30703,32.65888],[70.28391,32.63926],[70.30199,32.61668],[70.30635,32.61359],[70.31594,32.59025],[70.31958,32.58503],[70.32488,32.58216],[70.3369,32.58085],[70.34416,32.58151],[70.35498,32.57742],[70.35822,32.57459],[70.36579,32.57666],[70.37058,32.57535],[70.37483,32.58004],[70.38708,32.58047],[70.38983,32.58246],[70.39698,32.57935],[70.40431,32.58094],[70.41226,32.5803],[70.42125,32.58337],[70.42744,32.58815],[70.43791,32.58575],[70.44371,32.5956],[70.45451,32.59498],[70.45851,32.59217],[70.47179,32.59555],[70.48164,32.60049],[70.48317,32.60388],[70.48478,32.60217],[70.49535,32.59929],[70.49954,32.60072],[70.49995,32.6022],[70.53623,32.57877],[70.54585,32.57682],[70.54882,32.57452],[70.54807,32.56139],[70.56935,32.5328],[70.58216,32.52304],[70.59451,32.50502],[70.59644,32.50449],[70.6046,32.47512],[70.61569,32.46454],[70.59741,32.43504],[70.61591,32.42373],[70.62606,32.41517],[70.62752,32.40963],[70.6413,32.40565],[70.65088,32.397],[70.65467,32.39548],[70.657,32.39178],[70.67446,32.38859],[70.68176,32.39655],[70.70663,32.37614],[70.70734,32.37365],[70.70465,32.37175],[70.70537,32.36776],[70.69875,32.36408],[70.69851,32.36162],[70.71093,32.35262],[70.71151,32.34964],[70.707,32.34469],[70.69929,32.33993],[70.69706,32.33895],[70.69257,32.34116],[70.68511,32.33476],[70.68357,32.33011],[70.67511,32.32656],[70.66918,32.32217],[70.67125,32.31085],[70.67035,32.30197],[70.66967,32.29993],[70.66258,32.29707],[70.66064,32.29139],[70.66338,32.28795],[70.66248,32.27725],[70.66587,32.27496],[70.67291,32.27452],[70.67569,32.2707],[70.68182,32.27019],[70.6943,32.26495],[70.70503,32.26271],[70.71944,32.27437],[70.74272,32.27972],[70.75298,32.28505],[70.75534,32.28833],[70.76088,32.29131],[70.76385,32.29625],[70.7656,32.29632],[70.76738,32.30156],[70.77769,32.30466],[70.78355,32.30232],[70.79716,32.30112],[70.80246,32.2988],[70.81662,32.29883],[70.82758,32.30642],[70.83394,32.30726],[70.83308,32.31231],[70.83796,32.31284],[70.83823,32.31634],[70.84383,32.31823],[70.84593,32.32309],[70.84893,32.32499],[70.8563,32.32459],[70.86219,32.32738],[70.8736,32.32935],[70.8762,32.3333],[70.8817,32.33395],[70.88462,32.3368],[70.89217,32.33785],[70.89519,32.34113],[70.9073,32.3418],[70.91335,32.34437],[70.9197,32.34306],[70.92039,32.34571],[70.92756,32.34787],[70.93408,32.34802],[70.93708,32.35116],[70.94246,32.35195],[70.94616,32.35537],[70.95504,32.355],[70.95798,32.35675],[70.96118,32.35656],[70.96768,32.36096],[70.97257,32.36695],[70.98102,32.36786],[70.98584,32.37401],[70.99256,32.373],[70.99977,32.3776],[71.00812,32.37483],[71.01229,32.37742],[71.01771,32.37792],[71.02542,32.384],[71.03211,32.38344],[71.03586,32.38465],[71.04025,32.38357],[71.04246,32.38884],[71.04745,32.38824],[71.05232,32.39175],[71.05763,32.39072],[71.06349,32.3972],[71.07057,32.39835],[71.07111,32.40176],[71.07433,32.40111],[71.08253,32.40458],[71.09175,32.41557],[71.09672,32.4169],[71.097,32.42099],[71.10033,32.42675],[71.10489,32.42859],[71.111,32.42882],[71.11897,32.43326],[71.11887,32.43636],[71.12455,32.43918],[71.13207,32.45297],[71.13487,32.45408],[71.14177,32.46137],[71.14817,32.46176],[71.15181,32.45966],[71.15221,32.45782],[71.17448,32.44494],[71.17904,32.44601],[71.19165,32.46506],[71.20329,32.47732],[71.20652,32.48432],[71.21532,32.49375],[71.22245,32.49891],[71.23196,32.51204],[71.24693,32.53665],[71.2489,32.54451],[71.17867,32.59169],[71.17477,32.59162],[71.16866,32.59489],[71.16274,32.60114],[71.16476,32.60698],[71.16895,32.60901],[71.1676,32.6188],[71.15784,32.63306],[71.15506,32.64794],[71.15771,32.65186],[71.14973,32.65154],[71.14783,32.65449],[71.14816,32.65929],[71.15724,32.67511],[71.14967,32.67361],[71.14095,32.67973],[71.13402,32.69484],[71.13792,32.7076],[71.13955,32.70749],[71.14262,32.71069],[71.14397,32.72242],[71.13956,32.73236],[71.13261,32.73803],[71.12167,32.75221],[71.1247,32.75807],[71.1207,32.77074],[71.12112,32.77505],[71.11546,32.78249],[71.11372,32.78992],[71.10896,32.79427],[71.10851,32.80559],[71.1056,32.80953],[71.11029,32.81003],[71.10963,32.81114],[71.10383,32.811],[71.03886,32.80596],[71.02916,32.81754],[71.00003,32.81362],[70.99537,32.81511],[70.98697,32.82276],[70.9767,32.8362],[70.96904,32.8418],[70.96568,32.84629],[70.95488,32.87117]]]},"properties":{"district":"Lakki Marwat","province":"Khyber Pakhtunkhwa","pcode":"PK519","pop_2023":1040856,"area_km2":3339.8}},{"type":"Feature","geometry":{"type":"Polygon","coordinates":[[[72.12792,34.86685],[72.1198,34.86429],[72.11461,34.85864],[72.1097,34.85728],[72.10388,34.85056],[72.09385,34.84641],[72.09086,34.84019],[72.07621,34.83707],[72.06918,34.8335],[72.06053,34.83684],[72.03071,34.83999],[72.02204,34.84709],[72.01531,34.84866],[72.00987,34.8566],[71.99633,34.86369],[71.97688,34.881],[71.96888,34.88568],[71.96521,34.90145],[71.95324,34.91027],[71.94944,34.91786],[71.91756,34.9255],[71.91685,34.94079],[71.92414,34.95543],[71.92865,34.97863],[71.92752,34.98544],[71.92505,34.98808],[71.91287,34.99175],[71.9067,34.99636],[71.90187,35.00758],[71.89959,35.01955],[71.89155,35.02932],[71.86019,35.056],[71.8371,35.06833],[71.82115,35.06895],[71.81068,35.06178],[71.795,35.0556],[71.77731,35.0555],[71.76567,35.05004],[71.75,35.05028],[71.73725,35.04381],[71.73179,35.03921],[71.72568,35.02737],[71.71936,35.02648],[71.70403,35.02588],[71.67583,35.03253],[71.63632,35.02617],[71.6324,35.02722],[71.63287,35.03072],[71.63112,35.03294],[71.6212,35.03813],[71.59832,35.03016],[71.56738,35.02696],[71.55459,35.02954],[71.55603,35.02806],[71.5521,35.01913],[71.51761,35.00417],[71.51013,34.9926],[71.51032,34.98502],[71.5291,34.96658],[71.5477,34.95419],[71.55611,34.94622],[71.56541,34.92719],[71.57693,34.91701],[71.58624,34.9055],[71.59547,34.8876],[71.59608,34.88265],[71.60159,34.87332],[71.60408,34.86334],[71.60962,34.85201],[71.6117,34.82835],[71.61505,34.82048],[71.62815,34.81275],[71.63822,34.81628],[71.68797,34.81134],[71.69729,34.8076],[71.70055,34.80101],[71.70741,34.79797],[71.73199,34.79945],[71.73792,34.79377],[71.76246,34.7868],[71.76941,34.77583],[71.78093,34.76609],[71.78472,34.7665],[71.79295,34.7706],[71.79416,34.76271],[71.80373,34.76204],[71.80537,34.75924],[71.79632,34.7522],[71.78903,34.75317],[71.78428,34.75768],[71.78184,34.7577],[71.78013,34.74647],[71.77575,34.74527],[71.77058,34.73487],[71.76522,34.73908],[71.75685,34.73474],[71.75778,34.72384],[71.75568,34.72107],[71.75647,34.71813],[71.76238,34.71772],[71.7635,34.71399],[71.76704,34.71234],[71.76256,34.70627],[71.76322,34.70049],[71.76904,34.69544],[71.76339,34.68206],[71.76779,34.67679],[71.76729,34.67119],[71.76299,34.66908],[71.76345,34.66568],[71.76009,34.65601],[71.77576,34.64852],[71.78244,34.64214],[71.82034,34.62499],[71.83093,34.614],[71.8346,34.61342],[71.85021,34.61895],[71.86702,34.62247],[71.88577,34.62447],[71.89332,34.62405],[71.92117,34.61665],[71.95497,34.62034],[72.01112,34.62152],[72.01064,34.64114],[72.0177,34.64427],[72.02674,34.64471],[72.03597,34.65045],[72.04197,34.65091],[72.04741,34.65488],[72.06264,34.6606],[72.07298,34.65991],[72.08967,34.66418],[72.09257,34.66618],[72.09315,34.66953],[72.08992,34.67544],[72.09413,34.68161],[72.10199,34.68582],[72.11069,34.69649],[72.10816,34.708],[72.11322,34.71417],[72.11743,34.72343],[72.11714,34.73971],[72.12332,34.74841],[72.13174,34.75515],[72.13932,34.76385],[72.15057,34.77021],[72.16264,34.77194],[72.16715,34.77628],[72.1771,34.78068],[72.18698,34.78862],[72.19296,34.80139],[72.18296,34.8094],[72.18086,34.81823],[72.17445,34.82573],[72.17203,34.83142],[72.1569,34.83597],[72.14732,34.84566],[72.14822,34.85427],[72.14124,34.86117],[72.13363,34.8621],[72.12792,34.86685]]]},"properties":{"district":"Lower Dir","province":"Khyber Pakhtunkhwa","pcode":"PK520","pop_2023":1650183,"area_km2":1604.7}},{"type":"Feature","geometry":{"type":"Polygon","coordinates":[[[72.21658,34.56789],[72.20863,34.56785],[72.17775,34.57511],[72.1712,34.57198],[72.15267,34.57285],[72.13614,34.58299],[72.13251,34.58838],[72.13364,34.59764],[72.13226,34.60227],[72.12037,34.61322],[72.11541,34.62185],[72.11848,34.63481],[72.12427,34.6414],[72.1275,34.65056],[72.12753,34.65551],[72.13511,34.66421],[72.12659,34.66495],[72.125,34.66337],[72.11939,34.66337],[72.11181,34.66112],[72.10451,34.65411],[72.10283,34.65411],[72.09315,34.66953],[72.09257,34.66618],[72.08967,34.66418],[72.07298,34.65991],[72.06264,34.6606],[72.04741,34.65488],[72.04197,34.65091],[72.03597,34.65045],[72.02674,34.64471],[72.0177,34.64427],[72.01064,34.64114],[72.01112,34.62152],[71.95497,34.62034],[71.92117,34.61665],[71.89332,34.62405],[71.88577,34.62447],[71.86702,34.62247],[71.85021,34.61895],[71.8346,34.61342],[71.83093,34.614],[71.82034,34.62499],[71.78244,34.64214],[71.77576,34.64852],[71.76009,34.65601],[71.75733,34.65115],[71.75185,34.65118],[71.74767,34.6457],[71.73689,34.64579],[71.72631,34.64894],[71.72375,34.64662],[71.72395,34.64021],[71.72165,34.63959],[71.7146,34.64201],[71.71258,34.64104],[71.71298,34.63108],[71.7076,34.63012],[71.70633,34.62602],[71.70351,34.62463],[71.69315,34.62463],[71.68623,34.61954],[71.67889,34.61891],[71.67979,34.60001],[71.66688,34.57996],[71.66686,34.57098],[71.67052,34.56126],[71.66858,34.5598],[71.65905,34.55824],[71.65826,34.55591],[71.66071,34.54806],[71.65198,34.54123],[71.63909,34.54],[71.6418,34.53634],[71.65455,34.52481],[71.65776,34.5189],[71.65518,34.51238],[71.65679,34.50089],[71.65917,34.498],[71.65776,34.49257],[71.66196,34.4867],[71.66282,34.48075],[71.66037,34.46796],[71.66513,34.46244],[71.66841,34.46051],[71.67296,34.46038],[71.67407,34.4585],[71.67673,34.46177],[71.68216,34.46354],[71.69054,34.46082],[71.696,34.45705],[71.70071,34.44999],[71.7062,34.44665],[71.71489,34.44888],[71.72542,34.44783],[71.73994,34.45719],[71.7546,34.45627],[71.75852,34.45041],[71.7588,34.43928],[71.76591,34.42926],[71.76387,34.42314],[71.76725,34.41906],[71.76871,34.41344],[71.77808,34.40807],[71.7951,34.407],[71.79896,34.4055],[71.81113,34.3928],[71.81212,34.38371],[71.81421,34.38055],[71.83238,34.36437],[71.83101,34.3745],[71.84164,34.37813],[71.85058,34.38487],[71.86564,34.38965],[71.88982,34.39085],[71.89107,34.39288],[71.89044,34.40027],[71.89505,34.40481],[71.89205,34.40941],[71.90152,34.41822],[71.91443,34.42102],[71.91567,34.43019],[71.92009,34.43191],[71.93213,34.43147],[71.93774,34.43789],[71.95331,34.4393],[71.96445,34.45737],[71.96582,34.46678],[71.96029,34.48056],[71.95655,34.48501],[71.95749,34.4886],[71.97785,34.50055],[71.97839,34.50577],[71.99058,34.51719],[71.99523,34.51949],[71.99759,34.52575],[72.00045,34.52768],[72.0065,34.52917],[72.01391,34.5275],[72.01816,34.52944],[72.03055,34.51999],[72.04001,34.51966],[72.0463,34.50988],[72.05168,34.50719],[72.05975,34.49836],[72.06897,34.49663],[72.07339,34.49759],[72.07589,34.49202],[72.07589,34.48549],[72.07973,34.47934],[72.07992,34.46918],[72.08242,34.46973],[72.08395,34.47569],[72.08146,34.48068],[72.08299,34.48433],[72.07858,34.48721],[72.09029,34.49298],[72.09276,34.49847],[72.09624,34.4998],[72.09913,34.50834],[72.11079,34.51463],[72.11315,34.52237],[72.11661,34.52256],[72.13198,34.53159],[72.146,34.52986],[72.15341,34.52602],[72.17408,34.52799],[72.18221,34.51766],[72.19145,34.5175],[72.20285,34.51319],[72.21198,34.51785],[72.21965,34.51886],[72.2295,34.52465],[72.23317,34.52853],[72.23317,34.53254],[72.23567,34.53542],[72.2353,34.53742],[72.23054,34.54018],[72.22691,34.54882],[72.22027,34.5562],[72.21658,34.56789]]]},"properties":{"district":"Malakand","province":"Khyber Pakhtunkhwa","pcode":"PK521","pop_2023":826250,"area_km2":905.7}},{"type":"Feature","geometry":{"type":"Polygon","coordinates":[[[74.11591,35.12306],[74.12743,35.12475],[74.09499,35.14527],[74.08028,35.1511],[74.07443,35.15082],[74.04999,35.14194],[74.04498,35.14138],[74.03167,35.14332],[74.02777,35.14555],[74.01971,35.15582],[74.01832,35.16027],[74.00821,35.1695],[73.9947,35.17639],[73.96748,35.17944],[73.95974,35.1819],[73.94911,35.15872],[73.95291,35.14378],[73.95656,35.14033],[73.95506,35.13603],[73.95026,35.13408],[73.93536,35.12329],[73.93401,35.11743],[73.93781,35.11323],[73.93771,35.10983],[73.92906,35.10438],[73.91101,35.09823],[73.90486,35.09833],[73.89986,35.10078],[73.89939,35.10764],[73.89326,35.11133],[73.88281,35.10603],[73.86341,35.10408],[73.84636,35.08628],[73.84356,35.07618],[73.84466,35.05638],[73.84001,35.05057],[73.84431,35.04177],[73.84431,35.03532],[73.83711,35.03017],[73.83786,35.02232],[73.83579,35.01889],[73.8173,35.00352],[73.81325,35.00257],[73.8066,35.00702],[73.79705,35.00802],[73.78017,35.02167],[73.77395,35.02017],[73.7672,35.01528],[73.76281,35.01497],[73.74586,35.01675],[73.73791,35.02031],[73.72693,35.02104],[73.71981,35.02752],[73.71364,35.02773],[73.70872,35.02616],[73.70444,35.01787],[73.6925,35.01665],[73.68644,35.01842],[73.68289,35.01707],[73.68046,35.01223],[73.68163,35.00493],[73.67996,35.00044],[73.67546,34.99384],[73.66249,34.98087],[73.65321,34.98041],[73.64667,34.98501],[73.63899,34.9862],[73.62978,35.00079],[73.58796,34.99722],[73.58417,34.99508],[73.58149,34.983],[73.57883,34.98075],[73.57092,34.97871],[73.56496,34.98165],[73.56403,34.98098],[73.56249,34.97976],[73.56036,34.96951],[73.55293,34.95853],[73.55415,34.95177],[73.55091,34.94182],[73.54044,34.92737],[73.52577,34.91926],[73.5054,34.91685],[73.48956,34.89613],[73.49058,34.88989],[73.49437,34.88464],[73.49344,34.87602],[73.49719,34.86901],[73.49344,34.86582],[73.47933,34.86109],[73.4613,34.8469],[73.45356,34.83511],[73.44114,34.8274],[73.44212,34.82201],[73.43878,34.81818],[73.44025,34.81484],[73.43911,34.80284],[73.43503,34.80105],[73.42858,34.80284],[73.4232,34.8004],[73.40631,34.7995],[73.39921,34.80268],[73.39423,34.79542],[73.38787,34.79265],[73.38551,34.78987],[73.38877,34.78612],[73.39391,34.78359],[73.39489,34.776],[73.38657,34.76956],[73.3758,34.76621],[73.37376,34.75903],[73.36658,34.75765],[73.36152,34.75014],[73.35956,34.73154],[73.36454,34.72151],[73.3638,34.7162],[73.36617,34.71172],[73.36283,34.70086],[73.35475,34.69116],[73.35238,34.68406],[73.34888,34.68031],[73.34446,34.67078],[73.33003,34.66211],[73.32791,34.65909],[73.32052,34.65566],[73.31148,34.6646],[73.30483,34.67341],[73.29852,34.68847],[73.28454,34.70363],[73.2826,34.70781],[73.27905,34.71017],[73.2587,34.70911],[73.25163,34.71138],[73.24375,34.71746],[73.22765,34.73875],[73.22461,34.73992],[73.21994,34.73925],[73.212,34.7312],[73.20519,34.71857],[73.20153,34.71905],[73.19491,34.71064],[73.19495,34.69342],[73.19298,34.69201],[73.18716,34.69222],[73.17544,34.68623],[73.15827,34.67325],[73.15172,34.66926],[73.14631,34.66829],[73.14716,34.66499],[73.14534,34.66322],[73.13591,34.66277],[73.13502,34.65986],[73.13069,34.65826],[73.13252,34.65416],[73.13548,34.65222],[73.1336,34.64937],[73.12084,34.64675],[73.11878,34.6443],[73.11058,34.64368],[73.10779,34.63821],[73.10511,34.62328],[73.10722,34.61764],[73.10443,34.61223],[73.10198,34.59673],[73.09947,34.59416],[73.10237,34.58672],[73.09579,34.58335],[73.09243,34.57827],[73.08876,34.56691],[73.08108,34.56504],[73.07201,34.55792],[73.06137,34.55691],[73.05487,34.55777],[73.05056,34.55638],[73.04533,34.56168],[73.03695,34.56004],[73.03469,34.56259],[73.02604,34.57736],[73.02373,34.58859],[73.01262,34.58586],[72.99994,34.58946],[72.99792,34.58417],[72.98946,34.57514],[72.97561,34.57709],[72.96583,34.5803],[72.95567,34.571],[72.93909,34.56499],[72.93748,34.55306],[72.94139,34.54457],[72.93545,34.53625],[72.92412,34.52837],[72.92342,34.52355],[72.9137,34.519],[72.89246,34.50067],[72.89626,34.49636],[72.89487,34.49006],[72.8976,34.48401],[72.89566,34.48095],[72.8858,34.47551],[72.88671,34.46584],[72.87932,34.4602],[72.87364,34.45906],[72.86816,34.4485],[72.86119,34.44807],[72.84663,34.4536],[72.83575,34.44214],[72.83315,34.43711],[72.83284,34.43172],[72.82636,34.43171],[72.82355,34.42895],[72.81682,34.42658],[72.82085,34.41854],[72.82327,34.39805],[72.8205,34.36662],[72.82604,34.35975],[72.84574,34.34224],[72.8554,34.32983],[72.8559,34.31464],[72.85155,34.30286],[72.85298,34.29634],[72.85567,34.29295],[72.86597,34.28966],[72.8766,34.28979],[72.88501,34.2865],[72.88782,34.28209],[72.8857,34.27323],[72.89542,34.26928],[72.89934,34.26466],[72.90098,34.25836],[72.90501,34.25519],[72.91085,34.2533],[72.91269,34.24892],[72.93595,34.24169],[72.9659,34.22985],[72.97281,34.22967],[72.98187,34.21825],[72.98994,34.21215],[72.99008,34.21041],[72.99205,34.21037],[72.99322,34.21213],[72.99205,34.21469],[72.99297,34.21993],[72.99683,34.22035],[73.00349,34.2247],[73.00929,34.23135],[73.0048,34.23697],[73.00443,34.2407],[73.00992,34.24091],[73.01156,34.24956],[73.01544,34.25053],[73.01756,34.25564],[73.02306,34.25795],[73.02742,34.26416],[73.03355,34.26433],[73.03527,34.26693],[73.04937,34.2658],[73.04996,34.26355],[73.04672,34.26064],[73.04978,34.25738],[73.04907,34.25111],[73.05525,34.25037],[73.06103,34.25237],[73.06506,34.25065],[73.06447,34.24364],[73.07513,34.23176],[73.07417,34.22613],[73.07788,34.22608],[73.08342,34.23139],[73.08432,34.23567],[73.08694,34.23205],[73.09115,34.23109],[73.09739,34.23206],[73.09739,34.23515],[73.10573,34.2353],[73.10881,34.2368],[73.11324,34.23567],[73.11429,34.23808],[73.11775,34.23875],[73.12015,34.24273],[73.12474,34.24093],[73.12692,34.24168],[73.1358,34.24981],[73.13976,34.25115],[73.15209,34.24055],[73.15441,34.24194],[73.15868,34.24064],[73.16001,34.23724],[73.17488,34.23647],[73.17523,34.24183],[73.17846,34.24356],[73.18282,34.2368],[73.18034,34.22996],[73.18146,34.22771],[73.18777,34.22478],[73.19514,34.23349],[73.19844,34.24867],[73.20581,34.25866],[73.20663,34.26122],[73.2046,34.26602],[73.2074,34.27515],[73.21007,34.2771],[73.21201,34.28511],[73.22148,34.28329],[73.22549,34.2862],[73.22986,34.28632],[73.23403,34.28366],[73.23556,34.2779],[73.2421,34.27557],[73.24517,34.27247],[73.25374,34.27001],[73.25584,34.27348],[73.25584,34.27892],[73.26142,34.28134],[73.26458,34.28559],[73.27356,34.28911],[73.27368,34.29446],[73.27526,34.2964],[73.27296,34.30526],[73.27915,34.30271],[73.28528,34.30232],[73.29058,34.30493],[73.29629,34.30417],[73.30404,34.31091],[73.30487,34.31375],[73.31664,34.31448],[73.31709,34.31955],[73.32335,34.3191],[73.3276,34.32075],[73.32726,34.32368],[73.3303,34.32803],[73.33524,34.33336],[73.34152,34.33583],[73.34641,34.34126],[73.34343,34.34461],[73.34006,34.34485],[73.34697,34.34874],[73.35072,34.35409],[73.3513,34.36644],[73.35791,34.36531],[73.36054,34.36894],[73.36875,34.37055],[73.37097,34.36894],[73.38802,34.36662],[73.39816,34.37406],[73.39972,34.39888],[73.40694,34.42444],[73.4247,34.45972],[73.4322,34.47916],[73.44136,34.55],[73.44275,34.55499],[73.44832,34.56305],[73.45555,34.56833],[73.46471,34.57194],[73.5194,34.57251],[73.54526,34.57888],[73.55971,34.58443],[73.58166,34.58777],[73.59248,34.58472],[73.60081,34.57972],[73.61443,34.56806],[73.62498,34.56388],[73.63721,34.56499],[73.64451,34.57099],[73.64999,34.57749],[73.65444,34.58694],[73.67249,34.63499],[73.67442,34.64583],[73.67415,34.6611],[73.67137,34.66888],[73.6611,34.68416],[73.6636,34.69444],[73.67276,34.70332],[73.69803,34.71776],[73.7036,34.72471],[73.71113,34.73629],[73.72053,34.76721],[73.72638,34.77527],[73.7397,34.78722],[73.76027,34.79944],[73.77054,34.80166],[73.78831,34.80193],[73.79942,34.8036],[73.81248,34.81027],[73.82193,34.81972],[73.83388,34.82694],[73.84554,34.82861],[73.86638,34.82555],[73.88611,34.82444],[73.89833,34.82472],[73.90776,34.82666],[73.92387,34.83694],[73.93719,34.84944],[73.97554,34.86194],[73.98638,34.87054],[73.99859,34.89138],[74.00444,34.90527],[74.01027,34.91332],[74.03387,34.93443],[74.05165,34.95555],[74.05525,34.97166],[74.05415,34.98638],[74.05582,34.9961],[74.06331,35.00222],[74.07582,35.00889],[74.08276,35.015],[74.08954,35.02407],[74.08735,35.02494],[74.08443,35.03361],[74.07721,35.04416],[74.0622,35.06055],[74.06026,35.07472],[74.06581,35.08999],[74.08221,35.10555],[74.09332,35.11305],[74.11591,35.12306]]]},"properties":{"district":"Mansehra","province":"Khyber Pakhtunkhwa","pcode":"PK522","pop_2023":1797177,"area_km2":4032}},{"type":"Feature","geometry":{"type":"Polygon","coordinates":[[[72.20285,34.51319],[72.19145,34.5175],[72.18221,34.51766],[72.17408,34.52799],[72.15341,34.52602],[72.146,34.52986],[72.13198,34.53159],[72.11661,34.52256],[72.11315,34.52237],[72.11079,34.51463],[72.09913,34.50834],[72.09624,34.4998],[72.09276,34.49847],[72.09029,34.49298],[72.07858,34.48721],[72.08299,34.48433],[72.08146,34.48068],[72.08395,34.47569],[72.08242,34.46973],[72.07992,34.46918],[72.07973,34.47934],[72.07589,34.48549],[72.07589,34.49202],[72.07339,34.49759],[72.06897,34.49663],[72.05975,34.49836],[72.05168,34.50719],[72.0463,34.50988],[72.04001,34.51966],[72.03055,34.51999],[72.01816,34.52944],[72.01391,34.5275],[72.0065,34.52917],[72.00045,34.52768],[71.99759,34.52575],[71.99523,34.51949],[71.99058,34.51719],[71.97839,34.50577],[71.97785,34.50055],[71.95749,34.4886],[71.95655,34.48501],[71.96029,34.48056],[71.96582,34.46678],[71.96445,34.45737],[71.95331,34.4393],[71.93774,34.43789],[71.93213,34.43147],[71.92009,34.43191],[71.91567,34.43019],[71.91443,34.42102],[71.90152,34.41822],[71.89205,34.40941],[71.89505,34.40481],[71.89044,34.40027],[71.89107,34.39288],[71.88982,34.39085],[71.86564,34.38965],[71.85058,34.38487],[71.84164,34.37813],[71.83101,34.3745],[71.83238,34.36437],[71.835,34.35489],[71.8422,34.34599],[71.84077,34.34487],[71.83364,34.34623],[71.83075,34.34504],[71.82532,34.33468],[71.82124,34.31804],[71.82294,34.29273],[71.83212,34.28388],[71.83396,34.27577],[71.84181,34.26435],[71.88219,34.25662],[71.87889,34.23994],[71.89206,34.23957],[71.91458,34.17736],[71.92778,34.15535],[71.93044,34.14941],[71.93031,34.14524],[71.93669,34.14162],[71.94367,34.14077],[71.97646,34.13269],[71.98917,34.13694],[72.01978,34.13099],[72.02144,34.12448],[72.02531,34.12245],[72.02702,34.11915],[72.02791,34.11526],[72.02628,34.115],[72.02486,34.10762],[72.0268,34.10614],[72.02812,34.10103],[72.03096,34.09921],[72.04224,34.09839],[72.03554,34.08675],[72.03607,34.07917],[72.04526,34.07872],[72.04795,34.08048],[72.05867,34.0757],[72.06688,34.07638],[72.08802,34.08335],[72.09915,34.08391],[72.12298,34.07941],[72.12871,34.07615],[72.14614,34.07559],[72.14816,34.07683],[72.15153,34.09156],[72.16603,34.09347],[72.17064,34.08818],[72.1739,34.08728],[72.17323,34.09549],[72.17821,34.09486],[72.18006,34.09226],[72.19597,34.09023],[72.19991,34.09094],[72.20418,34.09585],[72.20333,34.10577],[72.20583,34.12194],[72.20188,34.14214],[72.20391,34.15691],[72.20287,34.1611],[72.20746,34.17438],[72.21201,34.17588],[72.20556,34.20557],[72.2078,34.20811],[72.21985,34.21297],[72.21919,34.21673],[72.22204,34.2321],[72.22854,34.24228],[72.23411,34.2476],[72.2431,34.25221],[72.26334,34.25612],[72.26927,34.25873],[72.27807,34.25663],[72.3024,34.25442],[72.31962,34.24859],[72.32211,34.24552],[72.32687,34.24705],[72.33287,34.25189],[72.33222,34.2588],[72.32233,34.26809],[72.31932,34.26824],[72.31631,34.27311],[72.31899,34.27529],[72.31682,34.28008],[72.31887,34.28355],[72.32461,34.28643],[72.32895,34.29327],[72.33791,34.30181],[72.33861,34.31232],[72.33275,34.32291],[72.33618,34.32777],[72.3446,34.32795],[72.34797,34.33621],[72.35215,34.34019],[72.37854,34.34027],[72.38554,34.3483],[72.38696,34.3526],[72.40366,34.36129],[72.40805,34.36896],[72.41639,34.3707],[72.43185,34.38057],[72.42755,34.38593],[72.4293,34.39209],[72.42337,34.40686],[72.41688,34.40969],[72.40673,34.40868],[72.39601,34.40969],[72.39034,34.41314],[72.38771,34.41678],[72.37717,34.42307],[72.3717,34.43401],[72.36319,34.43624],[72.35812,34.43543],[72.35437,34.43705],[72.34556,34.43583],[72.33401,34.44049],[72.32374,34.44079],[72.31308,34.4382],[72.30497,34.43934],[72.29122,34.43569],[72.28546,34.43561],[72.27922,34.43216],[72.27623,34.42822],[72.26116,34.4341],[72.25708,34.43896],[72.25242,34.44049],[72.25022,34.44293],[72.23794,34.44518],[72.22356,34.45434],[72.22116,34.46228],[72.22431,34.49246],[72.20225,34.5031],[72.20365,34.50749],[72.20285,34.51319]]]},"properties":{"district":"Mardan","province":"Khyber Pakhtunkhwa","pcode":"PK523","pop_2023":2744898,"area_km2":1636.4}},{"type":"Feature","geometry":{"type":"Polygon","coordinates":[[[71.6418,34.53634],[71.62713,34.53596],[71.62706,34.52422],[71.62545,34.5203],[71.62142,34.5169],[71.61342,34.51616],[71.61025,34.5199],[71.60793,34.52033],[71.60168,34.51637],[71.58951,34.51309],[71.58229,34.50732],[71.57916,34.51401],[71.57109,34.52258],[71.56699,34.52411],[71.56288,34.529],[71.55207,34.53607],[71.54332,34.54428],[71.54322,34.57326],[71.53626,34.58033],[71.53276,34.59179],[71.53433,34.60556],[71.53208,34.62241],[71.52808,34.62734],[71.53094,34.62962],[71.53786,34.63083],[71.55314,34.64857],[71.56085,34.65343],[71.55524,34.66367],[71.554,34.66938],[71.5495,34.67348],[71.53683,34.67716],[71.52287,34.67791],[71.51791,34.67427],[71.51163,34.67352],[71.5071,34.66959],[71.49814,34.66902],[71.48036,34.65889],[71.4688,34.65949],[71.4588,34.66624],[71.45381,34.67438],[71.43985,34.67652],[71.43728,34.67299],[71.43136,34.67199],[71.41626,34.67377],[71.41223,34.66838],[71.40313,34.66617],[71.39067,34.65885],[71.38492,34.65924],[71.37575,34.6566],[71.35621,34.64676],[71.34719,34.64968],[71.34505,34.65247],[71.32378,34.65761],[71.31921,34.6553],[71.29973,34.65736],[71.28785,34.65165],[71.2802,34.6557],[71.26918,34.65516],[71.27342,34.67589],[71.26941,34.67789],[71.26418,34.68734],[71.2454,34.70384],[71.24537,34.70935],[71.23098,34.72206],[71.22435,34.72429],[71.21533,34.71489],[71.21333,34.70892],[71.20722,34.70498],[71.19583,34.70681],[71.18906,34.71029],[71.18092,34.71683],[71.17278,34.73099],[71.15418,34.72426],[71.13667,34.70951],[71.11453,34.71046],[71.10603,34.69891],[71.09567,34.67552],[71.09586,34.66086],[71.11057,34.62998],[71.10705,34.62037],[71.08709,34.59046],[71.07381,34.58223],[71.05434,34.57691],[71.01796,34.57317],[71.00374,34.56674],[70.99556,34.55477],[70.99284,34.52764],[70.99487,34.49151],[71.00681,34.46112],[71.023,34.44813],[71.05357,34.4275],[71.07602,34.39577],[71.08727,34.38914],[71.11847,34.379],[71.15394,34.36956],[71.16947,34.36361],[71.17126,34.35826],[71.17109,34.33893],[71.16881,34.33587],[71.17539,34.33937],[71.18053,34.33969],[71.19737,34.33043],[71.21947,34.33101],[71.22873,34.32675],[71.24106,34.32901],[71.25068,34.31664],[71.26473,34.31464],[71.26446,34.30909],[71.27413,34.30554],[71.28038,34.29611],[71.29417,34.28855],[71.3,34.28383],[71.30268,34.2771],[71.31367,34.26967],[71.31559,34.26145],[71.31119,34.25522],[71.31185,34.249],[71.30936,34.23978],[71.30545,34.23441],[71.30448,34.22641],[71.29922,34.22059],[71.30151,34.21388],[71.28889,34.2016],[71.28806,34.19875],[71.28877,34.19541],[71.29463,34.19192],[71.30359,34.19358],[71.30699,34.19221],[71.30936,34.18595],[71.30628,34.17807],[71.30582,34.16799],[71.30802,34.16322],[71.3141,34.16111],[71.31793,34.16143],[71.31699,34.17028],[71.31818,34.17162],[71.33963,34.16916],[71.34862,34.16285],[71.36784,34.16668],[71.3846,34.16665],[71.39925,34.16916],[71.41231,34.16589],[71.4239,34.17389],[71.42476,34.17667],[71.43226,34.18244],[71.43435,34.18531],[71.43411,34.19039],[71.45084,34.19712],[71.4674,34.20708],[71.47219,34.21576],[71.46889,34.21859],[71.46964,34.21956],[71.48308,34.22354],[71.48634,34.22587],[71.49055,34.22264],[71.49306,34.22601],[71.49884,34.22891],[71.49763,34.23161],[71.49886,34.23794],[71.49095,34.24405],[71.49348,34.24594],[71.49075,34.24878],[71.5001,34.24761],[71.51497,34.24161],[71.52098,34.25199],[71.53619,34.26008],[71.53835,34.26314],[71.53982,34.27727],[71.53132,34.2856],[71.53131,34.28897],[71.5384,34.29783],[71.53878,34.30088],[71.53345,34.30869],[71.56042,34.32826],[71.56014,34.33283],[71.56377,34.33742],[71.56264,34.34368],[71.57233,34.34916],[71.58212,34.35155],[71.58784,34.35771],[71.59004,34.36515],[71.59248,34.36706],[71.60669,34.36378],[71.61308,34.35691],[71.61921,34.35331],[71.62523,34.35348],[71.62662,34.35758],[71.62553,34.37792],[71.62931,34.37844],[71.63496,34.38283],[71.6498,34.38543],[71.65807,34.39057],[71.65941,34.39395],[71.65534,34.39968],[71.65753,34.40583],[71.65728,34.41453],[71.65904,34.4168],[71.66595,34.41853],[71.67314,34.42879],[71.67895,34.42937],[71.68852,34.43469],[71.69376,34.43401],[71.69714,34.43596],[71.70327,34.44318],[71.70747,34.44474],[71.7062,34.44665],[71.70071,34.44999],[71.696,34.45705],[71.69054,34.46082],[71.68216,34.46354],[71.67673,34.46177],[71.67407,34.4585],[71.67296,34.46038],[71.66841,34.46051],[71.66513,34.46244],[71.66037,34.46796],[71.66282,34.48075],[71.66196,34.4867],[71.65776,34.49257],[71.65917,34.498],[71.65679,34.50089],[71.65518,34.51238],[71.65776,34.5189],[71.65455,34.52481],[71.6418,34.53634]]]},"properties":{"district":"Mohmand","province":"Khyber Pakhtunkhwa","pcode":"PK524","pop_2023":553933,"area_km2":2262}},{"type":"Feature","geometry":{"type":"Polygon","coordinates":[[[70.54089,33.34834],[70.53562,33.34539],[70.52823,33.34439],[70.49546,33.33354],[70.48779,33.33361],[70.48458,33.33782],[70.48047,33.33807],[70.46416,33.33301],[70.45891,33.33543],[70.46002,33.33947],[70.45563,33.34157],[70.45674,33.34664],[70.45552,33.34964],[70.44871,33.35242],[70.43286,33.35381],[70.43043,33.3486],[70.42233,33.34685],[70.41669,33.34236],[70.40388,33.34296],[70.39763,33.34757],[70.38168,33.35292],[70.37775,33.34957],[70.36858,33.3476],[70.36012,33.34386],[70.35109,33.34493],[70.34552,33.34122],[70.33726,33.34068],[70.33546,33.33165],[70.32973,33.33093],[70.32416,33.33289],[70.32353,33.33093],[70.30817,33.33043],[70.29143,33.32782],[70.27108,33.30497],[70.23346,33.2688],[70.20827,33.25042],[70.18994,33.24142],[70.16807,33.23791],[70.15574,33.2212],[70.13111,33.21348],[70.09385,33.20836],[70.07894,33.21638],[70.06728,33.21352],[70.02308,33.14327],[69.97685,33.13627],[69.96514,33.1313],[69.9459,33.12874],[69.92879,33.11751],[69.9167,33.10399],[69.90127,33.10128],[69.89237,33.10158],[69.87553,33.0957],[69.85645,33.09633],[69.82881,33.10474],[69.7991,33.12393],[69.78653,33.12754],[69.77346,33.12046],[69.76681,33.11424],[69.7464,33.11382],[69.7373,33.10982],[69.73051,33.10039],[69.72172,33.09303],[69.70459,33.0905],[69.67943,33.09772],[69.66671,33.09812],[69.65515,33.09527],[69.617,33.09751],[69.58005,33.09757],[69.56664,33.0819],[69.54275,33.05905],[69.5071,33.02904],[69.49963,33.00247],[69.49302,32.96623],[69.49203,32.94269],[69.51509,32.88628],[69.53109,32.87401],[69.53458,32.8664],[69.53054,32.86117],[69.50079,32.84813],[69.47424,32.85106],[69.46391,32.84708],[69.45826,32.83332],[69.44098,32.81455],[69.39521,32.78159],[69.39237,32.77417],[69.39312,32.76129],[69.40278,32.74923],[69.4151,32.7403],[69.44122,32.72775],[69.44218,32.72023],[69.43697,32.68623],[69.44774,32.67078],[69.45123,32.66318],[69.44442,32.6516],[69.41635,32.61596],[69.41039,32.60632],[69.41246,32.60488],[69.42446,32.6034],[69.43046,32.59697],[69.43617,32.59922],[69.44638,32.59919],[69.45116,32.5979],[69.45533,32.59437],[69.46044,32.59391],[69.47018,32.58673],[69.47293,32.57492],[69.47732,32.57299],[69.48071,32.56824],[69.48846,32.56303],[69.49199,32.56407],[69.50363,32.55981],[69.51092,32.56388],[69.51434,32.5683],[69.52444,32.56973],[69.53197,32.56738],[69.53686,32.56259],[69.53979,32.56224],[69.54232,32.56306],[69.54647,32.56802],[69.56388,32.57334],[69.56724,32.5774],[69.58201,32.58647],[69.60047,32.58972],[69.6095,32.58983],[69.61242,32.59211],[69.61417,32.59643],[69.61053,32.60078],[69.60489,32.60396],[69.60311,32.61895],[69.61298,32.62817],[69.61089,32.63248],[69.60718,32.63498],[69.60154,32.64244],[69.60336,32.64847],[69.61278,32.6555],[69.61421,32.66032],[69.62324,32.66067],[69.62891,32.6631],[69.63512,32.66167],[69.64105,32.66224],[69.63951,32.66963],[69.64576,32.68609],[69.64976,32.68976],[69.65765,32.69058],[69.67235,32.70129],[69.68252,32.70051],[69.70765,32.70397],[69.71718,32.71361],[69.72578,32.71225],[69.73519,32.71714],[69.73492,32.71334],[69.73716,32.70939],[69.74862,32.70356],[69.74915,32.69815],[69.75755,32.6957],[69.76953,32.70046],[69.77498,32.69988],[69.77748,32.69807],[69.7913,32.70135],[69.80024,32.70007],[69.81416,32.69234],[69.81518,32.68839],[69.82,32.68359],[69.82093,32.67928],[69.83073,32.67383],[69.83153,32.67138],[69.84034,32.66301],[69.84141,32.65741],[69.84998,32.65828],[69.85323,32.65573],[69.87263,32.65981],[69.87442,32.66434],[69.87266,32.67268],[69.8798,32.67749],[69.87941,32.68109],[69.88306,32.68509],[69.89346,32.68297],[69.89718,32.68338],[69.89963,32.68583],[69.90709,32.68349],[69.91329,32.68392],[69.9224,32.67953],[69.9255,32.67627],[69.93351,32.67792],[69.93665,32.68003],[69.94382,32.67894],[69.94521,32.68598],[69.94801,32.69013],[69.95742,32.69234],[69.96432,32.69989],[69.96947,32.7017],[69.979,32.70208],[69.97841,32.70366],[69.98714,32.70063],[69.98872,32.69789],[70.00054,32.69467],[70.0059,32.69029],[70.00961,32.68934],[70.01148,32.68577],[70.01907,32.68451],[70.0199,32.68165],[70.0394,32.6778],[70.0436,32.67501],[70.04524,32.67145],[70.05092,32.66851],[70.06211,32.68047],[70.06528,32.68857],[70.07768,32.69121],[70.09612,32.7031],[70.10906,32.70339],[70.10917,32.70813],[70.11157,32.70872],[70.11128,32.71239],[70.1162,32.71781],[70.12588,32.71948],[70.12953,32.72214],[70.12997,32.72485],[70.14249,32.72615],[70.14628,32.73127],[70.15672,32.73343],[70.15736,32.73191],[70.15955,32.73301],[70.16597,32.73264],[70.17058,32.73427],[70.18073,32.72727],[70.18412,32.72847],[70.18896,32.72751],[70.19018,32.72533],[70.19953,32.71942],[70.21258,32.72419],[70.22131,32.72922],[70.22897,32.73091],[70.23449,32.73025],[70.24697,32.7234],[70.24995,32.71996],[70.25293,32.71995],[70.25609,32.72129],[70.25993,32.72991],[70.26139,32.73004],[70.26442,32.75038],[70.27029,32.75675],[70.28091,32.7634],[70.30519,32.77141],[70.3118,32.77942],[70.32146,32.78596],[70.32541,32.7918],[70.33314,32.811],[70.34231,32.84374],[70.34748,32.85361],[70.34913,32.86983],[70.35458,32.88948],[70.35686,32.91196],[70.35985,32.91739],[70.37401,32.93303],[70.37391,32.936],[70.37996,32.94436],[70.40736,32.96959],[70.39102,32.97722],[70.39059,32.98307],[70.39509,32.99028],[70.40242,32.99325],[70.40385,32.9963],[70.41024,33.00061],[70.40837,33.01754],[70.41376,33.02911],[70.41114,33.03716],[70.41399,33.04364],[70.41493,33.05755],[70.42193,33.071],[70.44383,33.09267],[70.45011,33.1028],[70.45734,33.10983],[70.46099,33.11037],[70.46539,33.11403],[70.47141,33.11617],[70.48546,33.1156],[70.49848,33.12488],[70.4982,33.12599],[70.48909,33.1285],[70.49052,33.14388],[70.48647,33.1529],[70.49869,33.16875],[70.51251,33.18057],[70.51899,33.19125],[70.53161,33.19459],[70.54023,33.19938],[70.54634,33.20073],[70.56056,33.20972],[70.56981,33.21332],[70.57664,33.21429],[70.57846,33.21694],[70.59074,33.22114],[70.59226,33.22317],[70.61867,33.23156],[70.62192,33.25052],[70.62392,33.25275],[70.62341,33.25612],[70.62695,33.26025],[70.62988,33.27313],[70.61578,33.27151],[70.61181,33.27224],[70.60313,33.2779],[70.58181,33.28532],[70.56983,33.29441],[70.56704,33.30776],[70.55726,33.3128],[70.55618,33.3156],[70.55934,33.32498],[70.557,33.32972],[70.55429,33.33051],[70.55015,33.33682],[70.54632,33.33646],[70.54549,33.33417],[70.53764,33.33462],[70.54073,33.34244],[70.54089,33.34834]]]},"properties":{"district":"North Waziristan","province":"Khyber Pakhtunkhwa","pcode":"PK525","pop_2023":693332,"area_km2":4929.7}},{"type":"Feature","geometry":{"type":"Polygon","coordinates":[[[72.19991,34.09094],[72.19597,34.09023],[72.18006,34.09226],[72.17821,34.09486],[72.17323,34.09549],[72.1739,34.08728],[72.17064,34.08818],[72.16603,34.09347],[72.15153,34.09156],[72.14816,34.07683],[72.14614,34.07559],[72.12871,34.07615],[72.12298,34.07941],[72.09915,34.08391],[72.08802,34.08335],[72.06688,34.07638],[72.05867,34.0757],[72.04795,34.08048],[72.04526,34.07872],[72.03607,34.07917],[72.03554,34.08675],[72.04224,34.09839],[72.03096,34.09921],[72.02812,34.10103],[72.0268,34.10614],[72.02486,34.10762],[72.02628,34.115],[72.02791,34.11526],[72.02702,34.11915],[72.02531,34.12245],[72.02144,34.12448],[72.01978,34.13099],[71.98917,34.13694],[71.97646,34.13269],[71.94367,34.14077],[71.9428,34.13667],[71.94075,34.13565],[71.89636,34.12661],[71.85507,34.05899],[71.84564,34.04755],[71.84489,34.04349],[71.84783,34.04075],[71.84754,34.03882],[71.84209,34.03976],[71.8303,34.03889],[71.8275,34.04121],[71.82202,34.05013],[71.82009,34.05727],[71.81635,34.05723],[71.81656,34.07471],[71.80973,34.07587],[71.79827,34.08294],[71.77688,34.08953],[71.77807,34.08495],[71.77208,34.08896],[71.7512,34.09325],[71.74554,34.09383],[71.743,34.09217],[71.73843,34.09241],[71.73023,34.09626],[71.72608,34.09503],[71.72552,34.08958],[71.72105,34.0929],[71.71628,34.09141],[71.71206,34.09276],[71.70117,34.09142],[71.69771,34.08564],[71.6967,34.07891],[71.69696,34.07017],[71.70199,34.06482],[71.70155,34.06116],[71.70969,34.05405],[71.70791,34.05121],[71.70109,34.04935],[71.69743,34.04465],[71.70155,34.04209],[71.70655,34.03545],[71.70637,34.03067],[71.71176,34.02887],[71.71215,34.02385],[71.71416,34.02237],[71.71772,34.0236],[71.7223,34.02071],[71.72101,34.01882],[71.7159,34.01901],[71.70885,34.00866],[71.70527,34.0064],[71.7169,34.00405],[71.71715,34.00135],[71.72,33.99973],[71.71956,33.99259],[71.70916,33.99423],[71.70473,33.98896],[71.7047,33.98496],[71.70909,33.98008],[71.70831,33.97742],[71.71344,33.97601],[71.71793,33.97202],[71.72523,33.9705],[71.74056,33.97278],[71.74736,33.97575],[71.74931,33.97394],[71.75718,33.97781],[71.75958,33.97589],[71.76819,33.97683],[71.7725,33.98287],[71.77824,33.98544],[71.77882,33.98363],[71.77853,33.97018],[71.77455,33.96382],[71.7752,33.95695],[71.76949,33.94292],[71.7731,33.91665],[71.76814,33.8859],[71.77365,33.875],[71.77903,33.87341],[71.77578,33.86863],[71.76908,33.87036],[71.7649,33.86678],[71.76159,33.86625],[71.75701,33.85596],[71.74957,33.84959],[71.75059,33.81939],[71.76289,33.80888],[71.77618,33.80273],[71.77324,33.79662],[71.79367,33.78413],[71.82174,33.78484],[71.8383,33.78339],[71.84236,33.7819],[71.84843,33.77446],[71.85809,33.75259],[71.86092,33.74982],[71.85613,33.74377],[71.8437,33.735],[71.83367,33.72363],[71.81483,33.7069],[71.81322,33.69806],[71.81792,33.6935],[71.83127,33.6984],[71.83857,33.69515],[71.84463,33.69803],[71.84847,33.69638],[71.85464,33.69643],[71.85906,33.69366],[71.86512,33.69984],[71.86816,33.70016],[71.87236,33.70335],[71.87529,33.70942],[71.88167,33.7035],[71.88761,33.703],[71.89657,33.71155],[71.90271,33.71447],[71.90713,33.71397],[71.91146,33.71538],[71.91227,33.7188],[71.91539,33.71981],[71.91971,33.72413],[71.92505,33.72544],[71.92988,33.72957],[71.94075,33.73349],[71.94709,33.73329],[71.96078,33.72403],[71.97447,33.72876],[71.9799,33.72846],[71.97919,33.72625],[71.98141,33.72393],[71.98835,33.72252],[72.00486,33.72514],[72.00999,33.71464],[72.01211,33.7138],[72.01755,33.71751],[72.03397,33.7377],[72.03655,33.75177],[72.04363,33.75457],[72.06888,33.75994],[72.07627,33.76466],[72.08,33.77069],[72.07176,33.78267],[72.07912,33.78709],[72.08613,33.78757],[72.09612,33.78535],[72.12798,33.77477],[72.1729,33.7673],[72.18274,33.76286],[72.193,33.76206],[72.21059,33.76619],[72.20917,33.77182],[72.21223,33.77355],[72.21512,33.77331],[72.23318,33.76421],[72.24371,33.76175],[72.24479,33.76483],[72.2343,33.78631],[72.23835,33.83105],[72.23595,33.85056],[72.23991,33.86635],[72.23225,33.88165],[72.23079,33.88848],[72.23453,33.90053],[72.23251,33.90359],[72.23154,33.92169],[72.2339,33.93798],[72.21915,33.96343],[72.2166,33.97229],[72.2086,33.97973],[72.21009,33.98243],[72.21587,33.9847],[72.22074,33.9909],[72.22476,33.99231],[72.22504,33.99532],[72.23427,34.00676],[72.23658,34.0308],[72.23588,34.0426],[72.23925,34.05216],[72.24359,34.05562],[72.24212,34.05923],[72.24852,34.08044],[72.24594,34.08725],[72.2424,34.08567],[72.23854,34.08593],[72.23465,34.08212],[72.22862,34.08038],[72.2124,34.08521],[72.20803,34.0896],[72.19991,34.09094]]]},"properties":{"district":"Nowshera","province":"Khyber Pakhtunkhwa","pcode":"PK526","pop_2023":1740705,"area_km2":1725.7}},{"type":"Feature","geometry":{"type":"Polygon","coordinates":[[[71.34945,33.76407],[71.34083,33.76615],[71.33221,33.75633],[71.32836,33.7543],[71.31157,33.76966],[71.29849,33.77857],[71.29312,33.78054],[71.28324,33.78919],[71.27019,33.79624],[71.26725,33.8025],[71.25851,33.81383],[71.255,33.81623],[71.25468,33.81967],[71.2508,33.82127],[71.23627,33.82004],[71.22884,33.82207],[71.20866,33.83592],[71.18416,33.82815],[71.17259,33.81522],[71.16697,33.81447],[71.16066,33.81596],[71.14812,33.81188],[71.14313,33.8151],[71.12776,33.83052],[71.11115,33.82941],[71.09333,33.8416],[71.08665,33.84457],[71.06489,33.83914],[71.04579,33.84052],[71.03074,33.84448],[71.02517,33.84309],[71.00758,33.84366],[71.0001,33.83937],[70.97423,33.83892],[70.97132,33.83726],[70.97146,33.8344],[70.9802,33.80431],[70.9846,33.79594],[70.97206,33.78935],[70.92749,33.78555],[70.90987,33.78087],[70.90522,33.77513],[70.88843,33.77162],[70.88483,33.77301],[70.88297,33.77793],[70.87281,33.77598],[70.84454,33.78295],[70.84291,33.7803],[70.83338,33.77538],[70.82892,33.77116],[70.8249,33.77096],[70.81881,33.77336],[70.81265,33.76893],[70.78692,33.76693],[70.77653,33.76017],[70.75977,33.7582],[70.7482,33.75254],[70.73929,33.75411],[70.72447,33.75334],[70.72025,33.74657],[70.70249,33.74183],[70.69937,33.73926],[70.69778,33.73936],[70.69489,33.74378],[70.68621,33.74503],[70.68187,33.7502],[70.66657,33.75874],[70.65857,33.76119],[70.6626,33.76742],[70.65332,33.78361],[70.64552,33.7938],[70.63993,33.79797],[70.63356,33.79886],[70.61489,33.79769],[70.60895,33.79072],[70.60292,33.78641],[70.603,33.78027],[70.60881,33.77546],[70.60863,33.7737],[70.60004,33.76697],[70.59698,33.75816],[70.59798,33.7552],[70.59527,33.75006],[70.5871,33.74344],[70.58525,33.74001],[70.59458,33.72499],[70.59947,33.72473],[70.60558,33.71902],[70.61806,33.71451],[70.61991,33.70058],[70.61808,33.69307],[70.6192,33.68445],[70.62471,33.68173],[70.6317,33.67311],[70.64116,33.67085],[70.64518,33.66706],[70.65195,33.66551],[70.65777,33.66472],[70.65977,33.66657],[70.66286,33.66669],[70.67097,33.66069],[70.68621,33.65658],[70.69347,33.6509],[70.7014,33.64721],[70.70757,33.64713],[70.71508,33.65118],[70.72704,33.6445],[70.73807,33.64387],[70.7504,33.64598],[70.751,33.63399],[70.7536,33.6236],[70.74917,33.61792],[70.74072,33.61392],[70.74112,33.60387],[70.73353,33.59362],[70.73664,33.59002],[70.74315,33.58891],[70.75062,33.58455],[70.75671,33.58183],[70.7679,33.58356],[70.7751,33.58691],[70.79808,33.57722],[70.80663,33.5784],[70.80962,33.57355],[70.81934,33.57305],[70.82869,33.56232],[70.83263,33.56021],[70.8396,33.56313],[70.84502,33.56347],[70.86082,33.55829],[70.8669,33.559],[70.87542,33.55778],[70.88019,33.56071],[70.88849,33.55635],[70.89265,33.55693],[70.89797,33.55543],[70.91028,33.56309],[70.91796,33.5643],[70.93204,33.56005],[70.93779,33.55652],[70.96043,33.55317],[70.9703,33.54634],[70.98138,33.54552],[70.98715,33.54607],[70.99574,33.54981],[70.99986,33.54834],[71.00286,33.5501],[71.0042,33.54866],[71.00838,33.54863],[71.01353,33.55082],[71.02181,33.55861],[71.04199,33.5693],[71.0541,33.57773],[71.06308,33.57987],[71.06648,33.58282],[71.09331,33.58667],[71.09903,33.59092],[71.12457,33.59341],[71.12912,33.59504],[71.13018,33.59679],[71.13262,33.60374],[71.11,33.60322],[71.10419,33.60759],[71.10079,33.61347],[71.08965,33.61378],[71.0844,33.61671],[71.0822,33.62061],[71.08449,33.62471],[71.10166,33.63172],[71.10641,33.64066],[71.12011,33.64717],[71.12913,33.64889],[71.13372,33.65317],[71.13918,33.65356],[71.14542,33.64847],[71.15771,33.64484],[71.17388,33.64265],[71.1786,33.64392],[71.16898,33.65331],[71.15655,33.65873],[71.14768,33.67088],[71.13429,33.68027],[71.13322,33.6838],[71.13866,33.69768],[71.13863,33.70525],[71.13294,33.72023],[71.1248,33.72484],[71.12656,33.72824],[71.12295,33.737],[71.12986,33.74204],[71.14156,33.74596],[71.14577,33.74513],[71.15197,33.73726],[71.16238,33.73484],[71.16534,33.7298],[71.17313,33.73101],[71.17808,33.73508],[71.18127,33.73473],[71.19447,33.72566],[71.21217,33.72216],[71.2155,33.7146],[71.22327,33.70423],[71.22348,33.69408],[71.22585,33.6909],[71.23232,33.68856],[71.23979,33.68217],[71.24515,33.68145],[71.25591,33.67274],[71.26367,33.6623],[71.28686,33.65462],[71.30763,33.64243],[71.31516,33.64324],[71.33309,33.62483],[71.33694,33.62644],[71.35027,33.62255],[71.35793,33.62614],[71.3616,33.63196],[71.36028,33.63679],[71.36256,33.64055],[71.35896,33.64461],[71.35933,33.64645],[71.36461,33.65038],[71.38123,33.64932],[71.39368,33.65281],[71.39518,33.65145],[71.39908,33.65244],[71.40129,33.65044],[71.40668,33.65129],[71.40779,33.66142],[71.40423,33.66314],[71.40173,33.66692],[71.41088,33.67499],[71.41162,33.6801],[71.40708,33.6837],[71.39089,33.69058],[71.38027,33.6972],[71.38461,33.70482],[71.3837,33.70934],[71.38564,33.71445],[71.38429,33.71682],[71.37856,33.71884],[71.37042,33.71933],[71.35271,33.72767],[71.35497,33.75439],[71.34907,33.76138],[71.34945,33.76407]]]},"properties":{"district":"Orakzai","province":"Khyber Pakhtunkhwa","pcode":"PK527","pop_2023":387561,"area_km2":1369.9}},{"type":"Feature","geometry":{"type":"Polygon","coordinates":[[[71.72105,34.0929],[71.70764,34.10417],[71.6993,34.10457],[71.69257,34.10967],[71.68234,34.10915],[71.67638,34.11801],[71.66712,34.12166],[71.65977,34.12795],[71.65673,34.13505],[71.64892,34.14391],[71.63313,34.14153],[71.61791,34.1497],[71.60144,34.15306],[71.59581,34.16173],[71.57933,34.17312],[71.56825,34.17566],[71.54244,34.1758],[71.53566,34.17771],[71.5281,34.18224],[71.50128,34.18084],[71.50157,34.18365],[71.498,34.18678],[71.49741,34.19169],[71.48997,34.19464],[71.48528,34.20403],[71.48854,34.21096],[71.49055,34.22264],[71.48634,34.22587],[71.48308,34.22354],[71.46964,34.21956],[71.46889,34.21859],[71.47219,34.21576],[71.4674,34.20708],[71.45084,34.19712],[71.43411,34.19039],[71.43435,34.18531],[71.43226,34.18244],[71.42476,34.17667],[71.4239,34.17389],[71.41231,34.16589],[71.41378,34.15914],[71.41233,34.15136],[71.41376,34.1483],[71.41218,34.14465],[71.38208,34.11792],[71.38007,34.11224],[71.38199,34.09767],[71.36967,34.08699],[71.37043,34.07548],[71.38139,34.06563],[71.38163,34.05273],[71.38948,34.03798],[71.38232,34.01398],[71.38031,33.99947],[71.39823,33.99931],[71.40555,33.9968],[71.41019,33.98953],[71.41456,33.97761],[71.4118,33.96711],[71.41193,33.96063],[71.42616,33.95006],[71.42692,33.94489],[71.43896,33.93376],[71.44772,33.91502],[71.4499,33.90925],[71.44783,33.9044],[71.44178,33.90198],[71.43723,33.89759],[71.43353,33.87462],[71.43488,33.87146],[71.44836,33.85769],[71.4738,33.8439],[71.47604,33.8352],[71.4797,33.83281],[71.48161,33.8331],[71.48345,33.83016],[71.49986,33.82338],[71.51892,33.80823],[71.51409,33.7883],[71.50875,33.77907],[71.50964,33.77224],[71.50639,33.77084],[71.50307,33.76352],[71.50301,33.75119],[71.51157,33.74133],[71.51733,33.73745],[71.54357,33.72792],[71.54651,33.71669],[71.54546,33.70495],[71.54753,33.70156],[71.55528,33.7035],[71.55822,33.70104],[71.55946,33.6957],[71.56821,33.6966],[71.57172,33.68688],[71.57935,33.68528],[71.58119,33.68081],[71.58429,33.67906],[71.59008,33.68322],[71.61338,33.68402],[71.62255,33.6857],[71.63092,33.68988],[71.63763,33.68908],[71.64133,33.69459],[71.64469,33.69513],[71.64676,33.69859],[71.65656,33.69573],[71.6562,33.69832],[71.66512,33.69742],[71.67338,33.70053],[71.67269,33.70534],[71.68197,33.70969],[71.68702,33.71064],[71.69051,33.70778],[71.69747,33.70988],[71.7028,33.70851],[71.70301,33.70327],[71.70493,33.70164],[71.70356,33.69868],[71.69341,33.69369],[71.69399,33.69137],[71.68038,33.68092],[71.68091,33.67946],[71.68705,33.67733],[71.68548,33.67081],[71.6821,33.66815],[71.6869,33.65831],[71.68988,33.65718],[71.70887,33.66504],[71.71256,33.66185],[71.72057,33.66281],[71.74199,33.67088],[71.74318,33.67588],[71.73703,33.68579],[71.74509,33.69178],[71.75255,33.6923],[71.75949,33.68688],[71.77935,33.68011],[71.7841,33.685],[71.79092,33.68703],[71.79832,33.69202],[71.81322,33.69806],[71.81483,33.7069],[71.83367,33.72363],[71.8437,33.735],[71.85613,33.74377],[71.86092,33.74982],[71.85809,33.75259],[71.84843,33.77446],[71.84236,33.7819],[71.8383,33.78339],[71.82174,33.78484],[71.79367,33.78413],[71.77324,33.79662],[71.77618,33.80273],[71.76289,33.80888],[71.75059,33.81939],[71.74957,33.84959],[71.75701,33.85596],[71.76159,33.86625],[71.7649,33.86678],[71.76908,33.87036],[71.77578,33.86863],[71.77903,33.87341],[71.77365,33.875],[71.76814,33.8859],[71.7731,33.91665],[71.76949,33.94292],[71.7752,33.95695],[71.77455,33.96382],[71.77853,33.97018],[71.77882,33.98363],[71.77824,33.98544],[71.7725,33.98287],[71.76819,33.97683],[71.75958,33.97589],[71.75718,33.97781],[71.74931,33.97394],[71.74736,33.97575],[71.74056,33.97278],[71.72523,33.9705],[71.71793,33.97202],[71.71344,33.97601],[71.70831,33.97742],[71.70909,33.98008],[71.7047,33.98496],[71.70473,33.98896],[71.70916,33.99423],[71.71956,33.99259],[71.72,33.99973],[71.71715,34.00135],[71.7169,34.00405],[71.70527,34.0064],[71.70885,34.00866],[71.7159,34.01901],[71.72101,34.01882],[71.7223,34.02071],[71.71772,34.0236],[71.71416,34.02237],[71.71215,34.02385],[71.71176,34.02887],[71.70637,34.03067],[71.70655,34.03545],[71.70155,34.04209],[71.69743,34.04465],[71.70109,34.04935],[71.70791,34.05121],[71.70969,34.05405],[71.70155,34.06116],[71.70199,34.06482],[71.69696,34.07017],[71.6967,34.07891],[71.69771,34.08564],[71.70117,34.09142],[71.71206,34.09276],[71.71628,34.09141],[71.72105,34.0929]]]},"properties":{"district":"Peshawar","province":"Khyber Pakhtunkhwa","pcode":"PK528","pop_2023":4758762,"area_km2":1539.1}},{"type":"Feature","geometry":{"type":"Polygon","coordinates":[[[72.90586,34.97071],[72.90554,34.97188],[72.88854,34.97463],[72.88339,34.98135],[72.87911,34.98262],[72.87201,34.98305],[72.86736,34.98069],[72.86296,34.98125],[72.83877,34.97638],[72.82682,34.97926],[72.82038,34.98313],[72.81013,34.99505],[72.81264,35.01292],[72.81165,35.02596],[72.80904,35.03534],[72.80118,35.04799],[72.79078,35.05323],[72.78941,35.05798],[72.79129,35.0669],[72.7894,35.0765],[72.78392,35.08084],[72.7909,35.08501],[72.7857,35.10024],[72.79776,35.11249],[72.79317,35.11149],[72.78814,35.11757],[72.7836,35.12017],[72.78327,35.1295],[72.77573,35.13453],[72.76564,35.13235],[72.75761,35.13539],[72.75646,35.14507],[72.75245,35.14766],[72.75479,35.15438],[72.74223,35.15658],[72.73745,35.1595],[72.73299,35.15796],[72.72734,35.15993],[72.72284,35.15883],[72.7094,35.14612],[72.70232,35.14513],[72.69931,35.14279],[72.69792,35.13439],[72.70063,35.12692],[72.69928,35.11655],[72.69341,35.10582],[72.68468,35.10497],[72.67752,35.09953],[72.67116,35.07837],[72.65592,35.06932],[72.64942,35.0682],[72.64282,35.07093],[72.63196,35.06334],[72.62405,35.06093],[72.61817,35.04749],[72.61921,35.04324],[72.61164,35.03889],[72.60278,35.02394],[72.60181,35.01762],[72.6031,35.0143],[72.59939,35.01586],[72.58543,35.01681],[72.57732,35.01049],[72.5803,34.99979],[72.57667,34.98698],[72.58224,34.97876],[72.59975,34.96152],[72.59466,34.95356],[72.59413,34.94131],[72.58937,34.93607],[72.587,34.91558],[72.59309,34.89639],[72.59073,34.88381],[72.593,34.8716],[72.58851,34.86662],[72.58073,34.8476],[72.58086,34.84349],[72.58586,34.83355],[72.58197,34.82636],[72.58694,34.81933],[72.58343,34.81231],[72.57797,34.80787],[72.57889,34.80387],[72.58215,34.80382],[72.57613,34.78934],[72.57143,34.76728],[72.57703,34.75632],[72.57635,34.75032],[72.56454,34.74655],[72.55871,34.74316],[72.5554,34.73073],[72.53078,34.70542],[72.52866,34.70053],[72.52874,34.69172],[72.53691,34.67002],[72.54051,34.66745],[72.55068,34.66842],[72.55653,34.66537],[72.56583,34.65572],[72.57167,34.63718],[72.57725,34.63361],[72.59833,34.6397],[72.61066,34.64583],[72.63253,34.64559],[72.64766,34.64775],[72.65166,34.65216],[72.64694,34.6564],[72.64662,34.65889],[72.65191,34.66834],[72.67327,34.67418],[72.6833,34.67971],[72.68906,34.67714],[72.70357,34.67743],[72.70557,34.67089],[72.7074,34.66978],[72.71693,34.67354],[72.71957,34.6721],[72.72346,34.66457],[72.71677,34.66465],[72.71981,34.66153],[72.71965,34.65905],[72.71196,34.65952],[72.71028,34.65336],[72.70025,34.64158],[72.69694,34.63492],[72.7,34.62741],[72.6963,34.62296],[72.70189,34.61288],[72.70602,34.60975],[72.70719,34.59775],[72.72282,34.58386],[72.72684,34.57407],[72.73461,34.54616],[72.72937,34.53877],[72.72978,34.53719],[72.75922,34.5337],[72.77113,34.53939],[72.7724,34.54347],[72.77637,34.54296],[72.77829,34.54518],[72.78561,34.53645],[72.80257,34.54636],[72.81314,34.558],[72.81639,34.56637],[72.81459,34.57963],[72.79789,34.59781],[72.78821,34.59944],[72.78453,34.60269],[72.77907,34.61174],[72.77724,34.61975],[72.78875,34.62886],[72.79545,34.63759],[72.80056,34.64799],[72.80643,34.66664],[72.80536,34.67403],[72.79633,34.68563],[72.79845,34.70493],[72.8092,34.72485],[72.81238,34.74239],[72.82542,34.75649],[72.83149,34.7682],[72.84901,34.76956],[72.86111,34.76865],[72.87641,34.76523],[72.89086,34.76162],[72.89983,34.76161],[72.90832,34.76718],[72.92765,34.77347],[72.92776,34.78871],[72.93348,34.80328],[72.93952,34.8058],[72.95117,34.80627],[72.97205,34.81813],[72.98289,34.81465],[72.99543,34.81419],[73.0008,34.82068],[73.00463,34.83267],[73.00131,34.84383],[72.99762,34.84787],[72.99031,34.84974],[72.97397,34.8508],[72.95988,34.85705],[72.95277,34.86677],[72.93993,34.87066],[72.93292,34.86943],[72.92849,34.8721],[72.92223,34.87112],[72.91302,34.87853],[72.90653,34.87981],[72.89927,34.87894],[72.88187,34.88707],[72.86893,34.88856],[72.86443,34.89255],[72.86406,34.89892],[72.86653,34.90493],[72.87806,34.91853],[72.87855,34.92354],[72.88203,34.92968],[72.88095,34.94017],[72.88233,34.94723],[72.89952,34.95771],[72.90065,34.9638],[72.90586,34.97071]]]},"properties":{"district":"Shangla","province":"Khyber Pakhtunkhwa","pcode":"PK529","pop_2023":891252,"area_km2":1384.2}},{"type":"Feature","geometry":{"type":"Polygon","coordinates":[[[70.37256,32.7076],[70.3857,32.76561],[70.38437,32.76678],[70.37207,32.76841],[70.33873,32.76931],[70.32748,32.7626],[70.31476,32.76302],[70.30832,32.75676],[70.30432,32.74871],[70.29066,32.73446],[70.27576,32.73022],[70.26139,32.73004],[70.25993,32.72991],[70.25609,32.72129],[70.25293,32.71995],[70.24995,32.71996],[70.24697,32.7234],[70.23449,32.73025],[70.22897,32.73091],[70.22131,32.72922],[70.21258,32.72419],[70.19953,32.71942],[70.19018,32.72533],[70.18896,32.72751],[70.18412,32.72847],[70.18073,32.72727],[70.17058,32.73427],[70.16597,32.73264],[70.15955,32.73301],[70.15736,32.73191],[70.15672,32.73343],[70.14628,32.73127],[70.14249,32.72615],[70.12997,32.72485],[70.12953,32.72214],[70.12588,32.71948],[70.1162,32.71781],[70.11128,32.71239],[70.11157,32.70872],[70.10917,32.70813],[70.10906,32.70339],[70.09612,32.7031],[70.07768,32.69121],[70.06528,32.68857],[70.06211,32.68047],[70.05092,32.66851],[70.04524,32.67145],[70.0436,32.67501],[70.0394,32.6778],[70.0199,32.68165],[70.01907,32.68451],[70.01148,32.68577],[70.00961,32.68934],[70.0059,32.69029],[70.00054,32.69467],[69.98872,32.69789],[69.98714,32.70063],[69.97841,32.70366],[69.979,32.70208],[69.96947,32.7017],[69.96432,32.69989],[69.95742,32.69234],[69.94801,32.69013],[69.94521,32.68598],[69.94382,32.67894],[69.93665,32.68003],[69.93351,32.67792],[69.9255,32.67627],[69.9224,32.67953],[69.91329,32.68392],[69.90709,32.68349],[69.89963,32.68583],[69.89718,32.68338],[69.89346,32.68297],[69.88306,32.68509],[69.87941,32.68109],[69.8798,32.67749],[69.87266,32.67268],[69.87442,32.66434],[69.87263,32.65981],[69.85323,32.65573],[69.84998,32.65828],[69.84141,32.65741],[69.84034,32.66301],[69.83153,32.67138],[69.83073,32.67383],[69.82093,32.67928],[69.82,32.68359],[69.81518,32.68839],[69.81416,32.69234],[69.80024,32.70007],[69.7913,32.70135],[69.77748,32.69807],[69.77498,32.69988],[69.76953,32.70046],[69.75755,32.6957],[69.74915,32.69815],[69.74862,32.70356],[69.73716,32.70939],[69.73492,32.71334],[69.73519,32.71714],[69.72578,32.71225],[69.71718,32.71361],[69.70765,32.70397],[69.68252,32.70051],[69.67235,32.70129],[69.65765,32.69058],[69.64976,32.68976],[69.64576,32.68609],[69.63951,32.66963],[69.64105,32.66224],[69.63512,32.66167],[69.62891,32.6631],[69.62324,32.66067],[69.61421,32.66032],[69.61278,32.6555],[69.60336,32.64847],[69.60154,32.64244],[69.60718,32.63498],[69.61089,32.63248],[69.61298,32.62817],[69.60311,32.61895],[69.60489,32.60396],[69.61053,32.60078],[69.61417,32.59643],[69.61242,32.59211],[69.6095,32.58983],[69.60047,32.58972],[69.58201,32.58647],[69.56724,32.5774],[69.56388,32.57334],[69.54647,32.56802],[69.54232,32.56306],[69.53979,32.56224],[69.53686,32.56259],[69.53197,32.56738],[69.52444,32.56973],[69.51434,32.5683],[69.51092,32.56388],[69.50363,32.55981],[69.49199,32.56407],[69.48846,32.56303],[69.48071,32.56824],[69.47732,32.57299],[69.47293,32.57492],[69.47018,32.58673],[69.46044,32.59391],[69.45533,32.59437],[69.45116,32.5979],[69.44638,32.59919],[69.43617,32.59922],[69.43046,32.59697],[69.42446,32.6034],[69.41246,32.60488],[69.41039,32.60632],[69.38524,32.56655],[69.32607,32.54254],[69.30071,32.54111],[69.28521,32.53298],[69.27023,32.50555],[69.2407,32.46139],[69.23878,32.4443],[69.25024,32.414],[69.28084,32.35639],[69.27959,32.29216],[69.26998,32.27209],[69.27577,32.19375],[69.27284,32.15101],[69.28946,32.09272],[69.28611,32.0714],[69.30035,31.99193],[69.312,31.98613],[69.31272,31.97607],[69.32092,31.95189],[69.33083,31.96021],[69.33196,31.95777],[69.33723,31.95412],[69.3418,31.95183],[69.34679,31.95196],[69.37202,31.96658],[69.39392,31.96237],[69.40358,31.9637],[69.43287,31.96292],[69.44708,31.96659],[69.47127,31.96523],[69.49758,31.96952],[69.51881,31.97611],[69.52312,31.9756],[69.5359,31.95984],[69.54615,31.95669],[69.54876,31.95611],[69.56345,31.96689],[69.59073,31.98104],[69.60873,31.99848],[69.62029,32.00175],[69.62922,32.00724],[69.63174,32.01618],[69.64354,32.03252],[69.64455,32.04304],[69.64676,32.04624],[69.65905,32.05239],[69.67955,32.07294],[69.71071,32.07697],[69.73696,32.07821],[69.76497,32.08636],[69.76868,32.08957],[69.77317,32.09056],[69.77883,32.08582],[69.78258,32.08584],[69.78966,32.09003],[69.80571,32.09555],[69.81509,32.09433],[69.82257,32.09502],[69.83378,32.09859],[69.85249,32.10062],[69.854,32.09808],[69.85255,32.09361],[69.84066,32.08207],[69.82742,32.05364],[69.81929,32.04212],[69.81746,32.03669],[69.80705,32.02866],[69.79997,32.02543],[69.79998,32.02416],[69.80037,32.02257],[69.82647,32.00368],[69.84525,31.99456],[69.88052,31.98171],[69.8828,31.97822],[69.88136,31.96961],[69.87877,31.96673],[69.8685,31.94214],[69.85332,31.92485],[69.85313,31.9016],[69.8547,31.89364],[69.85583,31.89206],[69.8672,31.89169],[69.87696,31.88538],[69.88258,31.88414],[69.89899,31.88838],[69.92158,31.91462],[69.93194,31.92933],[69.939,31.93415],[69.95954,31.93744],[69.96329,31.93682],[69.9634,31.92058],[69.95645,31.89451],[69.96217,31.8963],[69.96449,31.89858],[69.97417,31.89998],[69.97845,31.89562],[69.98687,31.8913],[70.00029,31.89387],[70.01917,31.89038],[70.03085,31.8807],[70.04287,31.87506],[70.04544,31.86257],[70.0503,31.85679],[70.06447,31.85115],[70.08181,31.84876],[70.0963,31.84312],[70.10412,31.84162],[70.11836,31.84251],[70.13549,31.84865],[70.15377,31.84922],[70.15827,31.84697],[70.16301,31.83784],[70.1678,31.8348],[70.17229,31.83473],[70.18418,31.83869],[70.18636,31.83791],[70.19856,31.81938],[70.20042,31.81903],[70.20477,31.8217],[70.20534,31.81455],[70.21198,31.81543],[70.22061,31.84635],[70.21631,31.85739],[70.20654,31.89497],[70.20564,31.9088],[70.1897,31.97686],[70.18855,31.98071],[70.17924,31.98652],[70.188,31.99434],[70.18252,32.00058],[70.18298,32.00641],[70.17722,32.00433],[70.1694,31.99826],[70.16635,31.99898],[70.12437,32.02439],[70.10319,32.10041],[70.1073,32.11853],[70.10565,32.12307],[70.10009,32.13672],[70.09767,32.1391],[70.08175,32.14417],[70.07427,32.14809],[70.06702,32.17675],[70.08535,32.21193],[70.09625,32.21617],[70.09732,32.22087],[70.09144,32.22675],[70.07921,32.22827],[70.07507,32.23158],[70.06931,32.23196],[70.06546,32.23788],[70.05884,32.23841],[70.05853,32.2439],[70.06177,32.24989],[70.05453,32.25792],[70.05418,32.26342],[70.05618,32.26704],[70.07436,32.27133],[70.07635,32.3046],[70.07326,32.30715],[70.07512,32.31465],[70.07992,32.32491],[70.08327,32.32382],[70.08737,32.32652],[70.0877,32.33278],[70.09863,32.34226],[70.08694,32.34258],[70.08521,32.34408],[70.0877,32.35048],[70.09019,32.35191],[70.08908,32.35545],[70.09094,32.35824],[70.09427,32.35936],[70.09301,32.36153],[70.09875,32.36283],[70.10517,32.36685],[70.11412,32.37646],[70.11362,32.38277],[70.10629,32.39029],[70.09021,32.39419],[70.09094,32.401],[70.08875,32.40525],[70.0895,32.40957],[70.09815,32.40972],[70.09539,32.42898],[70.10015,32.43847],[70.09939,32.44642],[70.10346,32.45689],[70.10234,32.47036],[70.10569,32.49863],[70.11183,32.52406],[70.1155,32.53041],[70.12578,32.54552],[70.1426,32.5613],[70.16194,32.58631],[70.17375,32.59749],[70.18357,32.60958],[70.19114,32.61505],[70.19535,32.62233],[70.19916,32.62571],[70.2052,32.62377],[70.20756,32.61836],[70.21046,32.61615],[70.21727,32.61303],[70.22254,32.61268],[70.22586,32.60948],[70.24349,32.62179],[70.25699,32.62291],[70.26711,32.631],[70.27232,32.63197],[70.27796,32.63806],[70.28391,32.63926],[70.30703,32.65888],[70.3106,32.66712],[70.31491,32.67145],[70.31834,32.68425],[70.33078,32.69205],[70.33618,32.69938],[70.3461,32.70552],[70.35581,32.70847],[70.37256,32.7076]]]},"properties":{"district":"South Waziristan","province":"Khyber Pakhtunkhwa","pcode":"PK530","pop_2023":888675,"area_km2":6224.4}},{"type":"Feature","geometry":{"type":"Polygon","coordinates":[[[72.74875,34.29346],[72.74895,34.29672],[72.74659,34.30093],[72.74249,34.30437],[72.7323,34.30692],[72.7221,34.3042],[72.71733,34.30047],[72.70118,34.30164],[72.68267,34.3005],[72.66707,34.28706],[72.65511,34.28735],[72.63985,34.27106],[72.62869,34.26918],[72.62393,34.26041],[72.61556,34.2546],[72.60947,34.24686],[72.60189,34.24475],[72.59585,34.2408],[72.58125,34.22622],[72.5683,34.21875],[72.56742,34.21602],[72.56894,34.21384],[72.57967,34.20777],[72.58573,34.19556],[72.58433,34.19234],[72.58813,34.1877],[72.58384,34.18655],[72.58439,34.18312],[72.58236,34.18036],[72.57325,34.17374],[72.57029,34.16965],[72.56619,34.16936],[72.55896,34.17209],[72.55406,34.1685],[72.54758,34.17243],[72.5407,34.15706],[72.54142,34.15199],[72.5389,34.15014],[72.52911,34.15605],[72.52467,34.15646],[72.52103,34.16118],[72.51374,34.16232],[72.50995,34.16763],[72.50385,34.16586],[72.48662,34.16832],[72.4737,34.17702],[72.47173,34.18258],[72.4586,34.18155],[72.42695,34.18629],[72.41472,34.18658],[72.42051,34.19264],[72.4203,34.19681],[72.42395,34.20628],[72.41833,34.21684],[72.41795,34.22167],[72.42059,34.22502],[72.42601,34.22626],[72.4261,34.23012],[72.42944,34.23351],[72.42965,34.23864],[72.43568,34.24171],[72.44731,34.25543],[72.46374,34.26976],[72.46246,34.27176],[72.45452,34.27358],[72.45578,34.28252],[72.44852,34.2822],[72.44609,34.28582],[72.44808,34.28705],[72.44751,34.29117],[72.45175,34.29452],[72.45097,34.30612],[72.45834,34.30862],[72.46006,34.3133],[72.46699,34.31915],[72.47279,34.32138],[72.48239,34.33224],[72.48416,34.34287],[72.484,34.34877],[72.47621,34.36152],[72.4759,34.37245],[72.4604,34.37182],[72.45536,34.36939],[72.44928,34.37178],[72.44136,34.37263],[72.43568,34.37895],[72.43185,34.38057],[72.41639,34.3707],[72.40805,34.36896],[72.40366,34.36129],[72.38696,34.3526],[72.38554,34.3483],[72.37854,34.34027],[72.35215,34.34019],[72.34797,34.33621],[72.3446,34.32795],[72.33618,34.32777],[72.33275,34.32291],[72.33861,34.31232],[72.33791,34.30181],[72.32895,34.29327],[72.32461,34.28643],[72.31887,34.28355],[72.31682,34.28008],[72.31899,34.27529],[72.31631,34.27311],[72.31932,34.26824],[72.32233,34.26809],[72.33222,34.2588],[72.33287,34.25189],[72.32687,34.24705],[72.32211,34.24552],[72.31962,34.24859],[72.3024,34.25442],[72.27807,34.25663],[72.26927,34.25873],[72.26334,34.25612],[72.2431,34.25221],[72.23411,34.2476],[72.22854,34.24228],[72.22204,34.2321],[72.21919,34.21673],[72.21985,34.21297],[72.2078,34.20811],[72.20556,34.20557],[72.21201,34.17588],[72.20746,34.17438],[72.20287,34.1611],[72.20391,34.15691],[72.20188,34.14214],[72.20583,34.12194],[72.20333,34.10577],[72.20418,34.09585],[72.19991,34.09094],[72.20803,34.0896],[72.2124,34.08521],[72.22862,34.08038],[72.23465,34.08212],[72.23854,34.08593],[72.2424,34.08567],[72.24594,34.08725],[72.24852,34.08044],[72.24212,34.05923],[72.24359,34.05562],[72.23925,34.05216],[72.23588,34.0426],[72.23658,34.0308],[72.23427,34.00676],[72.22504,33.99532],[72.22476,33.99231],[72.22074,33.9909],[72.21587,33.9847],[72.21009,33.98243],[72.2086,33.97973],[72.2166,33.97229],[72.21915,33.96343],[72.2339,33.93798],[72.23154,33.92169],[72.23251,33.90359],[72.23453,33.90053],[72.30537,33.93732],[72.32188,33.94788],[72.33879,33.94417],[72.37502,33.95741],[72.3783,33.95967],[72.37867,33.97079],[72.40135,33.97628],[72.4025,33.97775],[72.40233,34.00516],[72.40518,34.00656],[72.42808,34.00053],[72.44314,34.00018],[72.44877,33.99147],[72.48966,34.00145],[72.49763,34.00018],[72.50488,33.99717],[72.52296,33.99664],[72.53158,34.00096],[72.54295,33.99514],[72.54957,33.99825],[72.54918,33.99383],[72.58448,33.9936],[72.60407,34.00801],[72.61858,34.00936],[72.63772,34.01746],[72.64378,34.02599],[72.68214,34.06209],[72.69758,34.08149],[72.70155,34.08888],[72.74249,34.10487],[72.74372,34.11542],[72.75134,34.12264],[72.75284,34.16665],[72.76472,34.17619],[72.76621,34.18129],[72.76594,34.18537],[72.75635,34.19789],[72.75573,34.20241],[72.76567,34.23233],[72.77139,34.2403],[72.77171,34.24872],[72.77088,34.25763],[72.76748,34.26205],[72.76578,34.27191],[72.76153,34.27514],[72.75643,34.27361],[72.74895,34.28041],[72.74875,34.29346]]]},"properties":{"district":"Swabi","province":"Khyber Pakhtunkhwa","pcode":"PK531","pop_2023":1894600,"area_km2":1480.5}},{"type":"Feature","geometry":{"type":"Polygon","coordinates":[[[72.73245,35.83179],[72.68858,35.8186],[72.67693,35.8175],[72.67082,35.81833],[72.61886,35.83777],[72.57971,35.84415],[72.57027,35.8486],[72.54915,35.8811],[72.53749,35.88943],[72.51447,35.89881],[72.50566,35.8938],[72.50204,35.88906],[72.50094,35.88492],[72.50546,35.8803],[72.50311,35.87621],[72.50459,35.87379],[72.49018,35.8637],[72.48773,35.85405],[72.46369,35.84696],[72.46242,35.84034],[72.45371,35.83161],[72.43974,35.82974],[72.42716,35.83451],[72.42008,35.83032],[72.41198,35.82184],[72.41024,35.81533],[72.41395,35.81116],[72.40655,35.80197],[72.40832,35.79581],[72.40718,35.79355],[72.39696,35.78387],[72.37821,35.77349],[72.37717,35.76902],[72.36717,35.76653],[72.36084,35.75989],[72.3527,35.76304],[72.33419,35.76629],[72.32464,35.75857],[72.31585,35.75712],[72.31671,35.76373],[72.31233,35.77132],[72.31341,35.77889],[72.30716,35.77986],[72.29827,35.77383],[72.29364,35.76609],[72.29152,35.76532],[72.28791,35.74975],[72.28538,35.74825],[72.285,35.74254],[72.28129,35.73732],[72.28223,35.7339],[72.27414,35.72501],[72.27368,35.72048],[72.27009,35.71536],[72.26967,35.70562],[72.2646,35.6989],[72.26123,35.69016],[72.26087,35.68233],[72.25708,35.68019],[72.25778,35.67334],[72.25952,35.67121],[72.25286,35.66521],[72.25005,35.65971],[72.25188,35.65507],[72.25127,35.65164],[72.24452,35.64813],[72.234,35.63713],[72.22532,35.63284],[72.21781,35.63229],[72.20783,35.62293],[72.21082,35.61776],[72.2106,35.61278],[72.21585,35.60603],[72.21994,35.60398],[72.22856,35.59482],[72.24252,35.59224],[72.25262,35.58709],[72.25677,35.57765],[72.26115,35.57397],[72.26298,35.5685],[72.27209,35.55832],[72.28032,35.55241],[72.28543,35.5464],[72.29508,35.54151],[72.2997,35.54249],[72.30877,35.5388],[72.31033,35.53355],[72.30837,35.53057],[72.31534,35.52361],[72.32896,35.5194],[72.33473,35.5212],[72.33704,35.52043],[72.3396,35.51799],[72.34435,35.51748],[72.35166,35.51158],[72.36332,35.50812],[72.36871,35.50388],[72.36881,35.49842],[72.35897,35.49298],[72.35525,35.48888],[72.34383,35.4844],[72.34177,35.48214],[72.34056,35.47575],[72.34571,35.46664],[72.35412,35.46579],[72.35741,35.46353],[72.36024,35.46428],[72.36531,35.45839],[72.36783,35.44636],[72.37161,35.44217],[72.37146,35.43859],[72.36262,35.42831],[72.35537,35.41484],[72.35261,35.41311],[72.35252,35.40368],[72.34999,35.39256],[72.35363,35.38825],[72.35519,35.38158],[72.36008,35.37607],[72.36817,35.37042],[72.36702,35.36647],[72.36817,35.36429],[72.36048,35.35971],[72.36035,35.34797],[72.33456,35.34303],[72.32433,35.34432],[72.32064,35.34312],[72.31728,35.33556],[72.31068,35.33063],[72.31028,35.31858],[72.31473,35.30978],[72.30779,35.29795],[72.30882,35.29293],[72.30668,35.28821],[72.30161,35.28372],[72.29321,35.28403],[72.28916,35.28217],[72.28698,35.26865],[72.28183,35.26558],[72.28218,35.26145],[72.29281,35.25642],[72.2953,35.25353],[72.2961,35.24442],[72.30764,35.23806],[72.30727,35.22983],[72.30465,35.22559],[72.3064,35.21972],[72.32161,35.21561],[72.32211,35.21374],[72.31912,35.20887],[72.32985,35.19266],[72.3266,35.18667],[72.32011,35.18693],[72.31059,35.18399],[72.2921,35.18817],[72.28707,35.18333],[72.28614,35.17964],[72.27534,35.18168],[72.26991,35.1799],[72.26489,35.16416],[72.26733,35.15527],[72.25808,35.14736],[72.25746,35.14091],[72.25262,35.13255],[72.24818,35.13022],[72.23381,35.12837],[72.22963,35.1253],[72.22416,35.12384],[72.20655,35.12544],[72.19822,35.1178],[72.19633,35.11197],[72.1901,35.10783],[72.19744,35.09934],[72.20108,35.08844],[72.2054,35.08178],[72.20575,35.07617],[72.21158,35.06346],[72.21282,35.04069],[72.20246,35.03104],[72.19971,35.01682],[72.19659,35.01459],[72.19344,35.01455],[72.18125,35.00583],[72.17943,34.98762],[72.1841,34.97342],[72.18715,34.96892],[72.17245,34.96013],[72.1676,34.95337],[72.16645,34.93861],[72.15867,34.92571],[72.16045,34.91596],[72.15818,34.90483],[72.14335,34.8984],[72.12727,34.89373],[72.1253,34.89176],[72.13235,34.87994],[72.13235,34.87766],[72.12779,34.87185],[72.12792,34.86685],[72.13363,34.8621],[72.14124,34.86117],[72.14822,34.85427],[72.14732,34.84566],[72.1569,34.83597],[72.17203,34.83142],[72.17445,34.82573],[72.18086,34.81823],[72.18296,34.8094],[72.19296,34.80139],[72.18698,34.78862],[72.1771,34.78068],[72.16715,34.77628],[72.16264,34.77194],[72.15057,34.77021],[72.13932,34.76385],[72.13174,34.75515],[72.12332,34.74841],[72.11714,34.73971],[72.11743,34.72343],[72.11322,34.71417],[72.10816,34.708],[72.11069,34.69649],[72.10199,34.68582],[72.09413,34.68161],[72.08992,34.67544],[72.09315,34.66953],[72.10283,34.65411],[72.10451,34.65411],[72.11181,34.66112],[72.11939,34.66337],[72.125,34.66337],[72.12659,34.66495],[72.13511,34.66421],[72.12753,34.65551],[72.1275,34.65056],[72.12427,34.6414],[72.11848,34.63481],[72.11541,34.62185],[72.12037,34.61322],[72.13226,34.60227],[72.13364,34.59764],[72.13251,34.58838],[72.13614,34.58299],[72.15267,34.57285],[72.1712,34.57198],[72.17775,34.57511],[72.20863,34.56785],[72.21658,34.56789],[72.22089,34.57001],[72.23481,34.57],[72.2373,34.57331],[72.2452,34.57829],[72.26243,34.58159],[72.26553,34.59122],[72.29199,34.611],[72.30002,34.61315],[72.31891,34.61417],[72.33648,34.62114],[72.34877,34.62279],[72.37048,34.6481],[72.37355,34.66377],[72.39388,34.67216],[72.40572,34.68241],[72.42424,34.68933],[72.42728,34.68924],[72.4373,34.67982],[72.47157,34.67442],[72.47988,34.68293],[72.48532,34.70319],[72.48758,34.70737],[72.49075,34.70948],[72.50026,34.71153],[72.50264,34.70895],[72.50996,34.70938],[72.51934,34.70595],[72.53078,34.70542],[72.5554,34.73073],[72.55871,34.74316],[72.56454,34.74655],[72.57635,34.75032],[72.57703,34.75632],[72.57143,34.76728],[72.57613,34.78934],[72.58215,34.80382],[72.57889,34.80387],[72.57797,34.80787],[72.58343,34.81231],[72.58694,34.81933],[72.58197,34.82636],[72.58586,34.83355],[72.58086,34.84349],[72.58073,34.8476],[72.58851,34.86662],[72.593,34.8716],[72.59073,34.88381],[72.59309,34.89639],[72.587,34.91558],[72.58937,34.93607],[72.59413,34.94131],[72.59466,34.95356],[72.59975,34.96152],[72.58224,34.97876],[72.57667,34.98698],[72.5803,34.99979],[72.57732,35.01049],[72.58543,35.01681],[72.59939,35.01586],[72.6031,35.0143],[72.60181,35.01762],[72.60278,35.02394],[72.61164,35.03889],[72.61921,35.04324],[72.61817,35.04749],[72.62405,35.06093],[72.63196,35.06334],[72.64282,35.07093],[72.64942,35.0682],[72.65592,35.06932],[72.67116,35.07837],[72.67752,35.09953],[72.68468,35.10497],[72.69341,35.10582],[72.69928,35.11655],[72.70063,35.12692],[72.69792,35.13439],[72.69931,35.14279],[72.70232,35.14513],[72.7094,35.14612],[72.72284,35.15883],[72.71711,35.16455],[72.71459,35.1698],[72.71119,35.17198],[72.69877,35.17317],[72.68631,35.17982],[72.68535,35.18329],[72.68754,35.19156],[72.69984,35.20527],[72.7001,35.21155],[72.70481,35.21971],[72.70075,35.22787],[72.71504,35.22951],[72.71707,35.23453],[72.72457,35.2399],[72.72479,35.24443],[72.71879,35.25329],[72.71964,35.25515],[72.724,35.25955],[72.73694,35.2604],[72.74012,35.26272],[72.75246,35.26074],[72.76052,35.26619],[72.76017,35.27029],[72.76558,35.2758],[72.75998,35.28246],[72.75986,35.28809],[72.76719,35.29173],[72.76303,35.29623],[72.7621,35.30127],[72.76664,35.30369],[72.7693,35.30783],[72.77049,35.32326],[72.77875,35.33279],[72.77486,35.34521],[72.78354,35.35538],[72.78088,35.35786],[72.78053,35.36071],[72.78582,35.36497],[72.78441,35.37151],[72.7864,35.37619],[72.77898,35.37999],[72.76268,35.38273],[72.7576,35.38142],[72.74994,35.38705],[72.74355,35.38893],[72.74147,35.39436],[72.72955,35.40149],[72.72549,35.4016],[72.72793,35.40878],[72.72099,35.41752],[72.72684,35.42432],[72.7381,35.42885],[72.74925,35.43996],[72.75252,35.44705],[72.75539,35.4491],[72.75498,35.4552],[72.75779,35.45685],[72.76023,35.46429],[72.75431,35.4654],[72.75056,35.46822],[72.7414,35.46872],[72.74181,35.4712],[72.73547,35.47463],[72.74442,35.48518],[72.75833,35.49115],[72.75195,35.49542],[72.75223,35.49862],[72.76073,35.50602],[72.76179,35.51418],[72.77067,35.51934],[72.77525,35.52877],[72.77481,35.53079],[72.78045,35.53396],[72.7823,35.53784],[72.78213,35.53934],[72.77614,35.54304],[72.77023,35.54471],[72.76486,35.55317],[72.75949,35.55678],[72.75499,35.55722],[72.75526,35.5588],[72.76222,35.56488],[72.7683,35.56753],[72.76645,35.57061],[72.7675,35.57096],[72.77402,35.56911],[72.78221,35.57255],[72.79886,35.5729],[72.80556,35.57678],[72.8097,35.57572],[72.81525,35.57854],[72.81525,35.58726],[72.82132,35.60769],[72.81956,35.61113],[72.8208,35.61509],[72.81128,35.62285],[72.80838,35.63289],[72.80476,35.63553],[72.80802,35.64249],[72.80415,35.64689],[72.8052,35.64998],[72.79957,35.65843],[72.80239,35.66504],[72.80001,35.66883],[72.80018,35.67464],[72.79217,35.68107],[72.78741,35.6816],[72.78274,35.67913],[72.78001,35.68081],[72.77869,35.68602],[72.78148,35.69724],[72.77259,35.70218],[72.77031,35.7052],[72.7637,35.70539],[72.76191,35.7131],[72.75716,35.71693],[72.76037,35.72218],[72.75747,35.7281],[72.74259,35.73724],[72.74463,35.74835],[72.73663,35.7548],[72.72607,35.75489],[72.70781,35.76263],[72.70833,35.77007],[72.71227,35.77518],[72.70314,35.78206],[72.71188,35.7905],[72.71084,35.7972],[72.714,35.80798],[72.72992,35.81369],[72.73809,35.81387],[72.73908,35.81538],[72.73085,35.82644],[72.73245,35.83179]]]},"properties":{"district":"Swat","province":"Khyber Pakhtunkhwa","pcode":"PK532","pop_2023":2687384,"area_km2":5348.3}},{"type":"Feature","geometry":{"type":"Polygon","coordinates":[[[70.67291,32.27452],[70.66587,32.27496],[70.66248,32.27725],[70.66338,32.28795],[70.66064,32.29139],[70.66258,32.29707],[70.66967,32.29993],[70.67035,32.30197],[70.67125,32.31085],[70.66918,32.32217],[70.67511,32.32656],[70.68357,32.33011],[70.68511,32.33476],[70.69257,32.34116],[70.69706,32.33895],[70.69929,32.33993],[70.707,32.34469],[70.71151,32.34964],[70.71093,32.35262],[70.69851,32.36162],[70.69875,32.36408],[70.70537,32.36776],[70.70465,32.37175],[70.70734,32.37365],[70.70663,32.37614],[70.68176,32.39655],[70.67446,32.38859],[70.657,32.39178],[70.65467,32.39548],[70.65088,32.397],[70.6413,32.40565],[70.62752,32.40963],[70.62606,32.41517],[70.61591,32.42373],[70.59741,32.43504],[70.61569,32.46454],[70.6046,32.47512],[70.59644,32.50449],[70.59451,32.50502],[70.58216,32.52304],[70.56935,32.5328],[70.54807,32.56139],[70.54882,32.57452],[70.54585,32.57682],[70.53623,32.57877],[70.49995,32.6022],[70.49954,32.60072],[70.49535,32.59929],[70.48478,32.60217],[70.48317,32.60388],[70.48164,32.60049],[70.47179,32.59555],[70.45851,32.59217],[70.45451,32.59498],[70.44371,32.5956],[70.43791,32.58575],[70.42744,32.58815],[70.42125,32.58337],[70.41226,32.5803],[70.40431,32.58094],[70.39698,32.57935],[70.38983,32.58246],[70.38708,32.58047],[70.37483,32.58004],[70.37058,32.57535],[70.36579,32.57666],[70.35822,32.57459],[70.35498,32.57742],[70.34416,32.58151],[70.3369,32.58085],[70.32488,32.58216],[70.31958,32.58503],[70.31594,32.59025],[70.30635,32.61359],[70.30199,32.61668],[70.28391,32.63926],[70.27796,32.63806],[70.27232,32.63197],[70.26711,32.631],[70.25699,32.62291],[70.24349,32.62179],[70.22586,32.60948],[70.22254,32.61268],[70.21727,32.61303],[70.21046,32.61615],[70.20756,32.61836],[70.2052,32.62377],[70.19916,32.62571],[70.19535,32.62233],[70.19114,32.61505],[70.18357,32.60958],[70.17375,32.59749],[70.16194,32.58631],[70.1426,32.5613],[70.12578,32.54552],[70.1155,32.53041],[70.11183,32.52406],[70.10569,32.49863],[70.10234,32.47036],[70.10346,32.45689],[70.09939,32.44642],[70.10015,32.43847],[70.09539,32.42898],[70.09815,32.40972],[70.0895,32.40957],[70.08875,32.40525],[70.09094,32.401],[70.09021,32.39419],[70.10629,32.39029],[70.11362,32.38277],[70.11412,32.37646],[70.10517,32.36685],[70.09875,32.36283],[70.09301,32.36153],[70.09427,32.35936],[70.09094,32.35824],[70.08908,32.35545],[70.09019,32.35191],[70.0877,32.35048],[70.08521,32.34408],[70.08694,32.34258],[70.09863,32.34226],[70.0877,32.33278],[70.08737,32.32652],[70.08327,32.32382],[70.07992,32.32491],[70.07512,32.31465],[70.07326,32.30715],[70.07635,32.3046],[70.07436,32.27133],[70.05618,32.26704],[70.05418,32.26342],[70.05453,32.25792],[70.06177,32.24989],[70.05853,32.2439],[70.05884,32.23841],[70.06546,32.23788],[70.06931,32.23196],[70.07507,32.23158],[70.07921,32.22827],[70.09144,32.22675],[70.09732,32.22087],[70.09625,32.21617],[70.08535,32.21193],[70.06702,32.17675],[70.07427,32.14809],[70.08175,32.14417],[70.09767,32.1391],[70.10009,32.13672],[70.10565,32.12307],[70.1073,32.11853],[70.10319,32.10041],[70.12437,32.02439],[70.16635,31.99898],[70.1694,31.99826],[70.17722,32.00433],[70.18298,32.00641],[70.21864,32.02619],[70.22382,32.03316],[70.22903,32.0368],[70.237,32.05081],[70.25732,32.06943],[70.24567,32.07721],[70.23876,32.09049],[70.24325,32.10087],[70.24978,32.10389],[70.25738,32.0978],[70.26182,32.09113],[70.26831,32.08757],[70.27631,32.08768],[70.28718,32.08429],[70.30108,32.08246],[70.30859,32.08613],[70.31091,32.08433],[70.32298,32.0876],[70.33895,32.087],[70.35288,32.08308],[70.35478,32.07971],[70.35803,32.07994],[70.36172,32.07801],[70.37126,32.07992],[70.38449,32.07678],[70.38972,32.07871],[70.39225,32.07595],[70.39511,32.07585],[70.40243,32.08024],[70.41003,32.08095],[70.41298,32.08303],[70.41718,32.08989],[70.42839,32.08634],[70.43204,32.08679],[70.43812,32.08852],[70.4409,32.09318],[70.44423,32.09309],[70.45748,32.09965],[70.4608,32.09731],[70.47134,32.0989],[70.47616,32.09565],[70.49018,32.10697],[70.50196,32.10382],[70.50481,32.10504],[70.52329,32.10098],[70.52945,32.09694],[70.5365,32.09969],[70.55223,32.11425],[70.57239,32.13825],[70.57347,32.15815],[70.57162,32.16175],[70.5721,32.17317],[70.57069,32.17839],[70.57087,32.18987],[70.57278,32.19561],[70.57001,32.19977],[70.5748,32.20579],[70.57659,32.21328],[70.58015,32.21373],[70.58634,32.21928],[70.59058,32.22931],[70.59591,32.23216],[70.60069,32.23702],[70.62105,32.24719],[70.64558,32.2549],[70.65392,32.26322],[70.65864,32.26472],[70.67291,32.27452]]]},"properties":{"district":"Tank","province":"Khyber Pakhtunkhwa","pcode":"PK533","pop_2023":470293,"area_km2":2818.8}},{"type":"Feature","geometry":{"type":"Polygon","coordinates":[[[72.87641,34.76523],[72.86111,34.76865],[72.84901,34.76956],[72.83149,34.7682],[72.82542,34.75649],[72.81238,34.74239],[72.8092,34.72485],[72.79845,34.70493],[72.79633,34.68563],[72.80536,34.67403],[72.80643,34.66664],[72.80056,34.64799],[72.79545,34.63759],[72.78875,34.62886],[72.77724,34.61975],[72.77907,34.61174],[72.78453,34.60269],[72.78821,34.59944],[72.79789,34.59781],[72.81459,34.57963],[72.81639,34.56637],[72.81314,34.558],[72.80257,34.54636],[72.78561,34.53645],[72.77829,34.54518],[72.77637,34.54296],[72.7724,34.54347],[72.77113,34.53939],[72.75922,34.5337],[72.72978,34.53719],[72.72784,34.52243],[72.72929,34.51899],[72.74229,34.51065],[72.75129,34.49862],[72.76068,34.49],[72.76629,34.47956],[72.77205,34.47555],[72.75532,34.46983],[72.74304,34.45802],[72.73522,34.46033],[72.72068,34.4608],[72.71774,34.45813],[72.71506,34.4481],[72.71281,34.44616],[72.72692,34.44259],[72.73112,34.43571],[72.73973,34.42963],[72.74679,34.42071],[72.74939,34.41866],[72.75201,34.41955],[72.75354,34.41493],[72.75254,34.40223],[72.74504,34.38794],[72.7406,34.36963],[72.74168,34.35469],[72.74618,34.3548],[72.76005,34.36456],[72.76508,34.36533],[72.76955,34.36206],[72.77256,34.35243],[72.77868,34.3521],[72.78597,34.34875],[72.79074,34.34838],[72.78944,34.35221],[72.79249,34.35849],[72.80118,34.35713],[72.80686,34.36483],[72.8205,34.36662],[72.82327,34.39805],[72.82085,34.41854],[72.81682,34.42658],[72.82355,34.42895],[72.82636,34.43171],[72.83284,34.43172],[72.83315,34.43711],[72.83575,34.44214],[72.84663,34.4536],[72.86119,34.44807],[72.86816,34.4485],[72.87364,34.45906],[72.87932,34.4602],[72.88671,34.46584],[72.8858,34.47551],[72.89566,34.48095],[72.8976,34.48401],[72.89487,34.49006],[72.89626,34.49636],[72.89246,34.50067],[72.9137,34.519],[72.92342,34.52355],[72.92412,34.52837],[72.93545,34.53625],[72.94139,34.54457],[72.93748,34.55306],[72.93909,34.56499],[72.92974,34.57076],[72.92819,34.57498],[72.9205,34.57672],[72.91731,34.58123],[72.91424,34.58272],[72.90997,34.59235],[72.90529,34.59566],[72.90342,34.60852],[72.90463,34.61596],[72.90123,34.61941],[72.90054,34.62618],[72.9011,34.64165],[72.90749,34.66821],[72.90618,34.67178],[72.89726,34.67682],[72.89524,34.68096],[72.90107,34.71562],[72.89572,34.72194],[72.89867,34.72799],[72.89443,34.73399],[72.88941,34.74948],[72.88292,34.75019],[72.87098,34.76041],[72.87641,34.76523]]]},"properties":{"district":"Tor Ghar","province":"Khyber Pakhtunkhwa","pcode":"PK534","pop_2023":200445,"area_km2":454.4}},{"type":"Feature","geometry":{"type":"Polygon","coordinates":[[[72.15293,35.78398],[72.14836,35.77993],[72.14197,35.77933],[72.13525,35.78069],[72.12783,35.78811],[72.12306,35.78572],[72.12397,35.77328],[72.11838,35.77079],[72.11228,35.76092],[72.10951,35.76002],[72.1098,35.75314],[72.10239,35.73066],[72.09575,35.7208],[72.08823,35.71985],[72.09095,35.71726],[72.08191,35.70241],[72.08431,35.70241],[72.0895,35.7062],[72.09537,35.70557],[72.10425,35.69507],[72.10738,35.68655],[72.11066,35.68557],[72.10112,35.67202],[72.10131,35.66608],[72.09862,35.65988],[72.0915,35.65829],[72.08988,35.65123],[72.08326,35.64821],[72.0798,35.64387],[72.07046,35.64122],[72.06781,35.63916],[72.062,35.64174],[72.04059,35.6463],[72.0367,35.64078],[72.0236,35.63151],[72.01654,35.62739],[72.00984,35.62791],[71.99991,35.62018],[71.99366,35.61739],[71.9788,35.60444],[71.97137,35.60532],[71.97041,35.59642],[71.96298,35.5887],[71.95806,35.58782],[71.9443,35.57134],[71.93532,35.56553],[71.93157,35.55596],[71.91797,35.54238],[71.9129,35.49736],[71.91662,35.4842],[71.92649,35.47792],[71.9327,35.47577],[71.91903,35.46476],[71.89747,35.46359],[71.8879,35.46162],[71.88578,35.4606],[71.88278,35.45336],[71.87957,35.45059],[71.87509,35.43509],[71.88062,35.43009],[71.88409,35.42436],[71.89035,35.42016],[71.89035,35.4169],[71.87729,35.40977],[71.87406,35.39893],[71.87571,35.39166],[71.87174,35.38109],[71.87207,35.37316],[71.86315,35.36523],[71.86084,35.35466],[71.85853,35.35301],[71.84796,35.35334],[71.84003,35.36027],[71.83309,35.36325],[71.80963,35.36292],[71.79786,35.35111],[71.79668,35.34498],[71.78085,35.33286],[71.77606,35.32277],[71.78161,35.31141],[71.78056,35.30612],[71.77157,35.29766],[71.7602,35.29396],[71.7565,35.28947],[71.75492,35.28301],[71.75756,35.26462],[71.74989,35.2485],[71.74197,35.25141],[71.7343,35.25167],[71.72796,35.24692],[71.72478,35.24242],[71.71897,35.22921],[71.70734,35.2263],[71.68836,35.22575],[71.68368,35.2224],[71.68113,35.21743],[71.67329,35.21542],[71.67673,35.2066],[71.6749,35.19654],[71.63895,35.16501],[71.62883,35.14888],[71.61732,35.13979],[71.58533,35.12937],[71.5526,35.10797],[71.53577,35.09042],[71.53007,35.07235],[71.54665,35.03766],[71.55459,35.02954],[71.56738,35.02696],[71.59832,35.03016],[71.6212,35.03813],[71.63112,35.03294],[71.63287,35.03072],[71.6324,35.02722],[71.63632,35.02617],[71.67583,35.03253],[71.70403,35.02588],[71.71936,35.02648],[71.72568,35.02737],[71.73179,35.03921],[71.73725,35.04381],[71.75,35.05028],[71.76567,35.05004],[71.77731,35.0555],[71.795,35.0556],[71.81068,35.06178],[71.82115,35.06895],[71.8371,35.06833],[71.86019,35.056],[71.89155,35.02932],[71.89959,35.01955],[71.90187,35.00758],[71.9067,34.99636],[71.91287,34.99175],[71.92505,34.98808],[71.92752,34.98544],[71.92865,34.97863],[71.92414,34.95543],[71.91685,34.94079],[71.91756,34.9255],[71.94944,34.91786],[71.95324,34.91027],[71.96521,34.90145],[71.96888,34.88568],[71.97688,34.881],[71.99633,34.86369],[72.00987,34.8566],[72.01531,34.84866],[72.02204,34.84709],[72.03071,34.83999],[72.06053,34.83684],[72.06918,34.8335],[72.07621,34.83707],[72.09086,34.84019],[72.09385,34.84641],[72.10388,34.85056],[72.1097,34.85728],[72.11461,34.85864],[72.1198,34.86429],[72.12792,34.86685],[72.12779,34.87185],[72.13235,34.87766],[72.13235,34.87994],[72.1253,34.89176],[72.12727,34.89373],[72.14335,34.8984],[72.15818,34.90483],[72.16045,34.91596],[72.15867,34.92571],[72.16645,34.93861],[72.1676,34.95337],[72.17245,34.96013],[72.18715,34.96892],[72.1841,34.97342],[72.17943,34.98762],[72.18125,35.00583],[72.19344,35.01455],[72.19659,35.01459],[72.19971,35.01682],[72.20246,35.03104],[72.21282,35.04069],[72.21158,35.06346],[72.20575,35.07617],[72.2054,35.08178],[72.20108,35.08844],[72.19744,35.09934],[72.1901,35.10783],[72.19633,35.11197],[72.19822,35.1178],[72.20655,35.12544],[72.22416,35.12384],[72.22963,35.1253],[72.23381,35.12837],[72.24818,35.13022],[72.25262,35.13255],[72.25746,35.14091],[72.25808,35.14736],[72.26733,35.15527],[72.26489,35.16416],[72.26991,35.1799],[72.27534,35.18168],[72.28614,35.17964],[72.28707,35.18333],[72.2921,35.18817],[72.31059,35.18399],[72.32011,35.18693],[72.3266,35.18667],[72.32985,35.19266],[72.31912,35.20887],[72.32211,35.21374],[72.32161,35.21561],[72.3064,35.21972],[72.30465,35.22559],[72.30727,35.22983],[72.30764,35.23806],[72.2961,35.24442],[72.2953,35.25353],[72.29281,35.25642],[72.28218,35.26145],[72.28183,35.26558],[72.28698,35.26865],[72.28916,35.28217],[72.29321,35.28403],[72.30161,35.28372],[72.30668,35.28821],[72.30882,35.29293],[72.30779,35.29795],[72.31473,35.30978],[72.31028,35.31858],[72.31068,35.33063],[72.31728,35.33556],[72.32064,35.34312],[72.32433,35.34432],[72.33456,35.34303],[72.36035,35.34797],[72.36048,35.35971],[72.36817,35.36429],[72.36702,35.36647],[72.36817,35.37042],[72.36008,35.37607],[72.35519,35.38158],[72.35363,35.38825],[72.34999,35.39256],[72.35252,35.40368],[72.35261,35.41311],[72.35537,35.41484],[72.36262,35.42831],[72.37146,35.43859],[72.37161,35.44217],[72.36783,35.44636],[72.36531,35.45839],[72.36024,35.46428],[72.35741,35.46353],[72.35412,35.46579],[72.34571,35.46664],[72.34056,35.47575],[72.34177,35.48214],[72.34383,35.4844],[72.35525,35.48888],[72.35897,35.49298],[72.36881,35.49842],[72.36871,35.50388],[72.36332,35.50812],[72.35166,35.51158],[72.34435,35.51748],[72.3396,35.51799],[72.33704,35.52043],[72.33473,35.5212],[72.32896,35.5194],[72.31534,35.52361],[72.30837,35.53057],[72.31033,35.53355],[72.30877,35.5388],[72.2997,35.54249],[72.29508,35.54151],[72.28543,35.5464],[72.28032,35.55241],[72.27209,35.55832],[72.26298,35.5685],[72.26115,35.57397],[72.25677,35.57765],[72.25262,35.58709],[72.24252,35.59224],[72.22856,35.59482],[72.21994,35.60398],[72.21585,35.60603],[72.2106,35.61278],[72.21082,35.61776],[72.20783,35.62293],[72.21781,35.63229],[72.22532,35.63284],[72.234,35.63713],[72.24452,35.64813],[72.25127,35.65164],[72.25188,35.65507],[72.25005,35.65971],[72.25286,35.66521],[72.25952,35.67121],[72.25778,35.67334],[72.25708,35.68019],[72.26087,35.68233],[72.26123,35.69016],[72.2646,35.6989],[72.26967,35.70562],[72.27009,35.71536],[72.27368,35.72048],[72.27414,35.72501],[72.28223,35.7339],[72.28129,35.73732],[72.285,35.74254],[72.28538,35.74825],[72.28791,35.74975],[72.29152,35.76532],[72.28574,35.76622],[72.27034,35.76501],[72.25843,35.76809],[72.25418,35.77283],[72.24514,35.76529],[72.23968,35.76432],[72.23141,35.77131],[72.22305,35.77522],[72.21583,35.77342],[72.19787,35.75968],[72.19216,35.75169],[72.1894,35.75118],[72.18315,35.75481],[72.18178,35.75997],[72.17419,35.76507],[72.17532,35.77361],[72.16969,35.78089],[72.15991,35.78427],[72.15293,35.78398]]]},"properties":{"district":"Upper Dir","province":"Khyber Pakhtunkhwa","pcode":"PK535","pop_2023":1083566,"area_km2":3731.8}},{"type":"Feature","geometry":{"type":"Polygon","coordinates":[[[72.54918,33.99383],[72.54957,33.99825],[72.54295,33.99514],[72.53158,34.00096],[72.52296,33.99664],[72.50488,33.99717],[72.49763,34.00018],[72.48966,34.00145],[72.44877,33.99147],[72.44314,34.00018],[72.42808,34.00053],[72.40518,34.00656],[72.40233,34.00516],[72.4025,33.97775],[72.40135,33.97628],[72.37867,33.97079],[72.3783,33.95967],[72.37502,33.95741],[72.33879,33.94417],[72.32188,33.94788],[72.30537,33.93732],[72.23453,33.90053],[72.23079,33.88848],[72.23225,33.88165],[72.23991,33.86635],[72.23595,33.85056],[72.23835,33.83105],[72.2343,33.78631],[72.24479,33.76483],[72.24371,33.76175],[72.23318,33.76421],[72.21512,33.77331],[72.21223,33.77355],[72.20917,33.77182],[72.21059,33.76619],[72.193,33.76206],[72.18274,33.76286],[72.1729,33.7673],[72.12798,33.77477],[72.09612,33.78535],[72.08613,33.78757],[72.07912,33.78709],[72.07176,33.78267],[72.08,33.77069],[72.07627,33.76466],[72.06888,33.75994],[72.04363,33.75457],[72.03655,33.75177],[72.03397,33.7377],[72.01755,33.71751],[72.01211,33.7138],[72.00999,33.71464],[72.00686,33.71445],[72.00281,33.70812],[71.99897,33.69297],[71.99763,33.67685],[71.98987,33.67222],[71.98216,33.66304],[71.98122,33.65937],[71.98577,33.63905],[71.97953,33.63167],[71.98044,33.59826],[71.97837,33.5868],[71.97027,33.58046],[71.95732,33.5765],[71.95199,33.5705],[71.95777,33.55507],[71.96368,33.54875],[71.96709,33.53659],[71.95346,33.51398],[71.94738,33.5074],[71.92527,33.49081],[71.90599,33.48492],[71.90442,33.47603],[71.89483,33.4632],[71.87639,33.45644],[71.86942,33.44998],[71.86658,33.4394],[71.87061,33.42385],[71.87009,33.41652],[71.86693,33.41175],[71.8572,33.40448],[71.85193,33.40324],[71.84809,33.40392],[71.83235,33.40914],[71.81534,33.40205],[71.75029,33.3704],[71.73565,33.36545],[71.72064,33.35111],[71.71532,33.34083],[71.71465,33.33899],[71.71622,33.33771],[71.72322,33.33731],[71.72724,33.33398],[71.73042,33.32436],[71.73036,33.31592],[71.72907,33.31011],[71.72233,33.29922],[71.70786,33.28944],[71.70509,33.28491],[71.70948,33.26216],[71.70847,33.25537],[71.71655,33.24124],[71.75198,33.21072],[71.76141,33.18547],[71.7607,33.17318],[71.75733,33.16079],[71.74789,33.1441],[71.72454,33.12584],[71.71386,33.11202],[71.71155,33.10226],[71.71216,33.09351],[71.71486,33.07162],[71.71848,33.05983],[71.72754,33.0323],[71.72644,33.02875],[71.71922,33.02086],[71.73645,33.02201],[71.73907,33.02343],[71.74064,33.02884],[71.74438,33.02948],[71.7478,33.02011],[71.74328,33.0057],[71.74584,33.00287],[71.74848,33.00273],[71.76388,33.00898],[71.79788,33.00093],[71.80418,33.00487],[71.819,33.01729],[71.83295,33.02264],[71.83993,33.03039],[71.84643,33.03392],[71.84882,33.03698],[71.84825,33.04731],[71.85016,33.04989],[71.85857,33.04893],[71.86125,33.04941],[71.86402,33.05218],[71.86832,33.05276],[71.90378,33.04473],[71.90971,33.04559],[71.93055,33.06891],[71.93743,33.07369],[71.94604,33.07684],[71.95359,33.08669],[71.96296,33.09281],[71.96468,33.09663],[71.96697,33.09768],[71.98341,33.09778],[72.0183,33.10705],[72.02394,33.10588],[72.02729,33.10132],[72.03016,33.09998],[72.03302,33.10036],[72.04067,33.10371],[72.0466,33.10915],[72.04764,33.11702],[72.05942,33.12214],[72.07124,33.12392],[72.08121,33.12226],[72.09277,33.12318],[72.09617,33.10807],[72.10217,33.10937],[72.1136,33.11584],[72.1172,33.11237],[72.14075,33.10987],[72.16051,33.10321],[72.17405,33.10419],[72.17702,33.10696],[72.17748,33.11308],[72.18376,33.11882],[72.18299,33.12397],[72.19367,33.12784],[72.19646,33.13167],[72.1937,33.13422],[72.19271,33.1384],[72.18703,33.14166],[72.18725,33.14651],[72.19226,33.15613],[72.18928,33.1623],[72.19042,33.16479],[72.19757,33.16187],[72.20781,33.15416],[72.22746,33.14631],[72.22804,33.13853],[72.2304,33.13451],[72.25197,33.13291],[72.25408,33.13597],[72.27237,33.13968],[72.27517,33.14116],[72.27538,33.14508],[72.2774,33.14518],[72.29167,33.13523],[72.29193,33.13134],[72.29453,33.12874],[72.31597,33.13432],[72.3504,33.13978],[72.36236,33.13731],[72.36665,33.13225],[72.37444,33.1303],[72.40095,33.13757],[72.43045,33.14121],[72.43734,33.14732],[72.44396,33.15057],[72.45176,33.15148],[72.45605,33.15057],[72.46475,33.14277],[72.47086,33.14316],[72.48866,33.14992],[72.49997,33.1581],[72.504,33.16499],[72.50387,33.17344],[72.50686,33.17682],[72.5079,33.18656],[72.51413,33.19644],[72.5205,33.20138],[72.53142,33.20385],[72.53934,33.21255],[72.56468,33.21411],[72.57248,33.21099],[72.57703,33.20839],[72.58391,33.20112],[72.58898,33.18916],[72.60496,33.19072],[72.61211,33.1889],[72.61692,33.19007],[72.62264,33.18825],[72.63627,33.19018],[72.63215,33.20689],[72.63314,33.21521],[72.63592,33.22026],[72.64177,33.21832],[72.64447,33.22012],[72.64368,33.23376],[72.64677,33.23753],[72.65026,33.25327],[72.6603,33.26538],[72.66296,33.2745],[72.67295,33.27777],[72.68047,33.27432],[72.68846,33.27627],[72.68898,33.28459],[72.67961,33.29438],[72.67866,33.30427],[72.68731,33.31213],[72.69605,33.3324],[72.70549,33.34081],[72.70603,33.34891],[72.71795,33.35944],[72.71761,33.36444],[72.72324,33.37646],[72.72828,33.38246],[72.73381,33.38592],[72.75319,33.39275],[72.7555,33.40016],[72.75763,33.40185],[72.76137,33.40063],[72.76521,33.39421],[72.77356,33.3974],[72.77078,33.40585],[72.77234,33.41482],[72.77031,33.42056],[72.7774,33.42718],[72.77414,33.44139],[72.77583,33.44492],[72.78004,33.44756],[72.79632,33.45082],[72.81647,33.46175],[72.82558,33.46395],[72.82985,33.45986],[72.83912,33.46261],[72.844,33.46638],[72.86776,33.47458],[72.8782,33.47244],[72.87899,33.4689],[72.88562,33.46598],[72.88618,33.46171],[72.89522,33.46621],[72.89842,33.4766],[72.90948,33.48216],[72.92474,33.48704],[72.91886,33.48789],[72.91415,33.49541],[72.9101,33.49597],[72.90802,33.50715],[72.90235,33.51276],[72.90033,33.51799],[72.89719,33.51776],[72.8907,33.52068],[72.88996,33.52309],[72.88396,33.52687],[72.87856,33.52636],[72.87741,33.52834],[72.87222,33.52805],[72.86761,33.52995],[72.86488,33.5291],[72.85387,33.53316],[72.85687,33.54114],[72.85497,33.54476],[72.85553,33.54846],[72.8478,33.55464],[72.84442,33.56124],[72.8391,33.56036],[72.83642,33.56342],[72.83197,33.56404],[72.82519,33.56307],[72.82145,33.56675],[72.8164,33.56794],[72.82124,33.5775],[72.82114,33.58153],[72.81757,33.58693],[72.82313,33.59533],[72.82262,33.60053],[72.81723,33.60381],[72.81569,33.60668],[72.80848,33.60734],[72.80969,33.6132],[72.79866,33.62101],[72.79811,33.62461],[72.80456,33.62943],[72.81244,33.63252],[72.81529,33.63577],[72.80965,33.63767],[72.81138,33.6418],[72.80809,33.64263],[72.79874,33.6375],[72.74302,33.63644],[72.74531,33.64795],[72.74386,33.65454],[72.74578,33.66544],[72.74449,33.67001],[72.73773,33.67914],[72.73212,33.67899],[72.7305,33.68974],[72.74936,33.69262],[72.75534,33.69689],[72.7513,33.70777],[72.75235,33.71063],[72.75044,33.71602],[72.74127,33.71696],[72.73315,33.7101],[72.73002,33.7193],[72.72935,33.73736],[72.72647,33.74271],[72.72154,33.74565],[72.71785,33.74681],[72.71569,33.7454],[72.71919,33.73398],[72.69188,33.73531],[72.69188,33.74198],[72.70101,33.745],[72.69651,33.7556],[72.69464,33.76519],[72.69601,33.76944],[72.70377,33.77503],[72.7035,33.77812],[72.69693,33.78347],[72.69534,33.79178],[72.69257,33.79672],[72.68651,33.80243],[72.68492,33.80821],[72.68955,33.81523],[72.69663,33.8184],[72.70448,33.81809],[72.7117,33.82247],[72.73122,33.82212],[72.73789,33.82409],[72.73608,33.82666],[72.72507,33.83341],[72.72265,33.83728],[72.73026,33.85589],[72.73897,33.86301],[72.74423,33.86529],[72.74854,33.865],[72.75481,33.85779],[72.76094,33.85853],[72.76649,33.85619],[72.77115,33.84944],[72.78063,33.84321],[72.77784,33.83656],[72.78195,33.83096],[72.78787,33.82801],[72.78945,33.82209],[72.78861,33.80478],[72.79579,33.80446],[72.80783,33.80102],[72.81441,33.80135],[72.81824,33.80462],[72.81865,33.80975],[72.81216,33.81972],[72.81576,33.82656],[72.81936,33.82921],[72.8219,33.82908],[72.81844,33.83742],[72.81796,33.84451],[72.82912,33.84581],[72.83163,33.8429],[72.83179,33.83985],[72.83507,33.84193],[72.83614,33.84527],[72.83528,33.85188],[72.83155,33.85883],[72.83163,33.86981],[72.83376,33.87895],[72.83274,33.88729],[72.80884,33.88873],[72.80573,33.88522],[72.80296,33.88486],[72.79423,33.88706],[72.78966,33.89355],[72.78895,33.89804],[72.77726,33.90322],[72.77015,33.91527],[72.78367,33.91547],[72.78904,33.92015],[72.78924,33.924],[72.78381,33.93977],[72.77534,33.94615],[72.76227,33.95366],[72.74958,33.9385],[72.74651,33.93683],[72.74389,33.93738],[72.7433,33.93456],[72.72389,33.91969],[72.72305,33.91644],[72.73413,33.91036],[72.73573,33.90849],[72.73452,33.90629],[72.71309,33.90471],[72.70512,33.90569],[72.70434,33.90255],[72.70811,33.89989],[72.70692,33.89481],[72.70939,33.88908],[72.70889,33.88232],[72.70678,33.88051],[72.69296,33.87138],[72.68723,33.87112],[72.68582,33.86918],[72.6618,33.86187],[72.65575,33.86447],[72.64414,33.85751],[72.64091,33.86553],[72.64271,33.87048],[72.63821,33.87315],[72.63377,33.88021],[72.62286,33.87476],[72.60949,33.87513],[72.60601,33.87712],[72.60578,33.88209],[72.61011,33.88573],[72.60805,33.89153],[72.61663,33.8969],[72.61933,33.89661],[72.63015,33.9076],[72.62803,33.91541],[72.64708,33.92086],[72.65298,33.92512],[72.65288,33.93068],[72.64228,33.93692],[72.63396,33.94431],[72.62495,33.94827],[72.60686,33.95282],[72.60345,33.95345],[72.59394,33.95032],[72.58822,33.95324],[72.58268,33.95332],[72.578,33.95557],[72.55883,33.95956],[72.55376,33.95547],[72.55009,33.97501],[72.55091,33.98277],[72.54867,33.98899],[72.54918,33.99383]]]},"properties":{"district":"Attock","province":"Punjab","pcode":"PK601","pop_2023":2170423,"area_km2":6910}},{"type":"Feature","geometry":{"type":"Polygon","coordinates":[[[73.92427,30.32961],[73.92099,30.32856],[73.91746,30.31903],[73.91085,30.31848],[73.90719,30.31984],[73.90522,30.33644],[73.9034,30.33931],[73.89995,30.33917],[73.87203,30.31766],[73.86457,30.31345],[73.85559,30.31123],[73.85411,30.30284],[73.85102,30.29945],[73.84605,30.30159],[73.84514,30.3107],[73.83834,30.31647],[73.80446,30.32488],[73.78165,30.3211],[73.77402,30.31636],[73.77257,30.28662],[73.77134,30.28443],[73.74469,30.27603],[73.73186,30.26662],[73.72791,30.267],[73.72161,30.27387],[73.70843,30.27548],[73.69725,30.27432],[73.68426,30.26732],[73.68132,30.26835],[73.67656,30.27841],[73.67264,30.28049],[73.66293,30.28105],[73.6527,30.27562],[73.63853,30.25642],[73.63275,30.25485],[73.63101,30.26192],[73.63449,30.27111],[73.63375,30.27418],[73.6318,30.2763],[73.6255,30.27819],[73.61418,30.277],[73.60945,30.2746],[73.60447,30.2674],[73.60093,30.26561],[73.59436,30.26604],[73.58287,30.27221],[73.57339,30.27134],[73.56981,30.26747],[73.56798,30.25684],[73.56594,30.25469],[73.54645,30.26241],[73.54105,30.26355],[73.53472,30.26224],[73.52651,30.25675],[73.50818,30.23933],[73.49947,30.22945],[73.49352,30.21833],[73.48183,30.21914],[73.48121,30.20769],[73.47746,30.20858],[73.47012,30.21971],[73.46657,30.22185],[73.45964,30.22247],[73.45527,30.22011],[73.44926,30.20414],[73.45465,30.19482],[73.45527,30.1881],[73.45844,30.18142],[73.45633,30.17964],[73.44898,30.17962],[73.44546,30.1777],[73.44537,30.17522],[73.45361,30.16582],[73.45466,30.16306],[73.45279,30.15889],[73.45055,30.15752],[73.44356,30.15765],[73.42294,30.17186],[73.41502,30.17355],[73.41175,30.16992],[73.40673,30.1574],[73.40917,30.15044],[73.40772,30.14837],[73.38497,30.15307],[73.3806,30.15241],[73.37597,30.14909],[73.3726,30.12616],[73.37375,30.1097],[73.37759,30.09694],[73.38481,30.08403],[73.38217,30.08187],[73.38214,30.07318],[73.37866,30.07129],[73.37525,30.07188],[73.37216,30.07474],[73.36624,30.09145],[73.36116,30.09358],[73.35883,30.10059],[73.35186,30.10473],[73.34552,30.10367],[73.33725,30.10484],[73.30587,30.11279],[73.30062,30.11171],[73.29975,30.10863],[73.30186,30.1048],[73.30664,30.10251],[73.28957,30.10194],[73.28385,30.10317],[73.27963,30.10984],[73.27219,30.11071],[73.26264,30.10616],[73.25015,30.09158],[73.23364,30.09276],[73.23118,30.09109],[73.22612,30.0791],[73.21805,30.06673],[73.21099,30.06609],[73.19595,30.07247],[73.19096,30.07018],[73.18904,30.06139],[73.18919,30.04898],[73.18531,30.04494],[73.18093,30.047],[73.1705,30.06227],[73.16321,30.0765],[73.15933,30.07811],[73.15729,30.07429],[73.1562,30.0638],[73.15406,30.05948],[73.14841,30.05417],[73.13903,30.05123],[73.11759,30.03637],[73.08342,30.02438],[73.0819,30.02264],[73.08274,30.01851],[73.09942,30.01135],[73.10076,30.00644],[73.09956,30.00227],[73.09528,30.00188],[73.09002,30.00426],[73.06958,30.02125],[73.04752,30.03679],[73.04021,30.04033],[73.02675,30.04176],[73.01931,30.03779],[73.01627,30.03204],[73.01639,30.02708],[73.02447,30.01034],[73.02774,29.99839],[73.0218,29.99135],[73.00716,29.98476],[73.00555,29.98257],[73.00846,29.97534],[73.01848,29.96771],[73.01854,29.96533],[73.01558,29.96402],[72.99658,29.9674],[72.99232,29.96706],[72.98148,29.96244],[72.97099,29.96313],[72.94903,29.96126],[72.94399,29.96287],[72.94067,29.96549],[72.93578,29.97566],[72.92165,29.99512],[72.9071,30.00114],[72.89408,30.0004],[72.88671,29.99548],[72.88264,29.98199],[72.8801,29.97878],[72.86493,29.96639],[72.85622,29.9542],[72.85495,29.94971],[72.85752,29.93942],[72.86284,29.93519],[72.86889,29.93392],[72.87035,29.93239],[72.86898,29.92873],[72.86442,29.92513],[72.85299,29.92873],[72.84656,29.93505],[72.84489,29.94291],[72.83726,29.95339],[72.83493,29.96667],[72.82936,29.97067],[72.8231,29.97893],[72.81384,29.98067],[72.7919,29.9802],[72.77944,29.97825],[72.76717,29.96969],[72.7621,29.95969],[72.76299,29.95507],[72.77223,29.93779],[72.77041,29.93402],[72.75783,29.92378],[72.7571,29.91888],[72.76942,29.90349],[72.76872,29.89856],[72.76406,29.89394],[72.7593,29.89109],[72.75277,29.89147],[72.74346,29.89759],[72.73154,29.92374],[72.72007,29.92268],[72.71383,29.92394],[72.70766,29.92257],[72.7027,29.92016],[72.69875,29.91418],[72.69618,29.91361],[72.69207,29.90951],[72.69525,29.89714],[72.69434,29.89214],[72.68977,29.89348],[72.68779,29.89582],[72.68467,29.90643],[72.68293,29.90655],[72.67782,29.9008],[72.67599,29.89582],[72.67703,29.89309],[72.6888,29.88098],[72.68668,29.86778],[72.6818,29.85815],[72.6779,29.85885],[72.67465,29.86412],[72.66924,29.86576],[72.66122,29.87257],[72.65387,29.87395],[72.64839,29.87029],[72.64129,29.86123],[72.63823,29.86001],[72.62438,29.85983],[72.61678,29.85662],[72.61506,29.85435],[72.61015,29.85317],[72.6022,29.84099],[72.59867,29.83958],[72.56784,29.84002],[72.56278,29.83589],[72.5611,29.82928],[72.56252,29.80866],[72.56279,29.80404],[72.55656,29.77622],[72.55809,29.76848],[72.56449,29.75594],[72.56814,29.7327],[72.57035,29.73191],[72.57446,29.73548],[72.57669,29.73486],[72.58118,29.72],[72.58691,29.7135],[72.59568,29.71001],[72.60284,29.70376],[72.61597,29.70419],[72.6198,29.70292],[72.62131,29.69114],[72.63407,29.6883],[72.64341,29.6843],[72.64566,29.67422],[72.64276,29.65816],[72.64379,29.65019],[72.64619,29.6495],[72.65287,29.65299],[72.65686,29.65319],[72.66798,29.64758],[72.66997,29.63862],[72.68137,29.64098],[72.68289,29.63575],[72.6813,29.6296],[72.67437,29.62947],[72.66998,29.62514],[72.67151,29.61756],[72.67569,29.61343],[72.67352,29.60475],[72.66705,29.60142],[72.667,29.59556],[72.67257,29.59459],[72.67178,29.58986],[72.6738,29.58802],[72.67876,29.59051],[72.68597,29.58987],[72.68995,29.59208],[72.69445,29.592],[72.69679,29.59071],[72.69755,29.58709],[72.70073,29.58439],[72.70227,29.58055],[72.71089,29.57836],[72.71467,29.56816],[72.71919,29.56584],[72.71977,29.56269],[72.71562,29.5594],[72.7087,29.55716],[72.70785,29.55481],[72.70928,29.55069],[72.70026,29.5484],[72.6991,29.54298],[72.70276,29.53864],[72.7111,29.53939],[72.71532,29.53821],[72.71915,29.5316],[72.72579,29.52836],[72.7259,29.51285],[72.72906,29.50451],[72.72586,29.46433],[72.72216,29.46314],[72.72017,29.45973],[72.70754,29.45928],[72.70331,29.45656],[72.70144,29.45355],[72.69823,29.43728],[72.68532,29.43535],[72.68165,29.43196],[72.66603,29.42605],[72.66375,29.42177],[72.64607,29.41837],[72.64483,29.41475],[72.63604,29.40931],[72.63647,29.38655],[72.63424,29.36927],[72.63774,29.35623],[72.64512,29.34419],[72.66442,29.33232],[72.67096,29.32227],[72.68165,29.32631],[72.69186,29.33688],[72.70353,29.33913],[72.70876,29.33769],[72.70801,29.33085],[72.71564,29.32114],[72.71372,29.31221],[72.71921,29.30317],[72.72359,29.30076],[72.72855,29.30197],[72.74283,29.312],[72.74703,29.31133],[72.75101,29.30683],[72.75951,29.30372],[72.76125,29.30374],[72.7631,29.30946],[72.76703,29.30851],[72.76969,29.30442],[72.7725,29.30465],[72.77485,29.31746],[72.77703,29.31837],[72.78071,29.31842],[72.78402,29.31505],[72.78855,29.30372],[72.78647,29.29857],[72.77849,29.29638],[72.76766,29.29605],[72.76084,29.28989],[72.75482,29.28734],[72.75026,29.28785],[72.74282,29.29135],[72.73326,29.29274],[72.7284,29.29305],[72.72418,29.28788],[72.72186,29.28879],[72.71927,29.29276],[72.70756,29.29194],[72.70321,29.28891],[72.69895,29.28029],[72.69256,29.27947],[72.68733,29.26844],[72.68846,29.2658],[72.6923,29.26459],[72.69334,29.2598],[72.68496,29.25532],[72.6853,29.24906],[72.69618,29.24599],[72.69874,29.24887],[72.69788,29.25275],[72.69984,29.25488],[72.70608,29.25488],[72.7092,29.25289],[72.71008,29.2443],[72.71305,29.24302],[72.72846,29.24587],[72.73314,29.2501],[72.7361,29.24979],[72.73655,29.24085],[72.74076,29.23636],[72.73847,29.23083],[72.73962,29.22724],[72.74663,29.22278],[72.76205,29.2233],[72.76766,29.22136],[72.76747,29.21965],[72.76362,29.21713],[72.73786,29.21678],[72.72468,29.20935],[72.7197,29.20947],[72.70853,29.21633],[72.70377,29.21646],[72.68731,29.20484],[72.68376,29.20531],[72.67632,29.21398],[72.67217,29.21582],[72.66971,29.21544],[72.66427,29.20945],[72.65939,29.209],[72.6407,29.21955],[72.6309,29.22226],[72.62409,29.22803],[72.61548,29.23933],[72.60913,29.24284],[72.57406,29.24194],[72.5358,29.23833],[72.51649,29.24031],[72.51413,29.23871],[72.51143,29.23206],[72.49018,29.22665],[72.48495,29.22662],[72.48264,29.22317],[72.48685,29.2183],[72.48605,29.21507],[72.4717,29.20591],[72.46163,29.20235],[72.45893,29.20301],[72.45636,29.20606],[72.45224,29.20637],[72.44001,29.20352],[72.434,29.20452],[72.40945,29.20284],[72.39447,29.20468],[72.38626,29.20378],[72.38117,29.19915],[72.36754,29.19892],[72.35488,29.20536],[72.34629,29.21205],[72.34415,29.21646],[72.34336,29.22789],[72.33682,29.22953],[72.33501,29.23254],[72.32874,29.23224],[72.32642,29.22936],[72.3221,29.22871],[72.3196,29.22431],[72.31119,29.22265],[72.30479,29.21855],[72.30003,29.21847],[72.29908,29.22225],[72.29602,29.22314],[72.29103,29.21989],[72.2793,29.21962],[72.27369,29.21498],[72.27206,29.21059],[72.27757,29.20594],[72.27829,29.20324],[72.27634,29.20109],[72.2667,29.19873],[72.26492,29.19111],[72.26782,29.18756],[72.27673,29.18582],[72.27815,29.18034],[72.27671,29.17709],[72.26717,29.16747],[72.26408,29.16002],[72.26615,29.15437],[72.27871,29.14434],[72.27075,29.13301],[72.27051,29.12447],[72.28356,29.11796],[72.28187,29.112],[72.27621,29.10412],[72.27479,29.09973],[72.27555,29.09482],[72.27931,29.09233],[72.29356,29.09209],[72.29686,29.08987],[72.29944,29.06146],[72.304,29.05866],[72.31097,29.05825],[72.31468,29.06226],[72.31445,29.0725],[72.31591,29.07461],[72.31977,29.07639],[72.3237,29.07437],[72.32956,29.07371],[72.33548,29.07969],[72.33495,29.09438],[72.33199,29.10175],[72.33341,29.10488],[72.3375,29.10571],[72.34787,29.0929],[72.35211,29.09021],[72.36014,29.08883],[72.36478,29.08455],[72.38389,29.06039],[72.40605,29.02683],[72.4212,28.9988],[72.42637,28.98642],[72.43971,28.93147],[72.46927,28.85761],[72.48547,28.82633],[72.49,28.81439],[72.54339,28.84329],[72.55208,28.85055],[72.55862,28.85232],[72.58804,28.86993],[72.61192,28.88162],[72.61613,28.88548],[72.61978,28.88521],[72.62295,28.88862],[72.67655,28.91881],[72.68603,28.92582],[72.70678,28.93569],[72.73019,28.95012],[72.91862,29.02065],[72.93622,29.02755],[72.94442,29.0341],[72.96248,29.06898],[72.96522,29.07721],[73.00093,29.15086],[73.0966,29.25538],[73.09827,29.26109],[73.13088,29.31433],[73.13201,29.31868],[73.21436,29.4522],[73.23033,29.47927],[73.23255,29.48589],[73.23844,29.49223],[73.25172,29.51521],[73.25504,29.52388],[73.25823,29.52612],[73.27481,29.55616],[73.28586,29.5849],[73.33292,29.73377],[73.33616,29.73831],[73.33603,29.74496],[73.3427,29.76276],[73.37765,29.87852],[73.37802,29.88379],[73.38015,29.88513],[73.38136,29.89291],[73.39652,29.93901],[73.40829,29.94754],[73.57822,30.01012],[73.61802,30.02251],[73.62917,30.02416],[73.77041,30.05809],[73.80391,30.06986],[73.82149,30.08788],[73.84249,30.10515],[73.84809,30.10779],[73.85136,30.11163],[73.91342,30.15631],[73.9456,30.17632],[73.96526,30.1913],[73.96896,30.20155],[73.96453,30.24453],[73.95667,30.27748],[73.94366,30.30594],[73.92427,30.32961]]]},"properties":{"district":"Bahawalnagar","province":"Punjab","pcode":"PK602","pop_2023":3550342,"area_km2":8576.8}},{"type":"Feature","geometry":{"type":"Polygon","coordinates":[[[72.56252,29.80866],[72.5525,29.80759],[72.54619,29.80823],[72.54181,29.81037],[72.53664,29.81583],[72.53294,29.82654],[72.52919,29.83181],[72.51283,29.84339],[72.51022,29.84369],[72.50465,29.8403],[72.50245,29.83612],[72.50024,29.82062],[72.49821,29.81829],[72.4922,29.81711],[72.49045,29.81933],[72.48855,29.82534],[72.48914,29.83167],[72.48755,29.83386],[72.47704,29.83035],[72.46218,29.82116],[72.45926,29.8216],[72.4561,29.82473],[72.45542,29.82884],[72.45871,29.83685],[72.46145,29.84951],[72.4606,29.85102],[72.45403,29.84956],[72.45193,29.8428],[72.44972,29.84092],[72.44326,29.84495],[72.43421,29.84061],[72.42938,29.84025],[72.41838,29.84336],[72.40056,29.8575],[72.39794,29.86205],[72.39264,29.86346],[72.37393,29.84893],[72.37016,29.83754],[72.36434,29.8379],[72.3536,29.84391],[72.34667,29.84428],[72.34104,29.84277],[72.33449,29.84356],[72.33187,29.83971],[72.33199,29.83586],[72.32364,29.83425],[72.3119,29.82219],[72.30984,29.81579],[72.31044,29.80885],[72.30831,29.80429],[72.30464,29.80425],[72.30463,29.8097],[72.29944,29.81205],[72.29675,29.815],[72.29031,29.8139],[72.28501,29.80715],[72.27916,29.80386],[72.26364,29.80814],[72.25845,29.8111],[72.25582,29.81445],[72.25009,29.81464],[72.24434,29.80991],[72.23618,29.79767],[72.22805,29.79473],[72.22668,29.79263],[72.22767,29.78573],[72.22639,29.76933],[72.22088,29.76674],[72.21375,29.76708],[72.20872,29.76259],[72.20916,29.75932],[72.21718,29.75381],[72.21901,29.75031],[72.22781,29.74267],[72.22829,29.73322],[72.23158,29.72944],[72.2359,29.727],[72.23766,29.72416],[72.24472,29.72254],[72.24215,29.71362],[72.23637,29.70683],[72.22921,29.70635],[72.21882,29.70334],[72.20544,29.70506],[72.19505,29.71047],[72.191,29.70915],[72.18906,29.70332],[72.18872,29.69372],[72.18299,29.68093],[72.18324,29.67121],[72.17748,29.6682],[72.17636,29.66566],[72.18031,29.65313],[72.17986,29.64983],[72.17525,29.64666],[72.16788,29.64763],[72.1619,29.64618],[72.15779,29.64222],[72.15797,29.6373],[72.16124,29.63302],[72.1607,29.62832],[72.16443,29.62165],[72.1634,29.61953],[72.15787,29.61899],[72.15508,29.61573],[72.147,29.61264],[72.12283,29.59323],[72.11763,29.59462],[72.11371,29.5924],[72.09763,29.59172],[72.09346,29.59602],[72.09271,29.60177],[72.07835,29.59861],[72.07018,29.60632],[72.06591,29.60584],[72.06581,29.60243],[72.07264,29.59568],[72.07069,29.58808],[72.07474,29.56131],[72.07229,29.55559],[72.06275,29.55219],[72.04783,29.55147],[72.02516,29.56489],[72.02178,29.568],[72.02245,29.57683],[72.02008,29.57848],[72.01583,29.5723],[72.00734,29.55056],[71.99042,29.54656],[71.97408,29.54708],[71.96908,29.54959],[71.96432,29.56417],[71.9619,29.5657],[71.95638,29.56444],[71.95042,29.55951],[71.94241,29.55641],[71.93451,29.56596],[71.92689,29.56149],[71.91765,29.5651],[71.91168,29.56451],[71.91187,29.55666],[71.91555,29.54691],[71.92275,29.54306],[71.93975,29.52746],[71.94644,29.51734],[71.94646,29.51398],[71.93925,29.51137],[71.93103,29.51339],[71.91636,29.53187],[71.91443,29.53292],[71.90991,29.5322],[71.90881,29.52839],[71.91013,29.51017],[71.90753,29.5003],[71.90426,29.49713],[71.89994,29.49757],[71.89612,29.50156],[71.89548,29.50436],[71.89562,29.53872],[71.87468,29.54558],[71.87226,29.54542],[71.87128,29.5437],[71.8676,29.5294],[71.86803,29.52229],[71.8709,29.51963],[71.87118,29.51605],[71.86271,29.51435],[71.85538,29.51565],[71.85167,29.52231],[71.85094,29.53485],[71.84591,29.53784],[71.84053,29.53773],[71.81679,29.53318],[71.81519,29.53064],[71.81023,29.52817],[71.80736,29.51988],[71.80115,29.50985],[71.79551,29.50543],[71.78537,29.50218],[71.77727,29.50259],[71.76747,29.51588],[71.75452,29.5259],[71.74031,29.53051],[71.73332,29.52998],[71.72915,29.52685],[71.72743,29.52263],[71.72919,29.50166],[71.72503,29.49582],[71.7165,29.49061],[71.71411,29.48284],[71.70353,29.47894],[71.69894,29.48415],[71.69492,29.48488],[71.67622,29.46934],[71.67307,29.46982],[71.66552,29.47546],[71.66066,29.47666],[71.64254,29.47682],[71.6373,29.47546],[71.62713,29.4701],[71.61582,29.45688],[71.61213,29.44889],[71.61193,29.44039],[71.61027,29.43707],[71.605,29.43785],[71.59248,29.44582],[71.58563,29.44664],[71.58244,29.44403],[71.57533,29.43255],[71.56894,29.42658],[71.5649,29.42618],[71.56091,29.42875],[71.55316,29.42365],[71.54065,29.4188],[71.53938,29.4218],[71.54335,29.4327],[71.5167,29.44885],[71.50881,29.44208],[71.50383,29.41019],[71.50156,29.40689],[71.48753,29.40222],[71.47776,29.39674],[71.47688,29.39206],[71.48189,29.38168],[71.47933,29.37426],[71.47691,29.37233],[71.47171,29.37356],[71.45825,29.38636],[71.45281,29.39361],[71.45461,29.39894],[71.45387,29.40135],[71.43273,29.41836],[71.42811,29.41847],[71.41109,29.41254],[71.39194,29.41129],[71.38868,29.40879],[71.3807,29.39032],[71.37707,29.38776],[71.37251,29.39011],[71.36976,29.39359],[71.37128,29.40325],[71.36661,29.40547],[71.35972,29.41317],[71.36108,29.4206],[71.35454,29.42322],[71.35078,29.41892],[71.34587,29.41867],[71.33658,29.42944],[71.33006,29.43137],[71.32684,29.42907],[71.32363,29.41543],[71.32103,29.41354],[71.31758,29.41384],[71.31305,29.41692],[71.31501,29.42336],[71.33462,29.44946],[71.33538,29.45847],[71.33268,29.4651],[71.32807,29.46605],[71.31571,29.44939],[71.30438,29.44594],[71.30109,29.44084],[71.29419,29.4411],[71.28735,29.44516],[71.23861,29.44594],[71.23477,29.44823],[71.23126,29.47853],[71.22851,29.48116],[71.22405,29.48238],[71.21667,29.4825],[71.19395,29.47892],[71.16208,29.46897],[71.14772,29.46142],[71.13527,29.451],[71.13335,29.45131],[71.13211,29.45383],[71.12955,29.4722],[71.12712,29.47345],[71.11823,29.46201],[71.11749,29.45666],[71.12068,29.44983],[71.1202,29.44724],[71.11363,29.45066],[71.10495,29.45083],[71.10014,29.44534],[71.09491,29.43278],[71.08648,29.42847],[71.08033,29.42929],[71.07744,29.43698],[71.07296,29.44186],[71.06578,29.4435],[71.06105,29.44277],[71.05863,29.44041],[71.05754,29.43158],[71.05565,29.4282],[71.05279,29.42524],[71.04173,29.42063],[71.03608,29.41535],[71.03502,29.40737],[71.03733,29.39754],[71.03743,29.38669],[71.03204,29.38044],[71.02385,29.37605],[70.99898,29.36742],[70.98921,29.35772],[70.98428,29.35768],[70.97579,29.36236],[70.9716,29.36236],[70.96371,29.34982],[70.95956,29.34641],[70.95004,29.34537],[70.9352,29.34763],[70.92812,29.343],[70.92408,29.33744],[70.91603,29.32295],[70.91474,29.3167],[70.91613,29.31527],[70.92712,29.31345],[70.93046,29.31012],[70.95005,29.30023],[70.95934,29.28009],[70.95858,29.27605],[70.95316,29.27048],[70.94577,29.26969],[70.91746,29.28183],[70.91224,29.28274],[70.91088,29.28176],[70.90981,29.27983],[70.91182,29.27289],[70.91846,29.26791],[70.92096,29.26068],[70.92067,29.25138],[70.91493,29.24129],[70.91696,29.2393],[70.91772,29.23483],[70.91693,29.22742],[70.91113,29.20819],[70.88704,29.1802],[70.88647,29.17671],[70.89127,29.17489],[70.89708,29.17547],[70.91078,29.1824],[70.91708,29.18165],[70.91904,29.17651],[70.91926,29.16783],[70.92333,29.16356],[70.9313,29.15969],[70.93309,29.15621],[70.93286,29.13912],[70.94671,29.12664],[70.95018,29.10671],[70.96972,29.09143],[70.98441,29.08222],[70.99444,29.07887],[70.99994,29.0836],[71.0213,29.12948],[71.0287,29.13744],[71.03586,29.14221],[71.045,29.14645],[71.06406,29.15112],[71.07789,29.14994],[71.08242,29.14334],[71.08126,29.13608],[71.07283,29.12955],[71.08269,29.11813],[71.08673,29.09432],[71.08743,29.06791],[71.08329,29.06268],[71.06387,29.05078],[71.06049,29.04707],[71.06034,29.03909],[71.06411,29.03028],[71.06404,29.025],[71.05647,29.0191],[71.05287,29.01084],[71.04573,29.00916],[71.04265,29.00657],[71.04096,29.00084],[71.04225,28.99366],[71.04704,28.99265],[71.05479,28.99344],[71.05743,28.99199],[71.06122,28.98261],[71.0596,28.97365],[71.05229,28.96706],[71.0519,28.96454],[71.0549,28.95305],[71.06141,28.94014],[71.06159,28.93463],[71.05702,28.92977],[71.04528,28.9223],[71.04363,28.91802],[71.04559,28.91125],[71.05506,28.90198],[71.06018,28.89061],[71.0569,28.86149],[71.04652,28.81872],[71.04025,28.80387],[71.02031,28.75959],[70.99368,28.7154],[70.97876,28.68028],[70.97235,28.65526],[70.9682,28.6269],[70.95258,28.57733],[70.9481,28.54415],[70.94847,28.5118],[70.95343,28.46521],[70.96669,28.40409],[70.97054,28.37742],[70.97209,28.33076],[70.96764,28.2795],[70.97463,28.23447],[70.99188,28.17768],[71.02004,28.13731],[71.03031,28.11849],[71.03544,28.09909],[71.03778,28.08191],[71.06132,28.0157],[71.07347,27.94729],[71.07963,27.92678],[71.09167,27.89833],[71.09265,27.86591],[71.09853,27.82272],[71.1058,27.79313],[71.22108,27.84276],[71.24407,27.84941],[71.24949,27.84918],[71.35252,27.86608],[71.58549,27.87685],[71.67488,27.88552],[71.69635,27.89187],[71.83327,27.94157],[71.89023,27.95828],[71.89957,27.9642],[71.91093,28.04126],[71.92166,28.10089],[71.92227,28.11397],[71.9693,28.1766],[71.99203,28.20356],[72.01914,28.2275],[72.12421,28.30395],[72.14067,28.31876],[72.15062,28.32971],[72.15143,28.33337],[72.18443,28.358],[72.20885,28.39998],[72.24325,28.49636],[72.24438,28.50576],[72.24936,28.51077],[72.25342,28.52703],[72.30196,28.66482],[72.32982,28.70384],[72.39619,28.77465],[72.41142,28.78622],[72.47286,28.80563],[72.49,28.81439],[72.48547,28.82633],[72.46927,28.85761],[72.43971,28.93147],[72.42637,28.98642],[72.4212,28.9988],[72.40605,29.02683],[72.38389,29.06039],[72.36478,29.08455],[72.36014,29.08883],[72.35211,29.09021],[72.34787,29.0929],[72.3375,29.10571],[72.33341,29.10488],[72.33199,29.10175],[72.33495,29.09438],[72.33548,29.07969],[72.32956,29.07371],[72.3237,29.07437],[72.31977,29.07639],[72.31591,29.07461],[72.31445,29.0725],[72.31468,29.06226],[72.31097,29.05825],[72.304,29.05866],[72.29944,29.06146],[72.29686,29.08987],[72.29356,29.09209],[72.27931,29.09233],[72.27555,29.09482],[72.27479,29.09973],[72.27621,29.10412],[72.28187,29.112],[72.28356,29.11796],[72.27051,29.12447],[72.27075,29.13301],[72.27871,29.14434],[72.26615,29.15437],[72.26408,29.16002],[72.26717,29.16747],[72.27671,29.17709],[72.27815,29.18034],[72.27673,29.18582],[72.26782,29.18756],[72.26492,29.19111],[72.2667,29.19873],[72.27634,29.20109],[72.27829,29.20324],[72.27757,29.20594],[72.27206,29.21059],[72.27369,29.21498],[72.2793,29.21962],[72.29103,29.21989],[72.29602,29.22314],[72.29908,29.22225],[72.30003,29.21847],[72.30479,29.21855],[72.31119,29.22265],[72.3196,29.22431],[72.3221,29.22871],[72.32642,29.22936],[72.32874,29.23224],[72.33501,29.23254],[72.33682,29.22953],[72.34336,29.22789],[72.34415,29.21646],[72.34629,29.21205],[72.35488,29.20536],[72.36754,29.19892],[72.38117,29.19915],[72.38626,29.20378],[72.39447,29.20468],[72.40945,29.20284],[72.434,29.20452],[72.44001,29.20352],[72.45224,29.20637],[72.45636,29.20606],[72.45893,29.20301],[72.46163,29.20235],[72.4717,29.20591],[72.48605,29.21507],[72.48685,29.2183],[72.48264,29.22317],[72.48495,29.22662],[72.49018,29.22665],[72.51143,29.23206],[72.51413,29.23871],[72.51649,29.24031],[72.5358,29.23833],[72.57406,29.24194],[72.60913,29.24284],[72.61548,29.23933],[72.62409,29.22803],[72.6309,29.22226],[72.6407,29.21955],[72.65939,29.209],[72.66427,29.20945],[72.66971,29.21544],[72.67217,29.21582],[72.67632,29.21398],[72.68376,29.20531],[72.68731,29.20484],[72.70377,29.21646],[72.70853,29.21633],[72.7197,29.20947],[72.72468,29.20935],[72.73786,29.21678],[72.76362,29.21713],[72.76747,29.21965],[72.76766,29.22136],[72.76205,29.2233],[72.74663,29.22278],[72.73962,29.22724],[72.73847,29.23083],[72.74076,29.23636],[72.73655,29.24085],[72.7361,29.24979],[72.73314,29.2501],[72.72846,29.24587],[72.71305,29.24302],[72.71008,29.2443],[72.7092,29.25289],[72.70608,29.25488],[72.69984,29.25488],[72.69788,29.25275],[72.69874,29.24887],[72.69618,29.24599],[72.6853,29.24906],[72.68496,29.25532],[72.69334,29.2598],[72.6923,29.26459],[72.68846,29.2658],[72.68733,29.26844],[72.69256,29.27947],[72.69895,29.28029],[72.70321,29.28891],[72.70756,29.29194],[72.71927,29.29276],[72.72186,29.28879],[72.72418,29.28788],[72.7284,29.29305],[72.73326,29.29274],[72.74282,29.29135],[72.75026,29.28785],[72.75482,29.28734],[72.76084,29.28989],[72.76766,29.29605],[72.77849,29.29638],[72.78647,29.29857],[72.78855,29.30372],[72.78402,29.31505],[72.78071,29.31842],[72.77703,29.31837],[72.77485,29.31746],[72.7725,29.30465],[72.76969,29.30442],[72.76703,29.30851],[72.7631,29.30946],[72.76125,29.30374],[72.75951,29.30372],[72.75101,29.30683],[72.74703,29.31133],[72.74283,29.312],[72.72855,29.30197],[72.72359,29.30076],[72.71921,29.30317],[72.71372,29.31221],[72.71564,29.32114],[72.70801,29.33085],[72.70876,29.33769],[72.70353,29.33913],[72.69186,29.33688],[72.68165,29.32631],[72.67096,29.32227],[72.66442,29.33232],[72.64512,29.34419],[72.63774,29.35623],[72.63424,29.36927],[72.63647,29.38655],[72.63604,29.40931],[72.64483,29.41475],[72.64607,29.41837],[72.66375,29.42177],[72.66603,29.42605],[72.68165,29.43196],[72.68532,29.43535],[72.69823,29.43728],[72.70144,29.45355],[72.70331,29.45656],[72.70754,29.45928],[72.72017,29.45973],[72.72216,29.46314],[72.72586,29.46433],[72.72906,29.50451],[72.7259,29.51285],[72.72579,29.52836],[72.71915,29.5316],[72.71532,29.53821],[72.7111,29.53939],[72.70276,29.53864],[72.6991,29.54298],[72.70026,29.5484],[72.70928,29.55069],[72.70785,29.55481],[72.7087,29.55716],[72.71562,29.5594],[72.71977,29.56269],[72.71919,29.56584],[72.71467,29.56816],[72.71089,29.57836],[72.70227,29.58055],[72.70073,29.58439],[72.69755,29.58709],[72.69679,29.59071],[72.69445,29.592],[72.68995,29.59208],[72.68597,29.58987],[72.67876,29.59051],[72.6738,29.58802],[72.67178,29.58986],[72.67257,29.59459],[72.667,29.59556],[72.66705,29.60142],[72.67352,29.60475],[72.67569,29.61343],[72.67151,29.61756],[72.66998,29.62514],[72.67437,29.62947],[72.6813,29.6296],[72.68289,29.63575],[72.68137,29.64098],[72.66997,29.63862],[72.66798,29.64758],[72.65686,29.65319],[72.65287,29.65299],[72.64619,29.6495],[72.64379,29.65019],[72.64276,29.65816],[72.64566,29.67422],[72.64341,29.6843],[72.63407,29.6883],[72.62131,29.69114],[72.6198,29.70292],[72.61597,29.70419],[72.60284,29.70376],[72.59568,29.71001],[72.58691,29.7135],[72.58118,29.72],[72.57669,29.73486],[72.57446,29.73548],[72.57035,29.73191],[72.56814,29.7327],[72.56449,29.75594],[72.55809,29.76848],[72.55656,29.77622],[72.56279,29.80404],[72.56252,29.80866]]]},"properties":{"district":"Bahawalpur","province":"Punjab","pcode":"PK603","pop_2023":4284964,"area_km2":23966.1}},{"type":"Feature","geometry":{"type":"Polygon","coordinates":[[[71.72838,32.19879],[71.70425,32.1941],[71.67664,32.19197],[71.66283,32.19174],[71.64124,32.19475],[71.61367,32.19602],[71.5797,32.20387],[71.53504,32.21904],[71.52389,32.22156],[71.51575,32.22137],[71.50821,32.22015],[71.47723,32.19914],[71.46312,32.19417],[71.43297,32.19526],[71.38122,32.20529],[71.35115,32.20735],[71.34414,32.20641],[71.33589,32.20224],[71.32112,32.17393],[71.3114,32.17113],[71.29327,32.18384],[71.26656,32.18892],[71.24211,32.20235],[71.23653,32.19669],[71.23171,32.1857],[71.23548,32.18343],[71.23437,32.17398],[71.22774,32.16787],[71.23247,32.17394],[71.23124,32.1774],[71.21225,32.18552],[71.20242,32.18425],[71.19862,32.18739],[71.20152,32.19304],[71.20093,32.19602],[71.17431,32.20497],[71.17647,32.19911],[71.17298,32.19094],[71.16148,32.17804],[71.15566,32.16864],[71.14658,32.16021],[71.13081,32.1599],[71.11654,32.16375],[71.11451,32.16371],[71.11216,32.16092],[71.10239,32.13321],[71.10256,32.12702],[71.11253,32.11758],[71.11359,32.10798],[71.10236,32.08987],[71.09587,32.06232],[71.09048,32.05224],[71.09065,32.04605],[71.08841,32.03947],[71.08089,32.03382],[71.06919,32.0329],[71.06321,32.03003],[71.06332,32.02591],[71.06879,32.0181],[71.07214,31.99891],[71.06668,31.97059],[71.07101,31.95022],[71.06468,31.92728],[71.06882,31.91638],[71.06135,31.90679],[71.0594,31.90076],[71.06229,31.88303],[71.04118,31.87413],[71.03546,31.86793],[71.02052,31.81574],[71.01714,31.80751],[71.00324,31.78756],[71.00073,31.77991],[70.99673,31.77697],[70.98235,31.77515],[70.97625,31.76143],[70.96104,31.75159],[70.95469,31.73263],[70.94234,31.7256],[70.93864,31.72069],[70.93621,31.71627],[70.93193,31.69662],[70.93317,31.69331],[70.9415,31.69131],[70.94363,31.68798],[70.94289,31.68624],[70.94131,31.68544],[70.92116,31.68887],[70.90771,31.68209],[70.89438,31.66423],[70.88413,31.64322],[70.88254,31.63785],[70.8897,31.6342],[70.89167,31.62958],[70.88418,31.61771],[70.88327,31.61238],[70.8912,31.60685],[70.89233,31.60089],[70.89869,31.59227],[70.89941,31.58793],[70.89745,31.58511],[70.89279,31.58441],[70.88993,31.57475],[70.88033,31.57093],[70.88013,31.55957],[70.87761,31.55707],[70.87295,31.55561],[70.86936,31.54725],[70.87165,31.54523],[70.87949,31.5439],[70.88642,31.53421],[70.90118,31.52395],[70.90221,31.51839],[70.90093,31.5141],[70.89643,31.51241],[70.87212,31.51446],[70.87004,31.51424],[70.8693,31.5125],[70.8763,31.50907],[70.87703,31.49425],[70.87989,31.49039],[70.89249,31.48784],[70.89738,31.4841],[70.8908,31.47163],[70.88438,31.44847],[70.88468,31.4465],[70.8924,31.44254],[70.89355,31.44038],[70.89265,31.43734],[70.87578,31.42768],[70.84927,31.42526],[70.84505,31.42599],[70.84248,31.42483],[70.84296,31.3987],[70.83993,31.39669],[70.83022,31.3969],[70.82701,31.39283],[70.83614,31.38837],[70.83541,31.38301],[70.85652,31.38132],[70.86617,31.37829],[70.86834,31.37404],[70.87468,31.3834],[70.88546,31.39087],[70.89255,31.39805],[70.89312,31.40552],[70.90607,31.40534],[70.91051,31.40694],[70.9142,31.40382],[70.91401,31.4095],[70.91609,31.41139],[70.93196,31.41044],[70.92848,31.39882],[70.92659,31.39758],[70.92753,31.3885],[70.93241,31.37893],[70.94607,31.3764],[70.95893,31.37612],[70.9628,31.37716],[70.96186,31.37933],[70.96866,31.38009],[70.97387,31.37697],[70.97987,31.37748],[70.99221,31.38056],[70.99996,31.38472],[71.03645,31.38491],[71.06398,31.38153],[71.09376,31.38153],[71.10443,31.37929],[71.11736,31.37479],[71.13815,31.36187],[71.14994,31.36131],[71.18084,31.36412],[71.19667,31.36348],[71.20042,31.35386],[71.19415,31.34179],[71.19348,31.31129],[71.20257,31.30462],[71.21835,31.28619],[71.22206,31.27538],[71.23097,31.26553],[71.25626,31.23117],[71.26093,31.22985],[71.26673,31.23064],[71.27112,31.23633],[71.27668,31.23888],[71.28001,31.23888],[71.28262,31.23664],[71.29333,31.17568],[71.29907,31.15756],[71.30539,31.14948],[71.31945,31.14101],[71.32281,31.14045],[71.34847,31.14684],[71.38626,31.15014],[71.4323,31.15141],[71.44379,31.15254],[71.45195,31.15499],[71.46118,31.1601],[71.47232,31.17092],[71.48127,31.18351],[71.49448,31.20648],[71.49694,31.22293],[71.49981,31.22827],[71.51771,31.23287],[71.52954,31.2402],[71.53841,31.24266],[71.57598,31.24023],[71.59782,31.23595],[71.60737,31.23256],[71.63249,31.22039],[71.64534,31.2102],[71.66416,31.19066],[71.68631,31.17553],[71.69095,31.17498],[71.72204,31.1792],[71.74161,31.17868],[71.75146,31.17685],[71.7621,31.17374],[71.76426,31.15718],[71.77709,31.16731],[71.79052,31.18424],[71.79202,31.20918],[71.79846,31.2255],[71.80304,31.23185],[71.81728,31.23785],[71.84571,31.24571],[71.87159,31.26373],[71.89217,31.26814],[71.91146,31.26821],[71.96362,31.26016],[71.99081,31.2531],[72.00178,31.25498],[72.00738,31.26212],[72.01031,31.27026],[72.01483,31.30679],[72.0239,31.33119],[72.01883,31.34298],[72.01779,31.34988],[72.02084,31.37671],[72.01631,31.39113],[72.0077,31.40843],[72.01039,31.42028],[72.00646,31.44386],[72.00608,31.48096],[72.00343,31.48351],[71.98628,31.48862],[71.97847,31.49388],[71.9788,31.51778],[71.98891,31.53142],[71.96562,31.53921],[71.94944,31.54705],[71.93694,31.55552],[71.93479,31.55919],[71.93111,31.57722],[71.92334,31.58728],[71.91394,31.59491],[71.90068,31.6025],[71.88588,31.60855],[71.85976,31.61485],[71.85246,31.62548],[71.83647,31.63879],[71.80965,31.65551],[71.80678,31.66309],[71.78913,31.66929],[71.77537,31.67635],[71.75959,31.68786],[71.75437,31.69595],[71.75176,31.71021],[71.74961,31.73774],[71.74705,31.7421],[71.74912,31.75314],[71.72992,31.77739],[71.71544,31.81227],[71.70735,31.81665],[71.69485,31.82013],[71.62408,31.84802],[71.62383,31.85082],[71.63191,31.86593],[71.64467,31.88009],[71.67183,31.88636],[71.6806,31.89167],[71.68608,31.89813],[71.69167,31.91581],[71.70274,31.93443],[71.71682,31.95133],[71.72072,31.96088],[71.72111,31.96928],[71.71198,31.98958],[71.72015,31.99582],[71.73806,32.01559],[71.756,32.0304],[71.7676,32.04412],[71.77098,32.05161],[71.77245,32.10522],[71.77881,32.13868],[71.7754,32.14533],[71.75596,32.16664],[71.75139,32.17741],[71.73302,32.18038],[71.73064,32.18211],[71.72838,32.19879]]]},"properties":{"district":"Bhakkar","province":"Punjab","pcode":"PK604","pop_2023":1957470,"area_km2":8473.1}},{"type":"Feature","geometry":{"type":"Polygon","coordinates":[[[72.63627,33.19018],[72.62264,33.18825],[72.61692,33.19007],[72.61211,33.1889],[72.60496,33.19072],[72.58898,33.18916],[72.58391,33.20112],[72.57703,33.20839],[72.57248,33.21099],[72.56468,33.21411],[72.53934,33.21255],[72.53142,33.20385],[72.5205,33.20138],[72.51413,33.19644],[72.5079,33.18656],[72.50686,33.17682],[72.50387,33.17344],[72.504,33.16499],[72.49997,33.1581],[72.48866,33.14992],[72.47086,33.14316],[72.46475,33.14277],[72.45605,33.15057],[72.45176,33.15148],[72.44396,33.15057],[72.43734,33.14732],[72.43045,33.14121],[72.40095,33.13757],[72.37444,33.1303],[72.36665,33.13225],[72.36236,33.13731],[72.3504,33.13978],[72.31597,33.13432],[72.29453,33.12874],[72.29193,33.13134],[72.29167,33.13523],[72.2774,33.14518],[72.27538,33.14508],[72.27517,33.14116],[72.27237,33.13968],[72.25408,33.13597],[72.25197,33.13291],[72.2304,33.13451],[72.22804,33.13853],[72.22746,33.14631],[72.20781,33.15416],[72.19757,33.16187],[72.19042,33.16479],[72.18928,33.1623],[72.19226,33.15613],[72.18725,33.14651],[72.18703,33.14166],[72.19271,33.1384],[72.1937,33.13422],[72.19646,33.13167],[72.19367,33.12784],[72.18299,33.12397],[72.18376,33.11882],[72.17748,33.11308],[72.17702,33.10696],[72.17405,33.10419],[72.16051,33.10321],[72.14075,33.10987],[72.1172,33.11237],[72.1136,33.11584],[72.10217,33.10937],[72.09617,33.10807],[72.09277,33.12318],[72.08121,33.12226],[72.07124,33.12392],[72.05942,33.12214],[72.04764,33.11702],[72.0466,33.10915],[72.04067,33.10371],[72.03302,33.10036],[72.03016,33.09998],[72.02729,33.10132],[72.02394,33.10588],[72.0183,33.10705],[71.98341,33.09778],[71.96697,33.09768],[71.96468,33.09663],[71.96296,33.09281],[71.95359,33.08669],[71.94604,33.07684],[71.93743,33.07369],[71.93055,33.06891],[71.90971,33.04559],[71.90378,33.04473],[71.86832,33.05276],[71.86402,33.05218],[71.86125,33.04941],[71.85857,33.04893],[71.85016,33.04989],[71.84825,33.04731],[71.84882,33.03698],[71.84643,33.03392],[71.83993,33.03039],[71.83295,33.02264],[71.819,33.01729],[71.80418,33.00487],[71.80897,33.0025],[71.81367,33.00407],[71.82032,32.99874],[71.83143,33.00266],[71.83677,33.00206],[71.84271,32.99979],[71.84722,32.99381],[71.8644,32.99018],[71.87825,32.9831],[71.88563,32.96774],[71.88572,32.93333],[71.88889,32.91955],[71.89434,32.90949],[71.89688,32.89577],[71.90624,32.89076],[71.90977,32.88668],[71.91469,32.8606],[71.92304,32.85447],[71.93874,32.85192],[71.94903,32.84741],[71.95915,32.84047],[71.96832,32.83908],[71.96879,32.83501],[71.9649,32.82687],[71.96908,32.82523],[71.97846,32.82718],[71.9797,32.82507],[71.97824,32.82127],[71.9734,32.81843],[71.97272,32.81642],[71.9751,32.80732],[71.97407,32.80457],[71.95398,32.79719],[71.93592,32.78487],[71.92962,32.77633],[71.92334,32.77458],[71.91497,32.76701],[71.90185,32.76352],[71.89153,32.7539],[71.89263,32.74548],[71.89033,32.72743],[71.89204,32.72446],[71.89814,32.72079],[71.89958,32.7178],[71.89265,32.70966],[71.89279,32.70233],[71.89744,32.69314],[71.90787,32.68823],[71.91388,32.68742],[71.91548,32.68542],[71.91312,32.67003],[71.91086,32.66569],[71.89285,32.66097],[71.89059,32.65731],[71.89753,32.64796],[71.90475,32.64577],[71.90765,32.6412],[71.91,32.62811],[71.9241,32.61382],[71.92537,32.60893],[71.92193,32.58806],[71.92264,32.58468],[71.93777,32.57118],[71.93854,32.56895],[71.93839,32.56023],[71.93291,32.55114],[71.93177,32.54625],[71.93288,32.54394],[71.9364,32.54068],[71.94667,32.53957],[71.95063,32.53388],[71.95375,32.54967],[71.95711,32.55241],[71.96391,32.55587],[71.97345,32.55549],[71.98301,32.55784],[71.9831,32.56079],[71.98026,32.56196],[71.97828,32.56598],[71.97824,32.57001],[71.97925,32.57405],[71.98625,32.58052],[72.04639,32.59956],[72.07357,32.62005],[72.1137,32.63132],[72.12021,32.6339],[72.12404,32.6399],[72.13901,32.64522],[72.14181,32.64837],[72.14491,32.65675],[72.15369,32.66307],[72.15508,32.66667],[72.15393,32.68021],[72.14588,32.71211],[72.14608,32.71545],[72.15254,32.71812],[72.15997,32.71727],[72.16218,32.70604],[72.16451,32.70342],[72.19439,32.7024],[72.21723,32.69775],[72.22181,32.69763],[72.23575,32.70114],[72.24299,32.70103],[72.29026,32.69098],[72.31341,32.69169],[72.34092,32.69475],[72.3447,32.68417],[72.34951,32.67837],[72.36758,32.66994],[72.37367,32.65773],[72.37562,32.65654],[72.38745,32.65629],[72.38926,32.64896],[72.38859,32.63128],[72.39002,32.62815],[72.39585,32.62728],[72.40289,32.63104],[72.41032,32.62943],[72.41281,32.626],[72.41374,32.61765],[72.41552,32.61571],[72.42611,32.61635],[72.43298,32.61892],[72.43646,32.62923],[72.44049,32.63477],[72.45458,32.64348],[72.46318,32.65352],[72.47673,32.66476],[72.48368,32.66844],[72.48739,32.66886],[72.49924,32.66625],[72.50913,32.66763],[72.51663,32.67474],[72.52037,32.68261],[72.531,32.68828],[72.53758,32.69491],[72.54292,32.69001],[72.54413,32.68073],[72.54273,32.67535],[72.53515,32.6632],[72.53817,32.66069],[72.54838,32.66456],[72.5672,32.662],[72.56898,32.66052],[72.57024,32.65741],[72.56722,32.6535],[72.56568,32.64783],[72.5651,32.63836],[72.56729,32.63651],[72.57461,32.63591],[72.5763,32.63418],[72.57794,32.6192],[72.60382,32.59924],[72.61478,32.59565],[72.63263,32.59357],[72.64745,32.59339],[72.65265,32.59481],[72.6909,32.60377],[72.70076,32.60798],[72.72763,32.61202],[72.74277,32.61964],[72.74567,32.6243],[72.74433,32.63278],[72.73267,32.65437],[72.73656,32.66621],[72.73381,32.68328],[72.73749,32.68773],[72.75358,32.69015],[72.76005,32.69554],[72.76873,32.69576],[72.7781,32.6941],[72.78352,32.68709],[72.79851,32.6784],[72.80187,32.66503],[72.80659,32.66256],[72.8138,32.66233],[72.8206,32.66578],[72.833,32.66558],[72.85745,32.6485],[72.85862,32.64346],[72.86062,32.64161],[72.87374,32.63974],[72.87803,32.64185],[72.87878,32.64372],[72.87604,32.65485],[72.87737,32.65673],[72.89286,32.65313],[72.91765,32.65285],[72.92806,32.65424],[72.93496,32.65684],[72.937,32.65995],[72.93724,32.6665],[72.94275,32.66951],[72.97595,32.6638],[72.9865,32.66543],[72.9908,32.66901],[72.99482,32.67765],[72.99375,32.68737],[72.99541,32.69118],[73.00857,32.69456],[73.01196,32.70108],[73.01916,32.70036],[73.02109,32.70802],[73.0239,32.70924],[73.02761,32.70561],[73.03164,32.69319],[73.03469,32.69001],[73.04075,32.69258],[73.04418,32.69255],[73.0503,32.68935],[73.05703,32.68075],[73.06972,32.67196],[73.08374,32.66952],[73.08894,32.67195],[73.09003,32.67403],[73.08831,32.69125],[73.09117,32.69854],[73.10934,32.70799],[73.12335,32.70665],[73.12724,32.70899],[73.13392,32.70951],[73.1393,32.7141],[73.13737,32.72133],[73.1397,32.72502],[73.15475,32.72448],[73.15784,32.72648],[73.15513,32.73597],[73.15743,32.73945],[73.18303,32.7351],[73.18845,32.72976],[73.21232,32.7293],[73.21675,32.73096],[73.22383,32.74338],[73.23761,32.75145],[73.2477,32.75985],[73.24512,32.7659],[73.24115,32.79402],[73.23302,32.79223],[73.23022,32.79391],[73.23481,32.80411],[73.23335,32.80713],[73.22081,32.81497],[73.22047,32.82114],[73.21431,32.82114],[73.20703,32.81632],[73.20075,32.81733],[73.1965,32.81643],[73.17723,32.82102],[73.15067,32.82483],[73.13342,32.82394],[73.1267,32.82573],[73.12211,32.82359],[73.11527,32.83279],[73.11594,32.83816],[73.1183,32.84063],[73.13958,32.85475],[73.15191,32.8683],[73.15885,32.88959],[73.1556,32.89519],[73.15639,32.899],[73.15336,32.90303],[73.15464,32.90535],[73.16277,32.91267],[73.17577,32.9204],[73.17913,32.92107],[73.18216,32.92421],[73.18171,32.92667],[73.18328,32.92835],[73.20512,32.9456],[73.20546,32.94706],[73.19963,32.95289],[73.20467,32.9558],[73.20632,32.95878],[73.21465,32.98493],[73.20852,32.98873],[73.20707,32.99379],[73.19819,32.99814],[73.19385,33.00358],[73.18932,33.013],[73.18805,33.02948],[73.18497,33.03636],[73.19727,33.06145],[73.19341,33.07262],[73.1942,33.07737],[73.20372,33.0883],[73.21026,33.09275],[73.20472,33.09829],[73.1986,33.09439],[73.19281,33.09817],[73.18709,33.09746],[73.18391,33.09862],[73.16699,33.09588],[73.14527,33.0949],[73.14023,33.09179],[73.13689,33.09242],[73.13388,33.09633],[73.1313,33.09434],[73.12651,33.07657],[73.12371,33.07468],[73.11676,33.07412],[73.11261,33.07589],[73.10344,33.08542],[73.10372,33.10595],[73.08595,33.10525],[73.08439,33.09777],[73.06963,33.07882],[73.04588,33.06704],[73.03748,33.06465],[73.0311,33.06455],[73.02636,33.06599],[73.02419,33.07029],[73.0261,33.07955],[73.02542,33.08815],[73.02145,33.09205],[73.01446,33.09516],[73.01949,33.10076],[73.01104,33.10772],[73.0075,33.10904],[73.00348,33.10828],[73.00116,33.10678],[73.0001,33.10324],[72.98373,33.11247],[72.97608,33.10803],[72.96036,33.11566],[72.95698,33.11461],[72.95419,33.11149],[72.9524,33.11234],[72.95235,33.11454],[72.94936,33.11479],[72.94603,33.11947],[72.94607,33.12247],[72.94158,33.12793],[72.93574,33.13123],[72.93015,33.13981],[72.93394,33.14283],[72.93394,33.14515],[72.92806,33.16576],[72.9254,33.16939],[72.89765,33.16704],[72.8843,33.1606],[72.88142,33.16467],[72.87918,33.16371],[72.87703,33.16824],[72.86781,33.16486],[72.86394,33.1648],[72.86277,33.16634],[72.85493,33.16014],[72.84872,33.1602],[72.84742,33.16336],[72.83271,33.16576],[72.82816,33.16464],[72.82918,33.16051],[72.82767,33.15681],[72.82081,33.15933],[72.81201,33.1589],[72.80963,33.16436],[72.79912,33.16704],[72.78631,33.17747],[72.77343,33.18278],[72.76791,33.1894],[72.75948,33.18863],[72.75599,33.18632],[72.75508,33.18873],[72.74725,33.18884],[72.73912,33.19234],[72.72305,33.19303],[72.72273,33.1992],[72.72053,33.20258],[72.71007,33.21269],[72.69778,33.20665],[72.68812,33.20773],[72.68372,33.21079],[72.68157,33.20794],[72.67648,33.20563],[72.66934,33.20682],[72.66203,33.2125],[72.65636,33.20912],[72.65072,33.19845],[72.63627,33.19018]]]},"properties":{"district":"Chakwal","province":"Punjab","pcode":"PK605","pop_2023":1734854,"area_km2":6487.5}},{"type":"Feature","geometry":{"type":"Polygon","coordinates":[[[73.16694,31.8913],[73.16113,31.89601],[73.15925,31.91045],[73.15584,31.9137],[73.14422,31.91673],[73.13897,31.91966],[73.13407,31.91915],[73.12795,31.92197],[73.12142,31.92229],[73.11244,31.93008],[73.10214,31.92738],[73.08575,31.92667],[73.07455,31.92915],[73.07114,31.93225],[73.05302,31.93215],[73.04863,31.93395],[73.03371,31.94852],[73.01943,31.95382],[73.01193,31.95394],[73.00688,31.95586],[72.99579,31.96569],[72.98579,31.95738],[72.97503,31.95702],[72.96959,31.95821],[72.96115,31.96455],[72.95945,31.9759],[72.94747,31.97708],[72.94444,31.97559],[72.94345,31.97164],[72.94472,31.95896],[72.94108,31.95265],[72.94109,31.94538],[72.94356,31.94149],[72.94773,31.93896],[72.96347,31.93412],[72.96294,31.92607],[72.95893,31.92669],[72.9513,31.93269],[72.9425,31.93687],[72.93699,31.93754],[72.93482,31.93511],[72.92816,31.93317],[72.9266,31.92499],[72.92417,31.92134],[72.92139,31.92007],[72.91487,31.9225],[72.90708,31.92786],[72.90262,31.92341],[72.89421,31.92314],[72.89307,31.92036],[72.89736,31.917],[72.89498,31.91238],[72.89569,31.91006],[72.9062,31.89996],[72.91094,31.8966],[72.91846,31.89423],[72.92588,31.88841],[72.92826,31.88796],[72.9375,31.89122],[72.94223,31.89472],[72.94544,31.88889],[72.95191,31.8846],[72.96147,31.88174],[72.97215,31.8825],[72.97508,31.88106],[72.97822,31.87363],[72.98279,31.87243],[72.98462,31.87034],[72.9845,31.86405],[72.9757,31.86134],[72.97389,31.85943],[72.9765,31.85507],[72.97585,31.84924],[72.9846,31.84577],[72.98274,31.8426],[72.97835,31.84106],[72.96744,31.84143],[72.96272,31.83651],[72.95876,31.83548],[72.95612,31.83827],[72.9556,31.8476],[72.95259,31.85107],[72.94954,31.8515],[72.92452,31.84836],[72.9146,31.84348],[72.90878,31.84239],[72.90891,31.84724],[72.90506,31.84957],[72.90579,31.85338],[72.90027,31.85598],[72.89917,31.86008],[72.8965,31.86268],[72.89848,31.86865],[72.89531,31.87376],[72.88668,31.87301],[72.86681,31.86506],[72.86257,31.85997],[72.85599,31.85942],[72.8542,31.85785],[72.85285,31.85377],[72.85523,31.84738],[72.84804,31.83979],[72.85126,31.83683],[72.85021,31.83381],[72.85245,31.83011],[72.84666,31.82628],[72.84293,31.82578],[72.8393,31.83152],[72.8218,31.84128],[72.81279,31.84172],[72.81,31.83986],[72.80216,31.83924],[72.796,31.83596],[72.78686,31.83595],[72.78072,31.83397],[72.76879,31.82465],[72.75626,31.8207],[72.74369,31.81308],[72.73684,31.80079],[72.73313,31.80021],[72.72163,31.80565],[72.71564,31.80586],[72.70996,31.79867],[72.69782,31.79197],[72.67889,31.77792],[72.67353,31.77772],[72.66315,31.78262],[72.65898,31.78265],[72.6359,31.77573],[72.60257,31.77273],[72.59972,31.77188],[72.59527,31.76696],[72.59146,31.76607],[72.56856,31.76556],[72.56262,31.76331],[72.55791,31.7594],[72.55565,31.7539],[72.55545,31.74998],[72.55956,31.74027],[72.55331,31.73686],[72.55041,31.73126],[72.54599,31.73028],[72.54157,31.73409],[72.53465,31.73572],[72.52445,31.73197],[72.51866,31.72718],[72.51712,31.72121],[72.52094,31.70981],[72.51989,31.70431],[72.51631,31.70156],[72.50407,31.70265],[72.50151,31.70072],[72.5056,31.69207],[72.50541,31.68735],[72.48348,31.68321],[72.47879,31.67373],[72.46307,31.6658],[72.43451,31.66267],[72.43804,31.65939],[72.43847,31.65642],[72.43504,31.62096],[72.43604,31.60342],[72.44247,31.59494],[72.45419,31.58677],[72.46087,31.57917],[72.46258,31.56566],[72.45659,31.54905],[72.45902,31.54049],[72.46558,31.54185],[72.48107,31.54066],[72.48381,31.5387],[72.4855,31.52647],[72.48829,31.52322],[72.49722,31.51697],[72.52796,31.50134],[72.53317,31.48877],[72.55323,31.47051],[72.56694,31.45441],[72.56966,31.4531],[72.57313,31.45379],[72.59458,31.47184],[72.60236,31.46793],[72.61241,31.46834],[72.61553,31.46506],[72.61947,31.46395],[72.62495,31.45255],[72.62458,31.4499],[72.61767,31.4462],[72.61655,31.44188],[72.61725,31.43934],[72.62141,31.43617],[72.61979,31.42778],[72.62265,31.41313],[72.62654,31.41118],[72.64124,31.40897],[72.64904,31.40241],[72.65833,31.39983],[72.66669,31.38065],[72.67892,31.37276],[72.6944,31.37023],[72.70642,31.36501],[72.72033,31.36445],[72.72649,31.36615],[72.73835,31.37815],[72.74105,31.3785],[72.76695,31.37635],[72.79363,31.3722],[72.81171,31.37542],[72.81914,31.39197],[72.85329,31.43285],[72.869,31.46088],[72.87918,31.48566],[72.88422,31.4927],[72.92365,31.52282],[72.94334,31.53587],[73.02398,31.57098],[73.05366,31.5886],[73.07396,31.60946],[73.0876,31.63124],[73.09193,31.62736],[73.09328,31.62902],[73.11522,31.67599],[73.12524,31.68937],[73.13691,31.70913],[73.17688,31.7414],[73.20863,31.77349],[73.23,31.78703],[73.22698,31.79306],[73.21395,31.80811],[73.20557,31.82469],[73.20159,31.82696],[73.18818,31.82939],[73.18635,31.83689],[73.18303,31.84015],[73.16722,31.84434],[73.1545,31.85347],[73.15409,31.85529],[73.16006,31.86488],[73.15831,31.87912],[73.16694,31.8913]]]},"properties":{"district":"Chiniot","province":"Punjab","pcode":"PK606","pop_2023":1563024,"area_km2":2602}},{"type":"Feature","geometry":{"type":"Polygon","coordinates":[[[70.77474,31.30574],[70.77087,31.30816],[70.75348,31.31258],[70.74503,31.31688],[70.74044,31.33297],[70.73521,31.33583],[70.72548,31.33771],[70.70475,31.33798],[70.69124,31.33257],[70.68504,31.32673],[70.68083,31.31877],[70.67509,31.31605],[70.63448,31.31761],[70.6236,31.32332],[70.61631,31.32516],[70.60769,31.32004],[70.60131,31.32778],[70.58267,31.3315],[70.56574,31.34042],[70.55842,31.34015],[70.55081,31.33553],[70.54493,31.33567],[70.54107,31.32431],[70.53809,31.32093],[70.53159,31.31735],[70.52821,31.30916],[70.52481,31.30609],[70.49007,31.30007],[70.47076,31.29854],[70.45022,31.29405],[70.44672,31.28611],[70.43055,31.26578],[70.42772,31.25381],[70.4238,31.25002],[70.42416,31.24655],[70.41354,31.22539],[70.405,31.21261],[70.40454,31.19983],[70.30988,31.17481],[70.28751,31.1655],[70.29274,31.15946],[70.29438,31.09524],[70.28764,31.06959],[70.28257,31.05918],[70.26997,31.04026],[70.26837,31.03385],[70.26466,30.99994],[70.26547,30.94481],[70.26376,30.92529],[70.25256,30.88283],[70.25558,30.87238],[70.26734,30.8675],[70.2695,30.86534],[70.2707,30.85999],[70.26717,30.84529],[70.26436,30.8437],[70.25784,30.8432],[70.2268,30.84311],[70.22398,30.84045],[70.22079,30.82789],[70.21577,30.79021],[70.21262,30.78514],[70.20669,30.77929],[70.2011,30.77771],[70.17068,30.77626],[70.16819,30.77467],[70.16319,30.76827],[70.15992,30.74341],[70.15616,30.73727],[70.15305,30.73595],[70.14127,30.73574],[70.1264,30.73849],[70.11191,30.73913],[70.106,30.73568],[70.10349,30.73221],[70.09839,30.70762],[70.08872,30.6975],[70.08714,30.69296],[70.08705,30.67744],[70.09222,30.66056],[70.09489,30.64182],[70.09483,30.62873],[70.08563,30.59292],[70.07778,30.57369],[70.04833,30.51685],[70.03894,30.49549],[70.01872,30.47229],[70.00475,30.46058],[70.00195,30.45657],[69.99777,30.44563],[69.99649,30.43654],[69.99661,30.39828],[69.99345,30.38118],[69.97443,30.34676],[69.96912,30.33341],[69.96117,30.32264],[69.95912,30.30455],[69.96062,30.29385],[69.96647,30.29249],[69.97793,30.30128],[69.98133,30.30233],[69.98318,30.30233],[69.98409,30.29992],[69.98185,30.2828],[69.97842,30.27399],[69.97132,30.26256],[69.97282,30.25346],[69.98237,30.25075],[69.98763,30.25341],[70.00346,30.27341],[70.01242,30.27739],[70.03987,30.27514],[70.05992,30.27506],[70.07234,30.27128],[70.0753,30.26724],[70.0762,30.26242],[70.05165,30.22989],[70.04763,30.22669],[70.02417,30.22197],[70.02076,30.21931],[70.01734,30.21291],[70.01506,30.18991],[70.01043,30.18699],[70.00272,30.18568],[69.999,30.18248],[69.99146,30.15313],[69.98554,30.13951],[69.98484,30.12132],[69.98754,30.10607],[69.98531,30.09163],[69.97966,30.07675],[69.96943,30.061],[69.96231,30.053],[69.94657,30.04289],[69.9407,30.03596],[69.92247,30.00171],[69.91102,29.96245],[69.89251,29.91481],[69.87768,29.89879],[69.89173,29.87806],[69.90816,29.86164],[69.92748,29.85484],[70.00653,29.83335],[70.02757,29.83164],[70.06127,29.8245],[70.08761,29.81548],[70.10767,29.80367],[70.11404,29.79363],[70.11633,29.78563],[70.1288,29.77497],[70.15626,29.75602],[70.17083,29.74909],[70.19872,29.74208],[70.25033,29.73485],[70.33242,29.73436],[70.34707,29.73323],[70.35367,29.73074],[70.36549,29.72332],[70.37573,29.71444],[70.39288,29.69394],[70.39596,29.68448],[70.39325,29.67116],[70.39563,29.66705],[70.40662,29.65768],[70.41727,29.65242],[70.42015,29.64477],[70.42793,29.64139],[70.42845,29.63814],[70.42315,29.62426],[70.42516,29.61892],[70.43451,29.61974],[70.4485,29.62825],[70.45984,29.62524],[70.47627,29.63066],[70.50042,29.64529],[70.52151,29.656],[70.5357,29.66791],[70.54296,29.67668],[70.54878,29.68947],[70.56394,29.70948],[70.57332,29.73029],[70.57629,29.74098],[70.57793,29.77374],[70.58595,29.78535],[70.59555,29.79159],[70.60349,29.80118],[70.61076,29.80413],[70.6219,29.80308],[70.63118,29.80535],[70.64817,29.80533],[70.66096,29.80285],[70.67794,29.79258],[70.68659,29.78506],[70.69092,29.77681],[70.69164,29.76845],[70.68771,29.75738],[70.68534,29.74361],[70.68771,29.74034],[70.69306,29.73799],[70.69491,29.73352],[70.69991,29.73336],[70.70289,29.72964],[70.69899,29.71965],[70.6989,29.71401],[70.70883,29.6969],[70.72182,29.66632],[70.72408,29.66976],[70.73078,29.67404],[70.73584,29.69252],[70.73566,29.69745],[70.72918,29.70005],[70.72691,29.70404],[70.72452,29.7052],[70.72417,29.71084],[70.73342,29.71915],[70.74017,29.71681],[70.74266,29.71831],[70.78435,29.77629],[70.79286,29.78146],[70.79297,29.78832],[70.7983,29.79577],[70.81557,29.80577],[70.82709,29.82953],[70.83434,29.83109],[70.83989,29.83591],[70.85515,29.89181],[70.85356,29.89639],[70.84879,29.90079],[70.83247,29.90469],[70.8308,29.90654],[70.83044,29.91178],[70.84826,29.93195],[70.8549,29.93656],[70.87791,29.93584],[70.88354,29.93784],[70.88537,29.94023],[70.88529,29.94305],[70.87908,29.95304],[70.87524,29.95485],[70.8663,29.95561],[70.86197,29.96588],[70.86272,29.96824],[70.8654,29.96924],[70.87146,29.96489],[70.87605,29.96522],[70.8783,29.97232],[70.87342,29.98322],[70.87173,29.99565],[70.86433,30.01998],[70.86629,30.02755],[70.87291,30.03332],[70.87339,30.03545],[70.87281,30.03709],[70.86568,30.04024],[70.86371,30.04326],[70.86363,30.04721],[70.88378,30.04903],[70.88572,30.05118],[70.8859,30.05495],[70.87983,30.06942],[70.87118,30.07913],[70.86187,30.09306],[70.84973,30.12176],[70.8476,30.12928],[70.83963,30.20335],[70.80422,30.23887],[70.80064,30.25057],[70.80376,30.25581],[70.82099,30.26112],[70.82603,30.2652],[70.81877,30.31256],[70.81912,30.31986],[70.82327,30.33713],[70.82291,30.36132],[70.8308,30.38102],[70.83309,30.39662],[70.82399,30.42184],[70.82097,30.45089],[70.81817,30.45345],[70.80509,30.45436],[70.79922,30.45719],[70.79733,30.46124],[70.79817,30.46904],[70.79344,30.4826],[70.79463,30.48898],[70.79267,30.49105],[70.8004,30.50375],[70.80441,30.51391],[70.80393,30.52225],[70.79795,30.53088],[70.79279,30.54474],[70.79205,30.55496],[70.79315,30.55839],[70.79976,30.56417],[70.81235,30.57136],[70.81489,30.57707],[70.81385,30.58157],[70.80643,30.58673],[70.80152,30.59228],[70.80175,30.60055],[70.81294,30.60987],[70.81394,30.61222],[70.81222,30.61729],[70.80158,30.62317],[70.79777,30.62755],[70.79549,30.6378],[70.79549,30.65351],[70.79546,30.66295],[70.79227,30.67134],[70.79192,30.68393],[70.79473,30.71448],[70.79398,30.75832],[70.7876,30.76645],[70.77718,30.77214],[70.76067,30.77514],[70.74321,30.7762],[70.74143,30.77788],[70.74055,30.78276],[70.74351,30.79127],[70.74476,30.80369],[70.74522,30.8281],[70.74401,30.83043],[70.73475,30.83516],[70.73305,30.83866],[70.73351,30.84091],[70.7371,30.84397],[70.74516,30.8462],[70.76309,30.84204],[70.76989,30.84443],[70.78289,30.86988],[70.78882,30.87827],[70.78776,30.8837],[70.78357,30.88656],[70.76768,30.88329],[70.76443,30.88499],[70.75674,30.91325],[70.75918,30.92019],[70.77064,30.93273],[70.78913,30.94191],[70.79333,30.94691],[70.79357,30.97151],[70.79166,30.97443],[70.77838,30.97514],[70.76409,30.97347],[70.76032,30.97496],[70.76713,30.98514],[70.77738,30.9946],[70.78096,31.00587],[70.77617,31.03036],[70.77572,31.04629],[70.77695,31.06796],[70.78114,31.08178],[70.77895,31.10298],[70.77993,31.1089],[70.79546,31.10386],[70.79041,31.15422],[70.77726,31.18844],[70.77505,31.20244],[70.778,31.22086],[70.78827,31.2495],[70.79396,31.28197],[70.76283,31.28466],[70.76423,31.28897],[70.7741,31.30209],[70.77474,31.30574]]]},"properties":{"district":"Dera Ghazi Khan","province":"Punjab","pcode":"PK607","pop_2023":3393705,"area_km2":11765.7}},{"type":"Feature","geometry":{"type":"Polygon","coordinates":[[[73.29195,31.76531],[73.28045,31.76876],[73.27333,31.76908],[73.25343,31.76211],[73.24329,31.76264],[73.23968,31.76536],[73.23,31.78703],[73.20863,31.77349],[73.17688,31.7414],[73.13691,31.70913],[73.12524,31.68937],[73.11522,31.67599],[73.09328,31.62902],[73.09193,31.62736],[73.0876,31.63124],[73.07396,31.60946],[73.05366,31.5886],[73.02398,31.57098],[72.94334,31.53587],[72.92365,31.52282],[72.88422,31.4927],[72.87918,31.48566],[72.869,31.46088],[72.85329,31.43285],[72.81914,31.39197],[72.81171,31.37542],[72.8106,31.35418],[72.80486,31.3318],[72.81222,31.32774],[72.81945,31.32141],[72.82678,31.30914],[72.83678,31.30215],[72.83972,31.29581],[72.84644,31.29315],[72.85202,31.28859],[72.85372,31.28381],[72.85431,31.27048],[72.85004,31.26367],[72.83785,31.25571],[72.83232,31.23957],[72.82267,31.22623],[72.81673,31.2208],[72.79908,31.20651],[72.78175,31.20334],[72.77633,31.20119],[72.77444,31.19858],[72.77374,31.17512],[72.77841,31.16874],[72.78253,31.16613],[72.78401,31.15995],[72.77827,31.15379],[72.77629,31.14679],[72.77718,31.13377],[72.77508,31.11421],[72.77124,31.10588],[72.76463,31.0986],[72.75778,31.09532],[72.74018,31.09116],[72.75692,31.07711],[72.76802,31.07161],[72.77206,31.0722],[72.77673,31.076],[72.7872,31.08781],[72.79144,31.08845],[72.79851,31.08511],[72.81726,31.06725],[72.81708,31.06467],[72.81082,31.06212],[72.81124,31.05925],[72.81728,31.05388],[72.81331,31.04591],[72.81823,31.03497],[72.813,31.0298],[72.80482,31.03006],[72.80052,31.02735],[72.80182,31.02203],[72.79811,31.01984],[72.79767,31.01412],[72.79405,31.00979],[72.79704,31.00271],[72.7942,30.99871],[72.79538,30.99047],[72.77241,30.97408],[72.77171,30.96701],[72.77798,30.95946],[72.77606,30.95664],[72.7698,30.95517],[72.77085,30.94871],[72.76894,30.94432],[72.75966,30.94191],[72.75425,30.94313],[72.75359,30.93659],[72.7511,30.93518],[72.74024,30.9371],[72.73473,30.93579],[72.73656,30.93151],[72.72658,30.90821],[72.71054,30.9018],[72.70297,30.89018],[72.70206,30.88626],[72.70413,30.8771],[72.71577,30.86653],[72.72094,30.86397],[72.73292,30.86368],[72.75402,30.84593],[72.76014,30.84716],[72.76361,30.84954],[72.77296,30.83975],[72.77304,30.83752],[72.76946,30.8334],[72.7693,30.82824],[72.76197,30.82495],[72.75978,30.82081],[72.77234,30.80407],[72.77183,30.80175],[72.74368,30.78637],[72.74564,30.78177],[72.7436,30.77846],[72.74397,30.77277],[72.73481,30.77382],[72.7326,30.7721],[72.73013,30.76582],[72.73413,30.74551],[72.73857,30.7425],[72.75072,30.74143],[72.75756,30.73826],[72.76261,30.73776],[72.77334,30.74025],[72.78288,30.73971],[72.78508,30.75002],[72.78813,30.75251],[72.8037,30.75142],[72.81644,30.74834],[72.82386,30.74628],[72.8309,30.74195],[72.83517,30.73651],[72.83769,30.72413],[72.84717,30.71662],[72.84679,30.7141],[72.84355,30.71363],[72.83302,30.71801],[72.82966,30.71729],[72.82334,30.71242],[72.81887,30.71371],[72.81469,30.71948],[72.81105,30.72013],[72.80451,30.71895],[72.80252,30.7133],[72.79627,30.7154],[72.79412,30.71273],[72.79582,30.70418],[72.79209,30.70279],[72.78299,30.70473],[72.77972,30.70013],[72.77937,30.69709],[72.78512,30.69614],[72.78505,30.69386],[72.77958,30.68816],[72.78054,30.68375],[72.78343,30.68016],[72.79845,30.68427],[72.80384,30.68141],[72.81126,30.68072],[72.81294,30.68268],[72.80693,30.68503],[72.81912,30.6839],[72.8173,30.68816],[72.81843,30.69422],[72.82531,30.69667],[72.82778,30.69404],[72.82938,30.68483],[72.83367,30.68233],[72.84209,30.68148],[72.84489,30.68804],[72.84648,30.68941],[72.84962,30.68912],[72.84686,30.69693],[72.84775,30.6996],[72.85271,30.70235],[72.8567,30.7021],[72.86102,30.68905],[72.87302,30.694],[72.87523,30.69116],[72.87703,30.68345],[72.89329,30.68212],[72.88991,30.67887],[72.89527,30.6766],[72.9063,30.67487],[72.91375,30.67603],[72.91632,30.68123],[72.91453,30.68642],[72.91477,30.69471],[72.92847,30.69487],[72.92881,30.71493],[72.9347,30.71794],[72.93793,30.72165],[72.93599,30.72749],[72.91988,30.73016],[72.91881,30.73764],[72.9216,30.74309],[72.92397,30.74306],[72.92949,30.73822],[72.93375,30.74119],[72.93836,30.74178],[72.93938,30.75013],[72.94182,30.75489],[72.96221,30.76191],[72.96846,30.76867],[72.9673,30.77448],[72.97009,30.7783],[72.97266,30.77775],[72.97381,30.77573],[72.97455,30.76849],[72.97828,30.76864],[72.9807,30.77172],[72.98274,30.78245],[72.98569,30.78551],[72.98916,30.78484],[72.99071,30.782],[72.98609,30.76317],[72.98821,30.76093],[72.99434,30.76025],[73.00303,30.76228],[73.00212,30.77377],[73.00664,30.79492],[73.00185,30.79957],[73.00388,30.80234],[73.01484,30.80383],[73.01761,30.80345],[73.01876,30.80149],[73.00933,30.78066],[73.00863,30.77436],[73.01524,30.77191],[73.02583,30.78016],[73.03556,30.78021],[73.03956,30.78688],[73.03622,30.7905],[73.03528,30.79432],[73.03948,30.79677],[73.04555,30.79751],[73.04893,30.805],[73.05453,30.8087],[73.05963,30.80944],[73.06235,30.80746],[73.0671,30.80853],[73.06656,30.79869],[73.06923,30.79636],[73.07187,30.79624],[73.08381,30.79799],[73.09148,30.80083],[73.09233,30.80809],[73.09555,30.81544],[73.09764,30.81506],[73.09947,30.80715],[73.10099,30.80682],[73.10423,30.80733],[73.10821,30.81329],[73.11568,30.81173],[73.11934,30.81461],[73.12074,30.81869],[73.12685,30.82069],[73.12996,30.83104],[73.13254,30.83128],[73.13625,30.82902],[73.13927,30.82945],[73.14018,30.83121],[73.13556,30.85255],[73.12648,30.85765],[73.12602,30.85928],[73.1266,30.86265],[73.13311,30.87011],[73.1355,30.87035],[73.13932,30.86731],[73.15942,30.86751],[73.15918,30.84693],[73.16127,30.84633],[73.16545,30.84822],[73.16698,30.84246],[73.16918,30.84077],[73.17592,30.84226],[73.18022,30.84959],[73.17859,30.85902],[73.18959,30.86381],[73.19024,30.86647],[73.18973,30.86789],[73.18534,30.86827],[73.17893,30.86641],[73.17405,30.86774],[73.17647,30.87522],[73.18423,30.87675],[73.18633,30.87994],[73.18442,30.8837],[73.17503,30.88547],[73.17304,30.88702],[73.1734,30.89868],[73.17732,30.90129],[73.18177,30.90204],[73.19203,30.89943],[73.19692,30.9017],[73.19378,30.91213],[73.18945,30.91287],[73.18735,30.91482],[73.19023,30.9228],[73.19641,30.92527],[73.20345,30.92253],[73.20643,30.91661],[73.20607,30.90894],[73.2145,30.90659],[73.21964,30.91219],[73.2221,30.91184],[73.22368,30.90971],[73.22709,30.91011],[73.22958,30.91608],[73.23378,30.92068],[73.23473,30.92696],[73.23772,30.93013],[73.24562,30.93181],[73.25563,30.93658],[73.26752,30.93864],[73.27665,30.95334],[73.28816,30.95301],[73.28825,30.96348],[73.29317,30.97204],[73.29661,30.97405],[73.30606,30.97361],[73.30894,30.97553],[73.31068,30.98902],[73.31355,30.98831],[73.31553,30.98378],[73.31925,30.98119],[73.32136,30.98409],[73.32131,30.98869],[73.32342,30.9902],[73.32634,30.98884],[73.32832,30.98205],[73.33339,30.98042],[73.33947,30.98643],[73.34338,30.98691],[73.34578,30.98489],[73.34902,30.98492],[73.35815,30.99515],[73.37604,31.00408],[73.37792,31.00344],[73.3782,30.99596],[73.37981,30.99347],[73.38304,30.99222],[73.3979,30.99569],[73.40049,30.9992],[73.40069,31.00547],[73.3975,31.00712],[73.39002,31.02245],[73.39052,31.03774],[73.39514,31.05232],[73.39047,31.06126],[73.39351,31.06931],[73.40213,31.07801],[73.39815,31.08526],[73.39879,31.08932],[73.40503,31.09452],[73.42257,31.10334],[73.42945,31.11203],[73.43811,31.11364],[73.44076,31.11562],[73.44252,31.12482],[73.44135,31.12819],[73.43927,31.13055],[73.43469,31.13192],[73.43281,31.13474],[73.43917,31.14927],[73.45173,31.16872],[73.47151,31.18321],[73.48604,31.18296],[73.49156,31.18601],[73.49777,31.19268],[73.50011,31.18956],[73.50966,31.18802],[73.51257,31.18533],[73.5195,31.1852],[73.52505,31.18681],[73.53189,31.19729],[73.54368,31.20078],[73.55583,31.20957],[73.56604,31.22464],[73.57021,31.23568],[73.58502,31.23439],[73.58783,31.23771],[73.58544,31.24407],[73.58716,31.24832],[73.59287,31.24874],[73.59804,31.25376],[73.60728,31.25312],[73.61852,31.26389],[73.63383,31.27292],[73.64547,31.28137],[73.64862,31.28538],[73.65266,31.29936],[73.6574,31.30502],[73.66515,31.32485],[73.67218,31.33362],[73.66259,31.34742],[73.66134,31.35766],[73.66329,31.36598],[73.67415,31.37588],[73.67716,31.3837],[73.68065,31.38696],[73.67937,31.39578],[73.6717,31.41262],[73.6725,31.41605],[73.67653,31.41917],[73.67671,31.42175],[73.67502,31.42548],[73.66514,31.43327],[73.66148,31.43862],[73.65989,31.44399],[73.66171,31.45187],[73.65909,31.45568],[73.65359,31.45928],[73.64659,31.45864],[73.63859,31.45379],[73.63627,31.45349],[73.63129,31.45628],[73.6271,31.45528],[73.60698,31.44458],[73.6018,31.44353],[73.58164,31.45141],[73.57475,31.45126],[73.5407,31.42765],[73.5313,31.42339],[73.52162,31.42364],[73.50703,31.43079],[73.4929,31.45004],[73.48288,31.45977],[73.46501,31.47016],[73.4618,31.47448],[73.46386,31.48123],[73.48095,31.48929],[73.48561,31.4947],[73.48401,31.50518],[73.48114,31.50924],[73.48343,31.51862],[73.48322,31.52976],[73.48566,31.53752],[73.48194,31.54428],[73.4622,31.54771],[73.46302,31.55293],[73.46749,31.55719],[73.46733,31.56111],[73.45449,31.56358],[73.45057,31.56725],[73.45477,31.58278],[73.45728,31.60366],[73.45576,31.61968],[73.44552,31.63159],[73.43844,31.63558],[73.41475,31.64402],[73.39404,31.6536],[73.37429,31.65928],[73.38439,31.67023],[73.37033,31.67481],[73.37006,31.6788],[73.374,31.68437],[73.3744,31.68768],[73.36527,31.70301],[73.36413,31.72055],[73.36035,31.72284],[73.34683,31.72337],[73.33755,31.72156],[73.32912,31.71727],[73.3265,31.7177],[73.31323,31.73109],[73.28958,31.73894],[73.28752,31.74131],[73.28807,31.74309],[73.29534,31.74948],[73.29658,31.75672],[73.29195,31.76531]]]},"properties":{"district":"Faisalabad","province":"Punjab","pcode":"PK608","pop_2023":9075819,"area_km2":5947.4}},{"type":"Feature","geometry":{"type":"Polygon","coordinates":[[[74.5588,32.04472],[74.553,32.0553],[74.54935,32.05889],[74.54506,32.06102],[74.5267,32.06352],[74.51881,32.07403],[74.51723,32.07844],[74.50561,32.08586],[74.50295,32.09196],[74.50391,32.09488],[74.5056,32.0968],[74.514,32.0995],[74.51482,32.10363],[74.50158,32.11677],[74.49107,32.12101],[74.48936,32.12265],[74.49067,32.12888],[74.48436,32.13132],[74.48431,32.13564],[74.49176,32.14438],[74.48874,32.1503],[74.47576,32.15371],[74.46903,32.15238],[74.45253,32.1585],[74.44628,32.15913],[74.4461,32.16619],[74.44338,32.16823],[74.42634,32.17008],[74.42548,32.16858],[74.42776,32.16271],[74.42541,32.16047],[74.41437,32.16272],[74.4124,32.16438],[74.41086,32.16998],[74.39967,32.16567],[74.38997,32.16723],[74.37692,32.1664],[74.36817,32.18861],[74.36597,32.1889],[74.36056,32.18516],[74.35734,32.18555],[74.34499,32.19399],[74.34235,32.20084],[74.32916,32.20695],[74.32652,32.21818],[74.32721,32.22983],[74.32165,32.24765],[74.313,32.25102],[74.28722,32.2508],[74.26281,32.25892],[74.25647,32.2624],[74.24936,32.27889],[74.24173,32.28397],[74.23933,32.28765],[74.23572,32.28889],[74.23531,32.29065],[74.24084,32.29414],[74.24173,32.29686],[74.23582,32.30333],[74.2433,32.3101],[74.24336,32.31283],[74.24215,32.31533],[74.23531,32.31942],[74.23402,32.32222],[74.23659,32.32327],[74.23647,32.32481],[74.23432,32.32841],[74.2328,32.33816],[74.22829,32.34385],[74.22559,32.35152],[74.21944,32.35456],[74.21862,32.35688],[74.22628,32.36335],[74.22307,32.38515],[74.22164,32.38733],[74.21391,32.38864],[74.20907,32.3917],[74.2022,32.40334],[74.21024,32.41546],[74.2002,32.43789],[74.20326,32.44224],[74.20397,32.44865],[74.20039,32.45042],[74.19747,32.4569],[74.20191,32.47263],[74.20699,32.47642],[74.20819,32.48052],[74.20605,32.4833],[74.20575,32.49433],[74.20839,32.50053],[74.20465,32.51992],[74.1964,32.52185],[74.20368,32.5271],[74.20614,32.53299],[74.20979,32.53566],[74.20976,32.55367],[74.20795,32.55626],[74.20381,32.55567],[74.18664,32.54958],[74.18505,32.5473],[74.1847,32.54003],[74.17821,32.54051],[74.17252,32.54695],[74.16841,32.5463],[74.1695,32.54352],[74.1675,32.53292],[74.15207,32.52287],[74.14211,32.51964],[74.13293,32.51257],[74.12986,32.51501],[74.12831,32.51449],[74.11281,32.49528],[74.10388,32.49226],[74.08979,32.49033],[74.07607,32.48384],[74.07531,32.47838],[74.07744,32.4732],[74.07522,32.46898],[74.07149,32.46831],[74.06735,32.46976],[74.06162,32.48364],[74.0578,32.48423],[74.03272,32.46723],[74.01763,32.447],[74.01013,32.44115],[74.003,32.43006],[73.99635,32.42472],[73.96198,32.41237],[73.95263,32.4121],[73.94606,32.41431],[73.91147,32.40045],[73.90745,32.40178],[73.89708,32.39832],[73.89048,32.39589],[73.88747,32.3993],[73.88377,32.39956],[73.87896,32.39497],[73.87469,32.39326],[73.8618,32.3968],[73.85897,32.39493],[73.85104,32.39361],[73.84929,32.38989],[73.83913,32.39042],[73.82109,32.37853],[73.81054,32.37546],[73.80344,32.37045],[73.78679,32.37365],[73.78751,32.36979],[73.78324,32.36716],[73.77808,32.35939],[73.77222,32.35657],[73.77112,32.36583],[73.76998,32.3687],[73.76768,32.36833],[73.76338,32.3439],[73.75293,32.3439],[73.74374,32.35477],[73.74111,32.36299],[73.73675,32.36366],[73.73101,32.36231],[73.72419,32.35271],[73.7198,32.35314],[73.71476,32.35697],[73.71169,32.35639],[73.70447,32.35354],[73.70156,32.34666],[73.67769,32.34525],[73.67662,32.3399],[73.6833,32.31793],[73.68448,32.29767],[73.68814,32.29187],[73.70117,32.27917],[73.70364,32.26705],[73.70592,32.26507],[73.70651,32.25354],[73.73221,32.22402],[73.72737,32.2117],[73.72746,32.20801],[73.7449,32.1996],[73.75169,32.19295],[73.75556,32.18623],[73.75198,32.18199],[73.75338,32.17836],[73.76997,32.17567],[73.77584,32.16523],[73.77741,32.15737],[73.78812,32.14949],[73.79193,32.14335],[73.80177,32.13867],[73.80568,32.14034],[73.80356,32.12999],[73.79942,32.12229],[73.79628,32.10612],[73.80107,32.09327],[73.80117,32.08501],[73.79387,32.07262],[73.79583,32.0701],[73.80331,32.06813],[73.829,32.05483],[73.82902,32.05297],[73.82677,32.04805],[73.8185,32.04047],[73.8247,32.02512],[73.82414,32.01712],[73.81788,32.00565],[73.80427,31.99351],[73.80353,31.98939],[73.80561,31.98445],[73.82009,31.973],[73.83079,31.95776],[73.8372,31.95574],[73.85848,31.95328],[73.87229,31.94513],[73.88268,31.94936],[73.88353,31.94769],[73.88059,31.94402],[73.87978,31.93707],[73.87588,31.92967],[73.86435,31.92175],[73.86046,31.91739],[73.84823,31.91227],[73.85159,31.9048],[73.86998,31.89056],[73.88199,31.87629],[73.88237,31.86818],[73.87806,31.85134],[73.88382,31.85223],[73.89611,31.84258],[73.91743,31.84433],[73.93775,31.83968],[73.94449,31.83551],[73.95041,31.84079],[73.95567,31.85102],[73.97584,31.85495],[73.97821,31.8546],[73.97864,31.8527],[73.97728,31.83419],[73.98223,31.83141],[74.00014,31.83082],[74.0177,31.83295],[74.02606,31.83229],[74.02961,31.8347],[74.02953,31.84028],[74.03772,31.841],[74.04161,31.84062],[74.04704,31.83752],[74.05534,31.82791],[74.06265,31.8272],[74.07534,31.82092],[74.0833,31.82355],[74.09296,31.82191],[74.09699,31.82479],[74.11558,31.82101],[74.13087,31.82087],[74.13623,31.82376],[74.14367,31.83214],[74.1598,31.83784],[74.16152,31.83959],[74.16432,31.85343],[74.16843,31.85412],[74.17945,31.85192],[74.18634,31.85237],[74.1892,31.85394],[74.19387,31.85797],[74.19568,31.86287],[74.19171,31.87189],[74.20076,31.88186],[74.20804,31.88648],[74.21931,31.8878],[74.22896,31.88363],[74.23946,31.88306],[74.25052,31.88457],[74.26516,31.89011],[74.27043,31.88881],[74.27762,31.88434],[74.29136,31.88575],[74.29773,31.88323],[74.30141,31.88519],[74.30901,31.89561],[74.3133,31.89793],[74.3192,31.89684],[74.33397,31.88693],[74.35391,31.88696],[74.35826,31.88871],[74.36669,31.89849],[74.36897,31.90495],[74.37316,31.9062],[74.37803,31.91165],[74.38241,31.91397],[74.39263,31.914],[74.3975,31.91551],[74.39991,31.9218],[74.42319,31.9464],[74.43616,31.95414],[74.43417,31.95689],[74.43999,31.96353],[74.45165,31.9675],[74.46371,31.96647],[74.46928,31.97008],[74.47637,31.98547],[74.47241,31.99555],[74.47549,32.00114],[74.49166,32.00568],[74.51066,32.00438],[74.51585,32.00582],[74.51951,32.00851],[74.52106,32.01849],[74.52374,32.02259],[74.5454,32.03335],[74.5588,32.04472]]]},"properties":{"district":"Gujranwala","province":"Punjab","pcode":"PK609","pop_2023":5959750,"area_km2":3619.8}},{"type":"Feature","geometry":{"type":"Polygon","coordinates":[[[74.44193,32.79192],[74.43028,32.78694],[74.41223,32.77444],[74.40083,32.77056],[74.37889,32.76972],[74.35973,32.77583],[74.35056,32.78222],[74.34333,32.79],[74.3375,32.79889],[74.33278,32.81556],[74.32609,32.81527],[74.31499,32.81889],[74.28916,32.83194],[74.25888,32.84415],[74.18915,32.87833],[74.16832,32.88583],[74.13054,32.90332],[74.11081,32.91054],[74.08415,32.92527],[74.02721,32.9411],[74.00278,32.95166],[73.98638,32.96166],[73.97442,32.97471],[73.95833,32.99833],[73.95416,33.0075],[73.9422,33.02194],[73.9211,33.03416],[73.89777,33.03777],[73.88027,33.03527],[73.86081,33.03027],[73.82544,33.01335],[73.81721,33.01028],[73.80582,33.00889],[73.80105,32.99501],[73.79616,32.98623],[73.78298,32.97565],[73.75612,32.94569],[73.72012,32.91355],[73.70634,32.90435],[73.69154,32.89172],[73.66316,32.87449],[73.64512,32.85621],[73.62871,32.83417],[73.61809,32.81242],[73.61665,32.79957],[73.61126,32.78225],[73.60287,32.76809],[73.59277,32.75724],[73.59028,32.74746],[73.59281,32.74288],[73.59186,32.73576],[73.5934,32.73173],[73.60852,32.72528],[73.61144,32.7226],[73.61527,32.7184],[73.62354,32.70304],[73.63047,32.69614],[73.63723,32.69525],[73.64235,32.70134],[73.6634,32.69217],[73.66544,32.68746],[73.66066,32.67741],[73.67033,32.66075],[73.67464,32.64426],[73.67878,32.64025],[73.68479,32.63787],[73.6963,32.62733],[73.71906,32.6216],[73.72751,32.61714],[73.72978,32.614],[73.72902,32.6088],[73.73259,32.60295],[73.73189,32.59393],[73.7364,32.58827],[73.74267,32.58296],[73.75897,32.57481],[73.78978,32.57],[73.79654,32.56741],[73.79833,32.56351],[73.79789,32.55971],[73.78699,32.54425],[73.78825,32.54209],[73.78635,32.51075],[73.78869,32.50497],[73.79411,32.50222],[73.79515,32.4982],[73.8018,32.49304],[73.81341,32.49088],[73.81509,32.48931],[73.81554,32.48385],[73.82007,32.47983],[73.83708,32.47485],[73.85829,32.46478],[73.86982,32.44869],[73.8838,32.44173],[73.88534,32.43837],[73.88218,32.43309],[73.88115,32.42565],[73.88518,32.416],[73.88576,32.40732],[73.88862,32.40381],[73.89708,32.39832],[73.90745,32.40178],[73.91147,32.40045],[73.94606,32.41431],[73.95263,32.4121],[73.96198,32.41237],[73.99635,32.42472],[74.003,32.43006],[74.01013,32.44115],[74.01763,32.447],[74.03272,32.46723],[74.0578,32.48423],[74.06162,32.48364],[74.06735,32.46976],[74.07149,32.46831],[74.07522,32.46898],[74.07744,32.4732],[74.07531,32.47838],[74.07607,32.48384],[74.08979,32.49033],[74.10388,32.49226],[74.11281,32.49528],[74.12831,32.51449],[74.12986,32.51501],[74.13293,32.51257],[74.14211,32.51964],[74.15207,32.52287],[74.1675,32.53292],[74.1695,32.54352],[74.16841,32.5463],[74.17252,32.54695],[74.17821,32.54051],[74.1847,32.54003],[74.18505,32.5473],[74.18664,32.54958],[74.20381,32.55567],[74.20795,32.55626],[74.20976,32.55367],[74.21818,32.55474],[74.22711,32.55937],[74.23517,32.57421],[74.2593,32.5799],[74.27995,32.59121],[74.28988,32.59018],[74.29708,32.58571],[74.30646,32.58788],[74.31149,32.59076],[74.3237,32.59017],[74.33622,32.59194],[74.33811,32.59498],[74.34625,32.59828],[74.35672,32.60861],[74.41792,32.65062],[74.42799,32.65617],[74.43767,32.65876],[74.44905,32.66744],[74.45732,32.67771],[74.4649,32.70296],[74.4623,32.70684],[74.44355,32.70507],[74.43948,32.71089],[74.43908,32.71398],[74.44094,32.7143],[74.45053,32.71278],[74.45683,32.71374],[74.46088,32.72076],[74.45954,32.72743],[74.45696,32.73039],[74.44369,32.73048],[74.43784,32.73223],[74.4382,32.73698],[74.44672,32.7444],[74.44771,32.74722],[74.4294,32.75968],[74.43055,32.76182],[74.44576,32.76261],[74.44626,32.77094],[74.45326,32.77672],[74.44193,32.79192]]]},"properties":{"district":"Gujrat","province":"Punjab","pcode":"PK610","pop_2023":3219375,"area_km2":3168.3}},{"type":"Feature","geometry":{"type":"Polygon","coordinates":[[[73.80561,31.98445],[73.80353,31.98939],[73.80427,31.99351],[73.81788,32.00565],[73.82414,32.01712],[73.8247,32.02512],[73.8185,32.04047],[73.82677,32.04805],[73.82902,32.05297],[73.829,32.05483],[73.80331,32.06813],[73.79583,32.0701],[73.79387,32.07262],[73.80117,32.08501],[73.80107,32.09327],[73.79628,32.10612],[73.79942,32.12229],[73.80356,32.12999],[73.80568,32.14034],[73.80177,32.13867],[73.79193,32.14335],[73.78812,32.14949],[73.77741,32.15737],[73.77584,32.16523],[73.76997,32.17567],[73.75338,32.17836],[73.75198,32.18199],[73.75556,32.18623],[73.75169,32.19295],[73.7449,32.1996],[73.72746,32.20801],[73.72737,32.2117],[73.73221,32.22402],[73.70651,32.25354],[73.70592,32.26507],[73.70364,32.26705],[73.70117,32.27917],[73.68814,32.29187],[73.68448,32.29767],[73.6833,32.31793],[73.67662,32.3399],[73.66935,32.33831],[73.65243,32.33126],[73.59542,32.30239],[73.56656,32.29615],[73.5452,32.28708],[73.53513,32.28114],[73.51418,32.26582],[73.50979,32.25623],[73.50945,32.24347],[73.50748,32.23963],[73.49905,32.23943],[73.48749,32.2442],[73.48087,32.24173],[73.47485,32.23539],[73.47539,32.22996],[73.46419,32.21455],[73.43555,32.18509],[73.39959,32.17446],[73.39186,32.16985],[73.37716,32.15637],[73.36058,32.1499],[73.34964,32.14082],[73.33435,32.13494],[73.31865,32.12581],[73.30803,32.12211],[73.30604,32.11379],[73.30407,32.11183],[73.28461,32.10279],[73.28103,32.09753],[73.26961,32.09191],[73.26139,32.08249],[73.26125,32.07389],[73.25641,32.07178],[73.25527,32.06979],[73.26127,32.05571],[73.25029,32.04516],[73.24927,32.03868],[73.23506,32.03457],[73.2271,32.0284],[73.2268,32.02526],[73.23325,32.0225],[73.23595,32.01754],[73.23679,32.00733],[73.23542,31.99948],[73.23124,31.99168],[73.22284,31.98221],[73.19891,31.96486],[73.19259,31.95157],[73.18745,31.94666],[73.19044,31.9374],[73.18071,31.91693],[73.17989,31.90272],[73.17417,31.89616],[73.16694,31.8913],[73.15831,31.87912],[73.16006,31.86488],[73.15409,31.85529],[73.1545,31.85347],[73.16722,31.84434],[73.18303,31.84015],[73.18635,31.83689],[73.18818,31.82939],[73.20159,31.82696],[73.20557,31.82469],[73.21395,31.80811],[73.22698,31.79306],[73.23,31.78703],[73.23968,31.76536],[73.24329,31.76264],[73.25343,31.76211],[73.27333,31.76908],[73.28045,31.76876],[73.29195,31.76531],[73.31754,31.76808],[73.32492,31.77078],[73.32596,31.78861],[73.33261,31.79402],[73.33536,31.80036],[73.35111,31.79276],[73.35614,31.79248],[73.36265,31.79441],[73.36847,31.79825],[73.38763,31.80124],[73.39472,31.8039],[73.39625,31.81693],[73.40245,31.82144],[73.41103,31.8178],[73.41578,31.80984],[73.42208,31.80643],[73.43162,31.80485],[73.44153,31.80643],[73.44489,31.80763],[73.44947,31.81228],[73.45516,31.82673],[73.45863,31.83156],[73.45931,31.84001],[73.46128,31.84169],[73.46568,31.841],[73.472,31.83382],[73.48518,31.82949],[73.49108,31.82333],[73.51804,31.8101],[73.52927,31.8216],[73.53867,31.82524],[73.54454,31.83557],[73.55449,31.84258],[73.55937,31.85492],[73.56174,31.86745],[73.55738,31.87493],[73.5622,31.87691],[73.56885,31.88408],[73.57483,31.88381],[73.59281,31.87046],[73.59805,31.86929],[73.60391,31.87055],[73.60995,31.87375],[73.61199,31.87728],[73.61748,31.87937],[73.63549,31.88173],[73.64084,31.87739],[73.64531,31.8763],[73.65151,31.88772],[73.65637,31.89134],[73.66841,31.89216],[73.68235,31.89034],[73.69131,31.89234],[73.69763,31.89746],[73.70681,31.90113],[73.71264,31.90656],[73.72042,31.92354],[73.73233,31.91989],[73.73845,31.92279],[73.74341,31.93621],[73.75187,31.93932],[73.75417,31.94604],[73.76763,31.96284],[73.77808,31.9692],[73.79316,31.97525],[73.80561,31.98445]]]},"properties":{"district":"Hafizabad","province":"Punjab","pcode":"PK611","pop_2023":1319909,"area_km2":2277.3}},{"type":"Feature","geometry":{"type":"Polygon","coordinates":[[[72.43451,31.66267],[72.42755,31.66228],[72.40537,31.6561],[72.39314,31.65599],[72.38023,31.65918],[72.37376,31.65713],[72.36916,31.65311],[72.36884,31.64814],[72.37373,31.62929],[72.36878,31.62364],[72.34455,31.61033],[72.33449,31.61205],[72.32849,31.60653],[72.30752,31.59583],[72.30075,31.5904],[72.28803,31.5874],[72.28214,31.57409],[72.2809,31.56469],[72.27745,31.56188],[72.27169,31.56078],[72.26415,31.56504],[72.25817,31.56581],[72.24698,31.56103],[72.24163,31.56092],[72.24136,31.56649],[72.25179,31.57169],[72.25327,31.57404],[72.25107,31.57922],[72.24368,31.5859],[72.24264,31.59472],[72.24954,31.60051],[72.2571,31.60345],[72.25876,31.61439],[72.26985,31.62542],[72.287,31.63807],[72.30709,31.64937],[72.30804,31.65545],[72.30681,31.66215],[72.30216,31.6686],[72.30385,31.67033],[72.30208,31.67731],[72.30412,31.6811],[72.30885,31.68261],[72.31264,31.68067],[72.31695,31.67707],[72.31914,31.67242],[72.32344,31.66934],[72.33072,31.67123],[72.3347,31.67665],[72.33089,31.68059],[72.33356,31.68582],[72.34381,31.69268],[72.34498,31.69633],[72.35759,31.70895],[72.35844,31.71335],[72.3419,31.72921],[72.33201,31.7318],[72.32982,31.7362],[72.32121,31.74287],[72.31202,31.74668],[72.30739,31.75131],[72.28158,31.76026],[72.2757,31.76385],[72.26897,31.7656],[72.25939,31.76242],[72.24793,31.74744],[72.24592,31.74693],[72.22412,31.75658],[72.21156,31.7592],[72.199,31.73585],[72.18423,31.73155],[72.17123,31.7337],[72.14564,31.74995],[72.14279,31.74927],[72.12116,31.7162],[72.09882,31.68679],[72.07605,31.66741],[72.03391,31.6219],[72.02931,31.6141],[72.02656,31.60322],[72.02508,31.58307],[72.02307,31.57619],[72.02366,31.56909],[72.01751,31.56151],[71.99899,31.5463],[71.98891,31.53142],[71.9788,31.51778],[71.97847,31.49388],[71.98628,31.48862],[72.00343,31.48351],[72.00608,31.48096],[72.00646,31.44386],[72.01039,31.42028],[72.0077,31.40843],[72.01631,31.39113],[72.02084,31.37671],[72.01779,31.34988],[72.01883,31.34298],[72.0239,31.33119],[72.01483,31.30679],[72.01031,31.27026],[72.00738,31.26212],[72.00178,31.25498],[71.99081,31.2531],[71.96362,31.26016],[71.91146,31.26821],[71.89217,31.26814],[71.87159,31.26373],[71.84571,31.24571],[71.81728,31.23785],[71.80304,31.23185],[71.79846,31.2255],[71.79202,31.20918],[71.79052,31.18424],[71.77709,31.16731],[71.76426,31.15718],[71.77207,31.12672],[71.78059,31.11518],[71.803,31.0703],[71.81195,31.06072],[71.81538,31.05455],[71.81563,31.03478],[71.81113,31.02037],[71.80613,31.01348],[71.79231,31.002],[71.7876,30.99288],[71.77865,30.98188],[71.77631,30.97592],[71.77617,30.96934],[71.80096,30.95123],[71.8082,30.94166],[71.82063,30.93312],[71.82346,30.92945],[71.82371,30.92233],[71.81443,30.91428],[71.80991,30.90619],[71.80982,30.89395],[71.81577,30.88145],[71.82637,30.87631],[71.84578,30.87566],[71.84913,30.87682],[71.85282,30.87326],[71.85327,30.86759],[71.8374,30.84857],[71.82633,30.83888],[71.81883,30.83676],[71.80524,30.83782],[71.80065,30.83633],[71.7978,30.83142],[71.80035,30.81552],[71.79948,30.80807],[71.79527,30.79945],[71.79142,30.79563],[71.78246,30.79183],[71.7551,30.79243],[71.74993,30.79049],[71.74587,30.7877],[71.73869,30.77827],[71.73684,30.76393],[71.73052,30.75435],[71.72585,30.75144],[71.71118,30.74736],[71.70419,30.74338],[71.69605,30.72133],[71.69955,30.70452],[71.69837,30.69993],[71.68778,30.69199],[71.67169,30.68839],[71.66771,30.68517],[71.66709,30.68245],[71.6722,30.66854],[71.66927,30.65437],[71.66942,30.63962],[71.66851,30.63679],[71.65913,30.62707],[71.65566,30.62023],[71.67705,30.60345],[71.68798,30.60138],[71.69417,30.59491],[71.69949,30.58436],[71.70178,30.58296],[71.70834,30.58195],[71.72068,30.58282],[71.72669,30.5782],[71.73483,30.58806],[71.76822,30.59762],[71.78484,30.60826],[71.77908,30.61409],[71.78008,30.61752],[71.79558,30.63824],[71.81023,30.65092],[71.81479,30.65354],[71.82154,30.65053],[71.82609,30.6513],[71.84095,30.66331],[71.85266,30.66769],[71.86491,30.67595],[71.87177,30.67742],[71.8758,30.68193],[71.87863,30.68176],[71.8807,30.67578],[71.88629,30.67527],[71.88967,30.67681],[71.8955,30.68296],[71.91069,30.67371],[71.91984,30.66453],[71.92538,30.66503],[71.93204,30.66794],[71.93409,30.68077],[71.93538,30.68166],[71.94539,30.68027],[71.95197,30.67659],[71.96723,30.67696],[71.96936,30.66664],[71.99503,30.66956],[71.99942,30.67543],[71.99928,30.68392],[72.001,30.68648],[71.99249,30.69777],[72.00933,30.69517],[72.01934,30.70049],[72.03325,30.70322],[72.03949,30.71146],[72.05177,30.71636],[72.05504,30.73275],[72.07595,30.72724],[72.0894,30.72562],[72.11784,30.73112],[72.12689,30.73116],[72.16469,30.72041],[72.18509,30.71248],[72.20601,30.71651],[72.22728,30.71669],[72.23559,30.73202],[72.23909,30.73257],[72.24493,30.73147],[72.25654,30.72264],[72.2696,30.72583],[72.28498,30.71906],[72.29717,30.72394],[72.30925,30.7184],[72.31678,30.72412],[72.32024,30.72422],[72.33238,30.71471],[72.33826,30.71414],[72.34666,30.71804],[72.36178,30.73335],[72.3631,30.73632],[72.36015,30.73969],[72.35662,30.74104],[72.34789,30.73957],[72.34479,30.74313],[72.34824,30.7453],[72.34838,30.7496],[72.35118,30.75269],[72.35542,30.7539],[72.36019,30.75328],[72.36979,30.75941],[72.36936,30.76134],[72.34984,30.77025],[72.34369,30.77703],[72.34091,30.79599],[72.34176,30.80206],[72.34786,30.81688],[72.34675,30.82639],[72.34214,30.82818],[72.3393,30.82654],[72.33625,30.81248],[72.33082,30.80929],[72.32564,30.80872],[72.3198,30.8128],[72.31327,30.81051],[72.30966,30.81226],[72.2863,30.84],[72.2831,30.84088],[72.27572,30.83495],[72.26515,30.84111],[72.24826,30.84462],[72.24471,30.848],[72.25063,30.85805],[72.25373,30.86738],[72.26619,30.88613],[72.26988,30.88937],[72.27448,30.89265],[72.28696,30.89659],[72.29616,30.89827],[72.30418,30.89601],[72.30823,30.89654],[72.31259,30.9],[72.31443,30.90416],[72.31415,30.91272],[72.31557,30.91394],[72.33045,30.91503],[72.33328,30.91687],[72.3334,30.92468],[72.34579,30.93305],[72.34863,30.94179],[72.35416,30.94794],[72.35314,30.96038],[72.35474,30.96998],[72.35665,30.97277],[72.36807,30.98037],[72.3723,30.98694],[72.37237,31.00193],[72.37641,31.0059],[72.37831,31.02065],[72.39629,31.02865],[72.40041,31.03269],[72.41318,31.03585],[72.41885,31.04558],[72.43057,31.04975],[72.43582,31.05628],[72.43925,31.07233],[72.43881,31.07699],[72.43514,31.08296],[72.43491,31.09295],[72.43916,31.10974],[72.45059,31.11265],[72.46193,31.11751],[72.46565,31.12055],[72.46797,31.12655],[72.48357,31.12568],[72.48742,31.12891],[72.48862,31.13546],[72.49217,31.13767],[72.49206,31.14072],[72.48443,31.14304],[72.47785,31.14753],[72.47261,31.15586],[72.47473,31.16059],[72.49778,31.16378],[72.50084,31.16584],[72.50334,31.17125],[72.50162,31.18156],[72.48905,31.18734],[72.48584,31.19113],[72.48638,31.1954],[72.49109,31.20169],[72.48533,31.20773],[72.48533,31.21133],[72.48802,31.21403],[72.49531,31.21602],[72.49268,31.21977],[72.49431,31.22315],[72.49716,31.22366],[72.50306,31.22058],[72.51226,31.22225],[72.5175,31.21736],[72.53507,31.22431],[72.5442,31.22303],[72.54943,31.22585],[72.54951,31.23304],[72.55415,31.23561],[72.55693,31.24165],[72.56696,31.24446],[72.5729,31.24834],[72.57889,31.24667],[72.58038,31.24179],[72.58995,31.23857],[72.61256,31.24587],[72.62633,31.242],[72.64189,31.24199],[72.6643,31.23686],[72.68226,31.23761],[72.6872,31.24004],[72.6977,31.24901],[72.71363,31.25846],[72.75245,31.27607],[72.77351,31.30334],[72.80486,31.3318],[72.8106,31.35418],[72.81171,31.37542],[72.79363,31.3722],[72.76695,31.37635],[72.74105,31.3785],[72.73835,31.37815],[72.72649,31.36615],[72.72033,31.36445],[72.70642,31.36501],[72.6944,31.37023],[72.67892,31.37276],[72.66669,31.38065],[72.65833,31.39983],[72.64904,31.40241],[72.64124,31.40897],[72.62654,31.41118],[72.62265,31.41313],[72.61979,31.42778],[72.62141,31.43617],[72.61725,31.43934],[72.61655,31.44188],[72.61767,31.4462],[72.62458,31.4499],[72.62495,31.45255],[72.61947,31.46395],[72.61553,31.46506],[72.61241,31.46834],[72.60236,31.46793],[72.59458,31.47184],[72.57313,31.45379],[72.56966,31.4531],[72.56694,31.45441],[72.55323,31.47051],[72.53317,31.48877],[72.52796,31.50134],[72.49722,31.51697],[72.48829,31.52322],[72.4855,31.52647],[72.48381,31.5387],[72.48107,31.54066],[72.46558,31.54185],[72.45902,31.54049],[72.45659,31.54905],[72.46258,31.56566],[72.46087,31.57917],[72.45419,31.58677],[72.44247,31.59494],[72.43604,31.60342],[72.43504,31.62096],[72.43847,31.65642],[72.43804,31.65939],[72.43451,31.66267]]]},"properties":{"district":"Jhang","province":"Punjab","pcode":"PK612","pop_2023":3077720,"area_km2":6345.1}},{"type":"Feature","geometry":{"type":"Polygon","coordinates":[[[73.80582,33.00889],[73.78954,33.01799],[73.77394,33.02333],[73.75861,33.04722],[73.75027,33.05305],[73.69581,33.07277],[73.65694,33.08111],[73.64305,33.08611],[73.62831,33.09471],[73.62442,33.10583],[73.62665,33.12804],[73.63179,33.13594],[73.66116,33.14927],[73.66858,33.15799],[73.66988,33.19155],[73.66706,33.21531],[73.66019,33.21824],[73.65403,33.22296],[73.64922,33.22257],[73.64118,33.21612],[73.64006,33.21917],[73.64277,33.23234],[73.62825,33.23846],[73.62324,33.24404],[73.6236,33.25527],[73.60927,33.24903],[73.60787,33.24365],[73.60335,33.24474],[73.60433,33.2491],[73.60038,33.24845],[73.5919,33.23961],[73.59092,33.23684],[73.59346,33.23156],[73.58093,33.23226],[73.577,33.23019],[73.57203,33.23406],[73.56228,33.22998],[73.56257,33.2373],[73.56076,33.23713],[73.5576,33.22685],[73.56086,33.22555],[73.56236,33.22283],[73.55478,33.2174],[73.5545,33.20497],[73.548,33.19904],[73.54202,33.20597],[73.54215,33.20987],[73.53858,33.21338],[73.53898,33.22237],[73.53343,33.22458],[73.53089,33.22899],[73.53366,33.24223],[73.53038,33.24562],[73.52201,33.23861],[73.52218,33.23702],[73.52438,33.23719],[73.5245,33.2347],[73.52251,33.23321],[73.5215,33.22899],[73.50345,33.22288],[73.49802,33.22378],[73.49499,33.22601],[73.48075,33.2252],[73.47988,33.23044],[73.4709,33.23243],[73.46339,33.24315],[73.45753,33.24686],[73.45094,33.24565],[73.44433,33.24091],[73.44421,33.23742],[73.44733,33.23592],[73.44645,33.2343],[73.44009,33.23418],[73.43286,33.23655],[73.42701,33.23169],[73.4351,33.21971],[73.43398,33.21784],[73.42188,33.21634],[73.41976,33.21497],[73.42288,33.20848],[73.41489,33.20325],[73.41265,33.19451],[73.40504,33.1899],[73.39944,33.18192],[73.39594,33.18067],[73.38932,33.18179],[73.3827,33.17779],[73.37797,33.17256],[73.3781,33.17057],[73.38172,33.16844],[73.3892,33.15859],[73.39581,33.144],[73.38888,33.1342],[73.37887,33.12641],[73.37058,33.11429],[73.3681,33.10424],[73.3607,33.1021],[73.35507,33.10572],[73.35281,33.10346],[73.34545,33.11033],[73.33945,33.1117],[73.33635,33.1072],[73.33083,33.10491],[73.31474,33.10569],[73.28366,33.09988],[73.27083,33.09983],[73.26125,33.09435],[73.24228,33.09013],[73.23171,33.09025],[73.21558,33.0863],[73.21026,33.09275],[73.20372,33.0883],[73.1942,33.07737],[73.19341,33.07262],[73.19727,33.06145],[73.18497,33.03636],[73.18805,33.02948],[73.18932,33.013],[73.19385,33.00358],[73.19819,32.99814],[73.20707,32.99379],[73.20852,32.98873],[73.21465,32.98493],[73.20632,32.95878],[73.20467,32.9558],[73.19963,32.95289],[73.20546,32.94706],[73.20512,32.9456],[73.18328,32.92835],[73.18171,32.92667],[73.18216,32.92421],[73.17913,32.92107],[73.17577,32.9204],[73.16277,32.91267],[73.15464,32.90535],[73.15336,32.90303],[73.15639,32.899],[73.1556,32.89519],[73.15885,32.88959],[73.15191,32.8683],[73.13958,32.85475],[73.1183,32.84063],[73.11594,32.83816],[73.11527,32.83279],[73.12211,32.82359],[73.1267,32.82573],[73.13342,32.82394],[73.15067,32.82483],[73.17723,32.82102],[73.1965,32.81643],[73.20075,32.81733],[73.20703,32.81632],[73.21431,32.82114],[73.22047,32.82114],[73.22081,32.81497],[73.23335,32.80713],[73.23481,32.80411],[73.23022,32.79391],[73.23302,32.79223],[73.24115,32.79402],[73.24512,32.7659],[73.2477,32.75985],[73.23761,32.75145],[73.22383,32.74338],[73.21675,32.73096],[73.21232,32.7293],[73.18845,32.72976],[73.18303,32.7351],[73.15743,32.73945],[73.15513,32.73597],[73.15784,32.72648],[73.15475,32.72448],[73.1397,32.72502],[73.13737,32.72133],[73.1393,32.7141],[73.13392,32.70951],[73.12724,32.70899],[73.12335,32.70665],[73.10934,32.70799],[73.09117,32.69854],[73.08831,32.69125],[73.09003,32.67403],[73.08894,32.67195],[73.08374,32.66952],[73.06972,32.67196],[73.05703,32.68075],[73.0503,32.68935],[73.04418,32.69255],[73.04075,32.69258],[73.03469,32.69001],[73.03164,32.69319],[73.02761,32.70561],[73.0239,32.70924],[73.02109,32.70802],[73.01916,32.70036],[73.01196,32.70108],[73.00857,32.69456],[72.99541,32.69118],[72.99375,32.68737],[72.99482,32.67765],[72.9908,32.66901],[72.9865,32.66543],[72.97595,32.6638],[72.94275,32.66951],[72.93724,32.6665],[72.937,32.65995],[72.93496,32.65684],[72.92806,32.65424],[72.91765,32.65285],[72.89286,32.65313],[72.87737,32.65673],[72.87604,32.65485],[72.87878,32.64372],[72.87803,32.64185],[72.87374,32.63974],[72.86062,32.64161],[72.85862,32.64346],[72.85745,32.6485],[72.833,32.66558],[72.8206,32.66578],[72.8138,32.66233],[72.80659,32.66256],[72.80187,32.66503],[72.79851,32.6784],[72.78352,32.68709],[72.7781,32.6941],[72.76873,32.69576],[72.76005,32.69554],[72.75358,32.69015],[72.73749,32.68773],[72.73381,32.68328],[72.73656,32.66621],[72.73267,32.65437],[72.74433,32.63278],[72.74567,32.6243],[72.74277,32.61964],[72.72763,32.61202],[72.70076,32.60798],[72.6909,32.60377],[72.65265,32.59481],[72.64908,32.56239],[72.65203,32.54849],[72.64921,32.54066],[72.6444,32.53617],[72.64325,32.53114],[72.645,32.52189],[72.65052,32.51036],[72.65161,32.50099],[72.65682,32.49437],[72.65797,32.48823],[72.66761,32.46597],[72.65604,32.46192],[72.65136,32.45745],[72.65721,32.44219],[72.65701,32.43543],[72.66018,32.42399],[72.67458,32.42344],[72.70393,32.41743],[72.72533,32.41743],[72.73116,32.41919],[72.7393,32.42627],[72.74937,32.42927],[72.75662,32.43564],[72.76317,32.43829],[72.79375,32.44183],[72.82912,32.45739],[72.84832,32.46283],[72.85607,32.46768],[72.86518,32.47784],[72.87557,32.50387],[72.87829,32.50625],[72.89122,32.50914],[72.90057,32.51356],[72.91265,32.5219],[72.91894,32.52377],[72.92915,32.52292],[72.93799,32.52581],[72.95041,32.5321],[72.95874,32.53891],[72.97813,32.55047],[72.98867,32.55285],[72.99752,32.55285],[73.00738,32.5503],[73.02983,32.55183],[73.07677,32.57411],[73.08555,32.57658],[73.09786,32.57054],[73.14277,32.5753],[73.17593,32.57717],[73.19456,32.57455],[73.22066,32.57241],[73.2278,32.57479],[73.2447,32.58512],[73.25163,32.58452],[73.26077,32.58589],[73.27516,32.59096],[73.27872,32.59509],[73.28581,32.59472],[73.31967,32.6157],[73.331,32.61978],[73.34766,32.6218],[73.36866,32.61768],[73.37857,32.62018],[73.40588,32.63075],[73.41164,32.64242],[73.43759,32.64751],[73.46123,32.66383],[73.47568,32.66376],[73.48633,32.66663],[73.49224,32.67019],[73.50733,32.68488],[73.51219,32.68674],[73.52255,32.68726],[73.52552,32.69191],[73.53937,32.69906],[73.54759,32.70674],[73.55654,32.70901],[73.56782,32.71635],[73.57347,32.72624],[73.57959,32.72765],[73.59028,32.74746],[73.59277,32.75724],[73.60287,32.76809],[73.61126,32.78225],[73.61665,32.79957],[73.61809,32.81242],[73.62871,32.83417],[73.64512,32.85621],[73.66316,32.87449],[73.69154,32.89172],[73.70634,32.90435],[73.72012,32.91355],[73.75612,32.94569],[73.78298,32.97565],[73.79616,32.98623],[73.80105,32.99501],[73.80582,33.00889]]]},"properties":{"district":"Jhelum","province":"Punjab","pcode":"PK613","pop_2023":1382308,"area_km2":3568.8}},{"type":"Feature","geometry":{"type":"Polygon","coordinates":[[[74.57121,31.34445],[74.53158,31.35842],[74.5165,31.3599],[74.51231,31.35893],[74.5108,31.35658],[74.51211,31.35133],[74.51098,31.34979],[74.50169,31.34836],[74.49655,31.34962],[74.49385,31.35223],[74.48984,31.36483],[74.48616,31.36546],[74.48227,31.36392],[74.46912,31.36544],[74.46509,31.36209],[74.46671,31.3588],[74.46502,31.35586],[74.46202,31.35471],[74.45463,31.35562],[74.45194,31.35204],[74.44796,31.32184],[74.44201,31.31831],[74.44141,31.31554],[74.43755,31.3148],[74.43659,31.31303],[74.43742,31.30694],[74.44082,31.30287],[74.43579,31.29573],[74.43849,31.28992],[74.41418,31.29844],[74.41164,31.30374],[74.39586,31.29701],[74.38831,31.29676],[74.3824,31.29416],[74.37747,31.29612],[74.37344,31.29516],[74.36603,31.29235],[74.35997,31.28715],[74.3533,31.28436],[74.33099,31.28937],[74.31589,31.28406],[74.2999,31.2849],[74.29497,31.28776],[74.28659,31.28982],[74.28075,31.2942],[74.27354,31.29504],[74.26769,31.28869],[74.26007,31.28797],[74.25707,31.28605],[74.25375,31.27871],[74.24083,31.27048],[74.23587,31.26438],[74.21881,31.25593],[74.2155,31.25733],[74.20509,31.27535],[74.19799,31.28321],[74.19454,31.29142],[74.18706,31.2957],[74.17734,31.29036],[74.17567,31.28729],[74.1692,31.28663],[74.16507,31.2839],[74.16039,31.28684],[74.15867,31.29223],[74.15477,31.29299],[74.14949,31.29862],[74.14401,31.29881],[74.13748,31.30143],[74.12742,31.29377],[74.12786,31.28788],[74.124,31.27589],[74.1161,31.26913],[74.10992,31.26698],[74.10574,31.27111],[74.10654,31.27899],[74.10321,31.28005],[74.09301,31.27557],[74.08893,31.27574],[74.0884,31.28168],[74.09077,31.29267],[74.08973,31.29322],[74.08329,31.28888],[74.07386,31.27513],[74.06909,31.27566],[74.06629,31.2778],[74.06318,31.28606],[74.06052,31.2887],[74.04834,31.29327],[74.03466,31.31171],[74.02131,31.31239],[74.01859,31.31154],[74.01387,31.30549],[74.00933,31.30443],[73.99507,31.30844],[73.98952,31.3079],[73.97815,31.29904],[73.96807,31.29379],[73.94272,31.29302],[73.93666,31.29153],[73.9302,31.28479],[73.92574,31.28273],[73.92362,31.2774],[73.90613,31.27169],[73.9066,31.26632],[73.91797,31.25746],[73.91857,31.25369],[73.90986,31.24751],[73.90645,31.23708],[73.89707,31.22956],[73.88954,31.22639],[73.88104,31.22983],[73.86179,31.22515],[73.85133,31.22102],[73.84182,31.22376],[73.82722,31.21596],[73.82396,31.21685],[73.81552,31.22438],[73.81144,31.22547],[73.8084,31.21964],[73.80044,31.21475],[73.79298,31.21255],[73.7849,31.21272],[73.77035,31.20497],[73.75923,31.20386],[73.74258,31.19566],[73.73741,31.17505],[73.73138,31.17029],[73.71871,31.16415],[73.71446,31.16527],[73.70704,31.17333],[73.70228,31.17358],[73.69807,31.1699],[73.69525,31.16302],[73.68341,31.15006],[73.67265,31.14432],[73.66989,31.1445],[73.66235,31.14906],[73.65393,31.13857],[73.66076,31.13239],[73.66989,31.11752],[73.67966,31.09497],[73.6772,31.09184],[73.66303,31.0843],[73.66221,31.08037],[73.66467,31.06855],[73.66205,31.06474],[73.66196,31.06098],[73.66991,31.05689],[73.71204,31.04408],[73.71669,31.04035],[73.72647,31.01336],[73.73068,31.00588],[73.74291,30.99641],[73.75302,30.99338],[73.76228,30.99249],[73.76512,30.97625],[73.7626,30.9674],[73.75353,30.95295],[73.75382,30.94757],[73.75558,30.94581],[73.78657,30.92316],[73.80731,30.93279],[73.81678,30.93382],[73.84484,30.89356],[73.84904,30.88527],[73.84931,30.86977],[73.85205,30.86616],[73.85819,30.86224],[73.88181,30.86294],[73.89173,30.85748],[73.91402,30.85716],[73.91628,30.85779],[73.91692,30.86352],[73.91817,30.8639],[73.93265,30.86181],[73.94415,30.856],[73.94526,30.85233],[73.94328,30.84807],[73.94495,30.84466],[73.95985,30.83606],[73.97539,30.83464],[73.98478,30.82761],[73.98797,30.82058],[73.99283,30.82093],[74.00043,30.83252],[74.00663,30.8329],[74.01587,30.82888],[74.01399,30.81555],[74.01588,30.8113],[74.02147,30.80968],[74.02385,30.80704],[74.02768,30.79974],[74.04357,30.79517],[74.06486,30.79533],[74.06794,30.79225],[74.07681,30.77302],[74.07578,30.76718],[74.07253,30.76175],[74.07221,30.75603],[74.09217,30.74319],[74.09488,30.73386],[74.11359,30.72061],[74.1174,30.70227],[74.11988,30.69754],[74.12443,30.69281],[74.13493,30.68919],[74.13714,30.674],[74.14496,30.67049],[74.15033,30.66528],[74.15465,30.65725],[74.15853,30.65439],[74.15939,30.64476],[74.16176,30.64161],[74.18324,30.65945],[74.18615,30.65939],[74.19684,30.67177],[74.22201,30.70815],[74.23216,30.71962],[74.24098,30.72218],[74.25401,30.72304],[74.26831,30.73145],[74.27966,30.72936],[74.28181,30.73023],[74.28246,30.73458],[74.2737,30.74325],[74.26629,30.76244],[74.26209,30.76814],[74.265,30.77278],[74.28756,30.77275],[74.29623,30.77852],[74.2996,30.78509],[74.29457,30.7946],[74.30051,30.80685],[74.31812,30.82779],[74.31964,30.84357],[74.32533,30.84734],[74.33649,30.84732],[74.34408,30.85242],[74.35876,30.8459],[74.36301,30.84581],[74.37199,30.85294],[74.37115,30.86029],[74.36221,30.87242],[74.36188,30.8793],[74.36553,30.88541],[74.38272,30.89167],[74.39504,30.90354],[74.41611,30.90604],[74.41921,30.9117],[74.4207,30.92588],[74.42867,30.93441],[74.44639,30.9489],[74.46434,30.96155],[74.46783,30.96261],[74.47059,30.96599],[74.48509,30.97047],[74.49144,30.9694],[74.5022,30.96479],[74.51758,30.97177],[74.54848,30.99284],[74.54422,31.01515],[74.55344,31.0626],[74.55839,31.06753],[74.5717,31.06744],[74.5925,31.05204],[74.61778,31.02737],[74.62693,31.02233],[74.63913,31.02112],[74.64916,31.02684],[74.65161,31.04465],[74.65641,31.05302],[74.66212,31.05654],[74.67995,31.05679],[74.6857,31.06146],[74.68715,31.06509],[74.67898,31.0865],[74.67178,31.10005],[74.66444,31.10667],[74.65068,31.11246],[74.61756,31.11905],[74.60426,31.11937],[74.59088,31.10938],[74.58152,31.108],[74.57413,31.11001],[74.56419,31.11552],[74.54532,31.13361],[74.53585,31.15423],[74.53313,31.16942],[74.53364,31.19393],[74.55206,31.25307],[74.55312,31.26129],[74.55025,31.2947],[74.57121,31.34445]]]},"properties":{"district":"Kasur","province":"Punjab","pcode":"PK614","pop_2023":4084286,"area_km2":3986.7}},{"type":"Feature","geometry":{"type":"Polygon","coordinates":[[[72.22728,30.71669],[72.20601,30.71651],[72.18509,30.71248],[72.16469,30.72041],[72.12689,30.73116],[72.11784,30.73112],[72.0894,30.72562],[72.07595,30.72724],[72.05504,30.73275],[72.05177,30.71636],[72.03949,30.71146],[72.03325,30.70322],[72.01934,30.70049],[72.00933,30.69517],[71.99249,30.69777],[72.001,30.68648],[71.99928,30.68392],[71.99942,30.67543],[71.99503,30.66956],[71.96936,30.66664],[71.96723,30.67696],[71.95197,30.67659],[71.94539,30.68027],[71.93538,30.68166],[71.93409,30.68077],[71.93204,30.66794],[71.92538,30.66503],[71.91984,30.66453],[71.91069,30.67371],[71.8955,30.68296],[71.88967,30.67681],[71.88629,30.67527],[71.8807,30.67578],[71.87863,30.68176],[71.8758,30.68193],[71.87177,30.67742],[71.86491,30.67595],[71.85266,30.66769],[71.84095,30.66331],[71.82609,30.6513],[71.82154,30.65053],[71.81479,30.65354],[71.81023,30.65092],[71.79558,30.63824],[71.78008,30.61752],[71.77908,30.61409],[71.78484,30.60826],[71.76822,30.59762],[71.73483,30.58806],[71.72669,30.5782],[71.71673,30.56165],[71.70223,30.54259],[71.68611,30.53459],[71.67406,30.5337],[71.67128,30.53224],[71.66378,30.52215],[71.65885,30.5193],[71.64258,30.51297],[71.61558,30.506],[71.6078,30.50222],[71.60597,30.49936],[71.60427,30.4869],[71.59398,30.48187],[71.59109,30.47864],[71.59082,30.4706],[71.57882,30.46606],[71.56182,30.44829],[71.55329,30.44863],[71.54494,30.45498],[71.53833,30.458],[71.53131,30.45439],[71.52509,30.45456],[71.52415,30.44845],[71.52543,30.44353],[71.53005,30.43699],[71.52986,30.43383],[71.5318,30.43192],[71.53819,30.43158],[71.54313,30.43412],[71.56025,30.43668],[71.56322,30.43597],[71.56977,30.43132],[71.57602,30.41844],[71.58607,30.41474],[71.58717,30.41643],[71.5854,30.4211],[71.58862,30.42253],[71.59505,30.41847],[71.61016,30.4129],[71.61163,30.41086],[71.60716,30.40115],[71.6143,30.39791],[71.62634,30.38829],[71.62637,30.3832],[71.62116,30.37828],[71.62402,30.36854],[71.64514,30.3607],[71.65282,30.3563],[71.65555,30.35775],[71.6611,30.36708],[71.66491,30.36673],[71.66579,30.36446],[71.65925,30.35542],[71.66037,30.35069],[71.65487,30.34443],[71.64984,30.33337],[71.65008,30.32855],[71.65765,30.32266],[71.66554,30.31804],[71.68451,30.31722],[71.70127,30.31022],[71.7071,30.30607],[71.70962,30.30739],[71.71571,30.30586],[71.72293,30.31386],[71.72685,30.3159],[71.73046,30.30972],[71.73983,30.30427],[71.75744,30.30766],[71.7729,30.30502],[71.77747,30.30315],[71.77829,30.29605],[71.76881,30.27425],[71.76578,30.2634],[71.77717,30.26382],[71.78621,30.26075],[71.81655,30.26963],[71.82659,30.25389],[71.83455,30.2513],[71.83162,30.24358],[71.8285,30.24244],[71.82643,30.23793],[71.82258,30.23589],[71.82061,30.23249],[71.81359,30.23188],[71.81285,30.23058],[71.81115,30.2248],[71.81546,30.22257],[71.80822,30.21079],[71.80254,30.20834],[71.80033,30.20545],[71.79935,30.1983],[71.79518,30.19213],[71.7896,30.17183],[71.7806,30.16245],[71.77304,30.16036],[71.76666,30.15496],[71.76371,30.14949],[71.76289,30.13827],[71.7515,30.12988],[71.75145,30.11759],[71.74923,30.11466],[71.74627,30.10347],[71.73124,30.08078],[71.72638,30.07594],[71.72211,30.06565],[71.72138,30.0587],[71.71651,30.04926],[71.71016,30.0458],[71.70276,30.04545],[71.69907,30.0473],[71.69668,30.04688],[71.69521,30.04173],[71.69036,30.03907],[71.68841,30.03507],[71.68495,30.03466],[71.68015,30.03691],[71.67587,30.03297],[71.66521,30.02907],[71.65938,30.02145],[71.64731,30.01274],[71.61918,30.011],[71.61203,30.00342],[71.60189,29.99785],[71.59687,29.98216],[71.59191,29.9779],[71.58877,29.97868],[71.58349,29.98682],[71.57758,29.98725],[71.56863,29.98324],[71.56503,29.97411],[71.56748,29.97106],[71.57793,29.96697],[71.58271,29.96787],[71.58694,29.96209],[71.59238,29.96373],[71.59999,29.96296],[71.60523,29.9704],[71.6111,29.97014],[71.61649,29.96666],[71.61783,29.96327],[71.61333,29.95142],[71.60532,29.94307],[71.60369,29.93788],[71.60805,29.92708],[71.63255,29.90868],[71.6482,29.90852],[71.65403,29.90666],[71.66323,29.90728],[71.66622,29.89933],[71.66956,29.89857],[71.67776,29.90531],[71.68008,29.91229],[71.67661,29.91593],[71.67669,29.91844],[71.68121,29.92198],[71.67984,29.92523],[71.67335,29.92639],[71.67135,29.92982],[71.67205,29.93215],[71.67512,29.93579],[71.68132,29.93923],[71.68639,29.94708],[71.68978,29.94757],[71.69327,29.94466],[71.70191,29.94704],[71.70373,29.94921],[71.70259,29.95335],[71.70392,29.95549],[71.70704,29.95492],[71.70938,29.94806],[71.71166,29.94667],[71.71838,29.94919],[71.72965,29.94999],[71.73216,29.95232],[71.73405,29.95534],[71.73498,29.96337],[71.73771,29.96621],[71.73953,29.96722],[71.7459,29.96385],[71.74918,29.96524],[71.75094,29.96787],[71.75177,29.97938],[71.76196,29.98885],[71.76287,29.9943],[71.77311,30.00285],[71.77284,30.00818],[71.76818,30.01461],[71.77095,30.0202],[71.77779,30.02208],[71.78999,30.02205],[71.79529,30.01957],[71.7983,30.01362],[71.80798,30.01209],[71.81325,30.00596],[71.82082,30.00451],[71.82982,30.00526],[71.84173,30.01152],[71.84588,30.01621],[71.84809,30.02573],[71.85752,30.03094],[71.85864,30.03795],[71.86193,30.0426],[71.86441,30.04343],[71.86676,30.04336],[71.86735,30.03406],[71.87025,30.02623],[71.87263,30.02508],[71.87685,30.0262],[71.88692,30.03659],[71.89626,30.05114],[71.90156,30.05026],[71.92768,30.03768],[71.94041,30.03779],[71.94694,30.04344],[71.95704,30.04684],[71.96008,30.04999],[71.9607,30.05264],[71.95725,30.06118],[71.95718,30.06602],[71.96461,30.07718],[71.96693,30.07928],[71.96928,30.07895],[71.9756,30.07222],[71.97845,30.07255],[71.98578,30.0815],[71.99001,30.0907],[71.99364,30.09157],[72.01265,30.08687],[72.03777,30.07605],[72.05445,30.07057],[72.06061,30.07155],[72.0644,30.07657],[72.06731,30.07631],[72.07002,30.07336],[72.07464,30.07441],[72.08016,30.08111],[72.0836,30.08031],[72.08819,30.07566],[72.0965,30.07516],[72.10097,30.06683],[72.10338,30.06602],[72.10874,30.06758],[72.11745,30.07526],[72.12674,30.09371],[72.12988,30.10345],[72.13948,30.1139],[72.14658,30.11798],[72.15882,30.12203],[72.16742,30.12285],[72.17047,30.1223],[72.18076,30.11568],[72.18538,30.11609],[72.18609,30.1207],[72.17811,30.13132],[72.17471,30.14182],[72.17392,30.1458],[72.17696,30.15365],[72.18128,30.15326],[72.18743,30.15884],[72.20076,30.15508],[72.2189,30.15906],[72.22604,30.167],[72.23637,30.1708],[72.23913,30.17926],[72.25176,30.17907],[72.26334,30.18365],[72.27189,30.17898],[72.27506,30.17912],[72.28207,30.1832],[72.28566,30.18297],[72.28911,30.18658],[72.28609,30.19347],[72.28694,30.19757],[72.29025,30.20069],[72.29933,30.20251],[72.30305,30.20741],[72.3077,30.21024],[72.31777,30.21148],[72.32243,30.21599],[72.32562,30.21498],[72.32989,30.21031],[72.3379,30.20531],[72.35421,30.20013],[72.37916,30.2088],[72.38896,30.2175],[72.39882,30.218],[72.39944,30.23147],[72.39774,30.2407],[72.40245,30.26259],[72.40208,30.27897],[72.3938,30.2876],[72.39448,30.29748],[72.40225,30.30492],[72.40313,30.32359],[72.41765,30.3324],[72.4197,30.33527],[72.42431,30.3516],[72.43282,30.36355],[72.43903,30.37656],[72.43818,30.38968],[72.44036,30.40841],[72.43743,30.42346],[72.43901,30.44131],[72.45114,30.45889],[72.46838,30.47659],[72.48199,30.49882],[72.48307,30.50444],[72.48119,30.50969],[72.48157,30.51398],[72.47878,30.51816],[72.4793,30.5285],[72.47669,30.53717],[72.47933,30.54143],[72.49274,30.54453],[72.50094,30.54946],[72.5017,30.55271],[72.49456,30.56272],[72.49722,30.57809],[72.49205,30.57786],[72.48013,30.58034],[72.4775,30.58397],[72.47579,30.59386],[72.46942,30.59908],[72.45758,30.59821],[72.44877,30.59944],[72.43005,30.59537],[72.4247,30.58945],[72.42143,30.58864],[72.41632,30.59082],[72.39746,30.58306],[72.3879,30.57114],[72.38005,30.56504],[72.37517,30.56567],[72.36283,30.57525],[72.36118,30.57514],[72.35576,30.56064],[72.35384,30.5649],[72.35448,30.57843],[72.3429,30.57812],[72.3352,30.5737],[72.33183,30.5695],[72.32525,30.55136],[72.31362,30.54202],[72.30593,30.53844],[72.30433,30.52748],[72.30237,30.52508],[72.29791,30.52693],[72.29525,30.53295],[72.29598,30.53996],[72.30976,30.55845],[72.32137,30.56515],[72.32139,30.56828],[72.30853,30.56352],[72.29594,30.55611],[72.28896,30.55553],[72.27498,30.54933],[72.2648,30.54841],[72.2527,30.55328],[72.2469,30.55887],[72.24262,30.56709],[72.24067,30.5677],[72.22809,30.56256],[72.21168,30.56275],[72.19254,30.56499],[72.15207,30.57302],[72.15113,30.57401],[72.15387,30.58395],[72.15859,30.58965],[72.16545,30.59469],[72.17813,30.62447],[72.17953,30.63108],[72.17852,30.6324],[72.17418,30.63282],[72.17409,30.63482],[72.18429,30.6434],[72.21039,30.68261],[72.22728,30.71669]]]},"properties":{"district":"Khanewal","province":"Punjab","pcode":"PK615","pop_2023":3364077,"area_km2":4355.8}},{"type":"Feature","geometry":{"type":"Polygon","coordinates":[[[72.65265,32.59481],[72.64745,32.59339],[72.63263,32.59357],[72.61478,32.59565],[72.60382,32.59924],[72.57794,32.6192],[72.5763,32.63418],[72.57461,32.63591],[72.56729,32.63651],[72.5651,32.63836],[72.56568,32.64783],[72.56722,32.6535],[72.57024,32.65741],[72.56898,32.66052],[72.5672,32.662],[72.54838,32.66456],[72.53817,32.66069],[72.53515,32.6632],[72.54273,32.67535],[72.54413,32.68073],[72.54292,32.69001],[72.53758,32.69491],[72.531,32.68828],[72.52037,32.68261],[72.51663,32.67474],[72.50913,32.66763],[72.49924,32.66625],[72.48739,32.66886],[72.48368,32.66844],[72.47673,32.66476],[72.46318,32.65352],[72.45458,32.64348],[72.44049,32.63477],[72.43646,32.62923],[72.43298,32.61892],[72.42611,32.61635],[72.41552,32.61571],[72.41374,32.61765],[72.41281,32.626],[72.41032,32.62943],[72.40289,32.63104],[72.39585,32.62728],[72.39002,32.62815],[72.38859,32.63128],[72.38926,32.64896],[72.38745,32.65629],[72.37562,32.65654],[72.37367,32.65773],[72.36758,32.66994],[72.34951,32.67837],[72.3447,32.68417],[72.34092,32.69475],[72.31341,32.69169],[72.29026,32.69098],[72.24299,32.70103],[72.23575,32.70114],[72.22181,32.69763],[72.21723,32.69775],[72.19439,32.7024],[72.16451,32.70342],[72.16218,32.70604],[72.15997,32.71727],[72.15254,32.71812],[72.14608,32.71545],[72.14588,32.71211],[72.15393,32.68021],[72.15508,32.66667],[72.15369,32.66307],[72.14491,32.65675],[72.14181,32.64837],[72.13901,32.64522],[72.12404,32.6399],[72.12021,32.6339],[72.1137,32.63132],[72.07357,32.62005],[72.04639,32.59956],[71.98625,32.58052],[71.97925,32.57405],[71.97824,32.57001],[71.97828,32.56598],[71.98026,32.56196],[71.9831,32.56079],[71.98301,32.55784],[71.97345,32.55549],[71.96391,32.55587],[71.95711,32.55241],[71.95375,32.54967],[71.95063,32.53388],[71.9415,32.52831],[71.93302,32.52796],[71.9261,32.53147],[71.92484,32.53866],[71.92292,32.54084],[71.91896,32.5415],[71.91029,32.5388],[71.88351,32.54497],[71.88013,32.54144],[71.87866,32.53316],[71.87368,32.52896],[71.85008,32.52235],[71.83652,32.52226],[71.83572,32.51031],[71.83074,32.50543],[71.82995,32.49614],[71.82462,32.492],[71.81274,32.4874],[71.80952,32.48102],[71.80428,32.47767],[71.79573,32.47954],[71.79091,32.47805],[71.79134,32.46643],[71.78668,32.45965],[71.78828,32.45638],[71.79897,32.4531],[71.80397,32.44347],[71.81103,32.44536],[71.81631,32.44101],[71.8244,32.43942],[71.8245,32.43058],[71.83154,32.42446],[71.83875,32.42459],[71.84035,32.42323],[71.84145,32.41168],[71.84399,32.40488],[71.83758,32.40069],[71.83788,32.38847],[71.83622,32.38648],[71.80711,32.3624],[71.72561,32.27414],[71.73445,32.2482],[71.72314,32.2438],[71.71828,32.23924],[71.72838,32.19879],[71.73064,32.18211],[71.73302,32.18038],[71.75139,32.17741],[71.75596,32.16664],[71.7754,32.14533],[71.77881,32.13868],[71.77245,32.10522],[71.77098,32.05161],[71.7676,32.04412],[71.756,32.0304],[71.73806,32.01559],[71.72015,31.99582],[71.71198,31.98958],[71.72111,31.96928],[71.72072,31.96088],[71.71682,31.95133],[71.70274,31.93443],[71.69167,31.91581],[71.68608,31.89813],[71.6806,31.89167],[71.67183,31.88636],[71.64467,31.88009],[71.63191,31.86593],[71.62383,31.85082],[71.62408,31.84802],[71.69485,31.82013],[71.70735,31.81665],[71.71544,31.81227],[71.72992,31.77739],[71.74912,31.75314],[71.74705,31.7421],[71.74961,31.73774],[71.75176,31.71021],[71.75437,31.69595],[71.75959,31.68786],[71.77537,31.67635],[71.78913,31.66929],[71.80678,31.66309],[71.80965,31.65551],[71.83647,31.63879],[71.85246,31.62548],[71.85976,31.61485],[71.88588,31.60855],[71.90068,31.6025],[71.91394,31.59491],[71.92334,31.58728],[71.93111,31.57722],[71.93479,31.55919],[71.93694,31.55552],[71.94944,31.54705],[71.96562,31.53921],[71.98891,31.53142],[71.99899,31.5463],[72.01751,31.56151],[72.02366,31.56909],[72.02307,31.57619],[72.02508,31.58307],[72.02656,31.60322],[72.02931,31.6141],[72.03391,31.6219],[72.07605,31.66741],[72.09882,31.68679],[72.12116,31.7162],[72.14279,31.74927],[72.14564,31.74995],[72.17123,31.7337],[72.18423,31.73155],[72.199,31.73585],[72.21156,31.7592],[72.22265,31.77034],[72.22493,31.77789],[72.23503,31.78305],[72.23571,31.78691],[72.23173,31.7888],[72.23299,31.7954],[72.24366,31.799],[72.2455,31.80104],[72.24128,31.80782],[72.24723,31.809],[72.26032,31.80745],[72.26321,31.81335],[72.26561,31.81499],[72.2662,31.81811],[72.26294,31.82442],[72.2638,31.83091],[72.2542,31.83778],[72.25479,31.8431],[72.25218,31.85731],[72.25539,31.85818],[72.26555,31.85592],[72.27463,31.84997],[72.27925,31.85025],[72.28145,31.85206],[72.28051,31.85848],[72.28529,31.86465],[72.28322,31.87346],[72.27628,31.87437],[72.27231,31.87795],[72.27085,31.88915],[72.26324,31.89845],[72.25984,31.91111],[72.25167,31.91433],[72.25051,31.91707],[72.25072,31.92055],[72.25684,31.92161],[72.25913,31.92462],[72.25981,31.94304],[72.26982,31.9686],[72.26909,31.97238],[72.2617,31.97644],[72.25303,31.97888],[72.25184,31.98063],[72.25129,31.99669],[72.25866,32.00432],[72.26866,32.00264],[72.2749,32.00646],[72.28349,32.00849],[72.29163,32.00777],[72.29381,32.01136],[72.29014,32.01694],[72.29062,32.02126],[72.29292,32.02347],[72.30543,32.02491],[72.30826,32.02657],[72.31148,32.04061],[72.32063,32.04814],[72.322,32.05444],[72.3266,32.0613],[72.32277,32.06988],[72.32271,32.07507],[72.32563,32.0834],[72.32372,32.10375],[72.32497,32.11038],[72.32982,32.11839],[72.33039,32.13001],[72.32446,32.15036],[72.32359,32.15944],[72.32987,32.17747],[72.34127,32.20003],[72.34382,32.23024],[72.35047,32.23716],[72.36147,32.2438],[72.37029,32.25403],[72.37636,32.25567],[72.38884,32.25476],[72.39686,32.25791],[72.41294,32.27721],[72.41716,32.27956],[72.43068,32.28292],[72.43202,32.28861],[72.44022,32.2947],[72.44686,32.29274],[72.4543,32.29633],[72.46718,32.29731],[72.46936,32.30409],[72.47446,32.30941],[72.47505,32.31413],[72.47852,32.31901],[72.49451,32.32964],[72.51352,32.33518],[72.52848,32.34843],[72.54581,32.35783],[72.55401,32.36892],[72.57109,32.37494],[72.57885,32.37105],[72.58642,32.37252],[72.59443,32.37662],[72.60902,32.38042],[72.62392,32.39109],[72.63686,32.39334],[72.64762,32.39874],[72.66249,32.39571],[72.66994,32.39578],[72.66308,32.41197],[72.66018,32.42399],[72.65701,32.43543],[72.65721,32.44219],[72.65136,32.45745],[72.65604,32.46192],[72.66761,32.46597],[72.65797,32.48823],[72.65682,32.49437],[72.65161,32.50099],[72.65052,32.51036],[72.645,32.52189],[72.64325,32.53114],[72.6444,32.53617],[72.64921,32.54066],[72.65203,32.54849],[72.64908,32.56239],[72.65265,32.59481]]]},"properties":{"district":"Khushab","province":"Punjab","pcode":"PK616","pop_2023":1501089,"area_km2":6599.6}},{"type":"Feature","geometry":{"type":"Polygon","coordinates":[[[74.57121,31.34445],[74.59457,31.39709],[74.62534,31.42362],[74.64111,31.4647],[74.63425,31.48366],[74.61174,31.50619],[74.60734,31.51889],[74.60089,31.56789],[74.59261,31.59231],[74.5785,31.6234],[74.53023,31.69809],[74.52038,31.71657],[74.48179,31.71628],[74.47352,31.70661],[74.45947,31.70155],[74.45485,31.69457],[74.45062,31.69165],[74.44342,31.69196],[74.44077,31.69758],[74.43689,31.69656],[74.43088,31.69127],[74.43101,31.68919],[74.43658,31.68808],[74.43759,31.68281],[74.4412,31.68004],[74.44891,31.67843],[74.44862,31.67401],[74.4446,31.66923],[74.42994,31.66629],[74.42138,31.65538],[74.4116,31.65011],[74.41319,31.64486],[74.41122,31.64301],[74.4064,31.64285],[74.40288,31.64433],[74.3991,31.65184],[74.39435,31.65051],[74.39093,31.65499],[74.3845,31.65491],[74.38039,31.65677],[74.37867,31.66358],[74.37111,31.66928],[74.36915,31.6727],[74.36683,31.67017],[74.3626,31.66902],[74.36131,31.66501],[74.35789,31.664],[74.35382,31.65993],[74.35083,31.6607],[74.34923,31.67151],[74.34166,31.6682],[74.34096,31.66616],[74.34726,31.66408],[74.34726,31.66034],[74.33961,31.65636],[74.3356,31.64792],[74.33125,31.64522],[74.3205,31.64662],[74.31807,31.64885],[74.31599,31.66543],[74.31061,31.67175],[74.30405,31.67373],[74.29786,31.66908],[74.29266,31.66852],[74.28256,31.6597],[74.27991,31.65154],[74.27221,31.64392],[74.26471,31.64007],[74.26378,31.63706],[74.26653,31.6295],[74.25703,31.62273],[74.25555,31.61482],[74.25316,31.61328],[74.2382,31.61496],[74.23659,31.61354],[74.24811,31.59539],[74.24806,31.59234],[74.24221,31.58523],[74.24133,31.58196],[74.24539,31.57426],[74.24563,31.56969],[74.24145,31.56301],[74.23395,31.5644],[74.2316,31.5602],[74.22622,31.56012],[74.22289,31.5545],[74.2144,31.55158],[74.21483,31.54834],[74.21014,31.5396],[74.20596,31.53709],[74.19909,31.5356],[74.19864,31.53394],[74.20218,31.52858],[74.19577,31.52459],[74.19574,31.51632],[74.19318,31.51344],[74.18886,31.51143],[74.17956,31.5119],[74.17771,31.51059],[74.17804,31.50523],[74.18337,31.49969],[74.18083,31.48894],[74.17362,31.47964],[74.17574,31.47702],[74.18072,31.47487],[74.17868,31.47025],[74.17549,31.46696],[74.16931,31.46433],[74.16498,31.45918],[74.14738,31.45488],[74.14073,31.4421],[74.13708,31.4399],[74.13722,31.42918],[74.13408,31.42898],[74.12949,31.42527],[74.12316,31.42565],[74.11858,31.42918],[74.11787,31.43148],[74.12023,31.43587],[74.12397,31.43236],[74.12713,31.43362],[74.12315,31.44135],[74.1247,31.45172],[74.12215,31.45198],[74.11391,31.44724],[74.09946,31.44621],[74.09463,31.44423],[74.08533,31.42802],[74.07864,31.42593],[74.07807,31.42112],[74.07311,31.4178],[74.07277,31.41435],[74.06964,31.41009],[74.06942,31.4072],[74.07186,31.40432],[74.08212,31.40575],[74.08458,31.40324],[74.08011,31.39259],[74.07239,31.3866],[74.07383,31.37602],[74.07166,31.3729],[74.05925,31.37212],[74.03762,31.36541],[74.01865,31.37231],[74.01716,31.3701],[74.00496,31.36595],[74.00364,31.36022],[74.01994,31.33257],[74.0339,31.31532],[74.03466,31.31171],[74.04834,31.29327],[74.06052,31.2887],[74.06318,31.28606],[74.06629,31.2778],[74.06909,31.27566],[74.07386,31.27513],[74.08329,31.28888],[74.08973,31.29322],[74.09077,31.29267],[74.0884,31.28168],[74.08893,31.27574],[74.09301,31.27557],[74.10321,31.28005],[74.10654,31.27899],[74.10574,31.27111],[74.10992,31.26698],[74.1161,31.26913],[74.124,31.27589],[74.12786,31.28788],[74.12742,31.29377],[74.13748,31.30143],[74.14401,31.29881],[74.14949,31.29862],[74.15477,31.29299],[74.15867,31.29223],[74.16039,31.28684],[74.16507,31.2839],[74.1692,31.28663],[74.17567,31.28729],[74.17734,31.29036],[74.18706,31.2957],[74.19454,31.29142],[74.19799,31.28321],[74.20509,31.27535],[74.2155,31.25733],[74.21881,31.25593],[74.23587,31.26438],[74.24083,31.27048],[74.25375,31.27871],[74.25707,31.28605],[74.26007,31.28797],[74.26769,31.28869],[74.27354,31.29504],[74.28075,31.2942],[74.28659,31.28982],[74.29497,31.28776],[74.2999,31.2849],[74.31589,31.28406],[74.33099,31.28937],[74.3533,31.28436],[74.35997,31.28715],[74.36603,31.29235],[74.37344,31.29516],[74.37747,31.29612],[74.3824,31.29416],[74.38831,31.29676],[74.39586,31.29701],[74.41164,31.30374],[74.41418,31.29844],[74.43849,31.28992],[74.43579,31.29573],[74.44082,31.30287],[74.43742,31.30694],[74.43659,31.31303],[74.43755,31.3148],[74.44141,31.31554],[74.44201,31.31831],[74.44796,31.32184],[74.45194,31.35204],[74.45463,31.35562],[74.46202,31.35471],[74.46502,31.35586],[74.46671,31.3588],[74.46509,31.36209],[74.46912,31.36544],[74.48227,31.36392],[74.48616,31.36546],[74.48984,31.36483],[74.49385,31.35223],[74.49655,31.34962],[74.50169,31.34836],[74.51098,31.34979],[74.51211,31.35133],[74.5108,31.35658],[74.51231,31.35893],[74.5165,31.3599],[74.53158,31.35842],[74.57121,31.34445]]]},"properties":{"district":"Lahore","province":"Punjab","pcode":"PK617","pop_2023":13004135,"area_km2":1729.9}},{"type":"Feature","geometry":{"type":"Polygon","coordinates":[[[71.76426,31.15718],[71.7621,31.17374],[71.75146,31.17685],[71.74161,31.17868],[71.72204,31.1792],[71.69095,31.17498],[71.68631,31.17553],[71.66416,31.19066],[71.64534,31.2102],[71.63249,31.22039],[71.60737,31.23256],[71.59782,31.23595],[71.57598,31.24023],[71.53841,31.24266],[71.52954,31.2402],[71.51771,31.23287],[71.49981,31.22827],[71.49694,31.22293],[71.49448,31.20648],[71.48127,31.18351],[71.47232,31.17092],[71.46118,31.1601],[71.45195,31.15499],[71.44379,31.15254],[71.4323,31.15141],[71.38626,31.15014],[71.34847,31.14684],[71.32281,31.14045],[71.31945,31.14101],[71.30539,31.14948],[71.29907,31.15756],[71.29333,31.17568],[71.28262,31.23664],[71.28001,31.23888],[71.27668,31.23888],[71.27112,31.23633],[71.26673,31.23064],[71.26093,31.22985],[71.25626,31.23117],[71.23097,31.26553],[71.22206,31.27538],[71.21835,31.28619],[71.20257,31.30462],[71.19348,31.31129],[71.19415,31.34179],[71.20042,31.35386],[71.19667,31.36348],[71.18084,31.36412],[71.14994,31.36131],[71.13815,31.36187],[71.11736,31.37479],[71.10443,31.37929],[71.09376,31.38153],[71.06398,31.38153],[71.03645,31.38491],[70.99996,31.38472],[70.99221,31.38056],[70.97987,31.37748],[70.97387,31.37697],[70.96866,31.38009],[70.96186,31.37933],[70.9628,31.37716],[70.95893,31.37612],[70.94607,31.3764],[70.93241,31.37893],[70.92753,31.3885],[70.92659,31.39758],[70.92848,31.39882],[70.93196,31.41044],[70.91609,31.41139],[70.91401,31.4095],[70.9142,31.40382],[70.91051,31.40694],[70.90607,31.40534],[70.89312,31.40552],[70.89255,31.39805],[70.88546,31.39087],[70.87468,31.3834],[70.86834,31.37404],[70.86617,31.37829],[70.85652,31.38132],[70.83541,31.38301],[70.82928,31.37786],[70.81705,31.37753],[70.81388,31.37554],[70.81298,31.36647],[70.80812,31.35855],[70.8027,31.35442],[70.78651,31.35013],[70.78484,31.34461],[70.78793,31.33287],[70.78512,31.31903],[70.78177,31.31144],[70.77474,31.30574],[70.7741,31.30209],[70.76423,31.28897],[70.76283,31.28466],[70.79396,31.28197],[70.78827,31.2495],[70.778,31.22086],[70.77505,31.20244],[70.77726,31.18844],[70.79041,31.15422],[70.79546,31.10386],[70.77993,31.1089],[70.77895,31.10298],[70.78114,31.08178],[70.77695,31.06796],[70.77572,31.04629],[70.77617,31.03036],[70.78096,31.00587],[70.77738,30.9946],[70.76713,30.98514],[70.76032,30.97496],[70.76409,30.97347],[70.77838,30.97514],[70.79166,30.97443],[70.79357,30.97151],[70.79333,30.94691],[70.78913,30.94191],[70.77064,30.93273],[70.75918,30.92019],[70.75674,30.91325],[70.76443,30.88499],[70.76768,30.88329],[70.78357,30.88656],[70.78776,30.8837],[70.78882,30.87827],[70.78289,30.86988],[70.76989,30.84443],[70.76309,30.84204],[70.74516,30.8462],[70.7371,30.84397],[70.73351,30.84091],[70.73305,30.83866],[70.73475,30.83516],[70.74401,30.83043],[70.74522,30.8281],[70.74476,30.80369],[70.74351,30.79127],[70.74055,30.78276],[70.74143,30.77788],[70.74321,30.7762],[70.76067,30.77514],[70.77718,30.77214],[70.7876,30.76645],[70.79398,30.75832],[70.79473,30.71448],[70.79192,30.68393],[70.79227,30.67134],[70.79546,30.66295],[70.79549,30.65351],[70.80417,30.65207],[70.83931,30.65547],[70.84915,30.65951],[70.86165,30.66855],[70.90889,30.66426],[70.93072,30.66959],[70.95466,30.67233],[70.96235,30.67023],[70.95961,30.66379],[70.96127,30.66001],[70.9765,30.65718],[70.99203,30.65792],[71.00434,30.65661],[71.00801,30.65486],[71.01735,30.64567],[71.02491,30.64229],[71.03927,30.64148],[71.05904,30.65314],[71.06877,30.65537],[71.08776,30.65355],[71.09801,30.6457],[71.10194,30.64608],[71.1107,30.64958],[71.1298,30.66329],[71.15276,30.67704],[71.15204,30.6806],[71.13824,30.6985],[71.13681,30.70365],[71.16292,30.73854],[71.16278,30.74442],[71.15875,30.75664],[71.16022,30.7612],[71.17255,30.76601],[71.19887,30.76174],[71.21885,30.76785],[71.25499,30.76321],[71.27056,30.7566],[71.2802,30.74835],[71.30271,30.74687],[71.3128,30.74413],[71.36076,30.70477],[71.37132,30.69402],[71.38051,30.6804],[71.40809,30.65949],[71.41124,30.65412],[71.4238,30.64179],[71.44479,30.6261],[71.47981,30.60587],[71.52858,30.58335],[71.53437,30.58397],[71.54417,30.58794],[71.5614,30.58585],[71.57572,30.59119],[71.58058,30.59071],[71.58664,30.5927],[71.5926,30.60052],[71.59002,30.61413],[71.59388,30.62003],[71.59764,30.6219],[71.60924,30.62012],[71.64021,30.60751],[71.6492,30.61247],[71.65566,30.62023],[71.65913,30.62707],[71.66851,30.63679],[71.66942,30.63962],[71.66927,30.65437],[71.6722,30.66854],[71.66709,30.68245],[71.66771,30.68517],[71.67169,30.68839],[71.68778,30.69199],[71.69837,30.69993],[71.69955,30.70452],[71.69605,30.72133],[71.70419,30.74338],[71.71118,30.74736],[71.72585,30.75144],[71.73052,30.75435],[71.73684,30.76393],[71.73869,30.77827],[71.74587,30.7877],[71.74993,30.79049],[71.7551,30.79243],[71.78246,30.79183],[71.79142,30.79563],[71.79527,30.79945],[71.79948,30.80807],[71.80035,30.81552],[71.7978,30.83142],[71.80065,30.83633],[71.80524,30.83782],[71.81883,30.83676],[71.82633,30.83888],[71.8374,30.84857],[71.85327,30.86759],[71.85282,30.87326],[71.84913,30.87682],[71.84578,30.87566],[71.82637,30.87631],[71.81577,30.88145],[71.80982,30.89395],[71.80991,30.90619],[71.81443,30.91428],[71.82371,30.92233],[71.82346,30.92945],[71.82063,30.93312],[71.8082,30.94166],[71.80096,30.95123],[71.77617,30.96934],[71.77631,30.97592],[71.77865,30.98188],[71.7876,30.99288],[71.79231,31.002],[71.80613,31.01348],[71.81113,31.02037],[71.81563,31.03478],[71.81538,31.05455],[71.81195,31.06072],[71.803,31.0703],[71.78059,31.11518],[71.77207,31.12672],[71.76426,31.15718]]]},"properties":{"district":"Leiah","province":"Punjab","pcode":"PK618","pop_2023":2102386,"area_km2":6412.7}},{"type":"Feature","geometry":{"type":"Polygon","coordinates":[[[71.73216,29.95232],[71.72965,29.94999],[71.71838,29.94919],[71.71166,29.94667],[71.70938,29.94806],[71.70704,29.95492],[71.70392,29.95549],[71.70259,29.95335],[71.70373,29.94921],[71.70191,29.94704],[71.69327,29.94466],[71.68978,29.94757],[71.68639,29.94708],[71.68132,29.93923],[71.67512,29.93579],[71.67205,29.93215],[71.67135,29.92982],[71.67335,29.92639],[71.67984,29.92523],[71.68121,29.92198],[71.67669,29.91844],[71.67661,29.91593],[71.68008,29.91229],[71.67776,29.90531],[71.66956,29.89857],[71.66622,29.89933],[71.66323,29.90728],[71.65403,29.90666],[71.6482,29.90852],[71.63255,29.90868],[71.60805,29.92708],[71.60369,29.93788],[71.60532,29.94307],[71.61333,29.95142],[71.61783,29.96327],[71.61649,29.96666],[71.6111,29.97014],[71.60523,29.9704],[71.59999,29.96296],[71.59238,29.96373],[71.58694,29.96209],[71.58785,29.95298],[71.59247,29.94821],[71.58956,29.94237],[71.58231,29.94162],[71.57089,29.94708],[71.56367,29.94689],[71.55499,29.93677],[71.55596,29.93043],[71.55475,29.92873],[71.54659,29.92918],[71.54429,29.92634],[71.54267,29.91985],[71.54633,29.90906],[71.54591,29.90583],[71.535,29.89883],[71.53384,29.89448],[71.53399,29.88956],[71.53579,29.88706],[71.54757,29.87771],[71.54345,29.86901],[71.53885,29.8687],[71.53456,29.87181],[71.52969,29.86887],[71.52485,29.86812],[71.52298,29.87505],[71.52108,29.87532],[71.51809,29.87202],[71.51904,29.86392],[71.51503,29.85889],[71.51088,29.86045],[71.50741,29.86618],[71.50302,29.86607],[71.49166,29.85211],[71.49176,29.84835],[71.4982,29.84314],[71.49516,29.83649],[71.49855,29.83273],[71.49637,29.82497],[71.50371,29.81523],[71.5093,29.80149],[71.50746,29.7909],[71.50208,29.78941],[71.49212,29.79603],[71.49141,29.80364],[71.48957,29.80457],[71.4838,29.80114],[71.47934,29.80269],[71.47425,29.80021],[71.46813,29.80407],[71.4634,29.80097],[71.46062,29.80128],[71.45961,29.80417],[71.46113,29.80675],[71.45761,29.8105],[71.45957,29.8157],[71.45822,29.81768],[71.4483,29.81371],[71.44087,29.8148],[71.43718,29.81107],[71.4292,29.80785],[71.42885,29.79666],[71.42708,29.79204],[71.43103,29.78567],[71.4236,29.77606],[71.42449,29.77075],[71.42024,29.76845],[71.41834,29.76435],[71.41809,29.7631],[71.42129,29.76224],[71.42241,29.75956],[71.41739,29.75667],[71.41669,29.75192],[71.42088,29.74737],[71.42347,29.73894],[71.44086,29.73725],[71.44237,29.73599],[71.43968,29.72869],[71.44434,29.72335],[71.44052,29.72142],[71.43379,29.72105],[71.43456,29.71804],[71.44838,29.71806],[71.44952,29.71613],[71.4362,29.71239],[71.43484,29.70874],[71.42622,29.70279],[71.42468,29.69597],[71.42539,29.68952],[71.43178,29.67667],[71.42427,29.66243],[71.42455,29.66033],[71.42892,29.66009],[71.42961,29.65841],[71.42899,29.65598],[71.42327,29.65029],[71.42329,29.64831],[71.42613,29.64744],[71.42733,29.64452],[71.4239,29.6415],[71.42444,29.63686],[71.42096,29.63375],[71.42229,29.62875],[71.41809,29.62285],[71.42035,29.61444],[71.40791,29.60688],[71.40137,29.60515],[71.40168,29.60203],[71.4083,29.59757],[71.40706,29.5946],[71.40061,29.59449],[71.39237,29.58915],[71.38544,29.59141],[71.38114,29.59055],[71.37515,29.58256],[71.37515,29.57978],[71.38108,29.57279],[71.37614,29.57187],[71.36178,29.56382],[71.35717,29.55744],[71.35779,29.55495],[71.36456,29.54832],[71.35722,29.52279],[71.37404,29.51818],[71.37615,29.5147],[71.38188,29.51053],[71.37871,29.50656],[71.36365,29.50827],[71.3633,29.5063],[71.36648,29.50257],[71.36783,29.49219],[71.37136,29.48869],[71.37672,29.4864],[71.37772,29.48183],[71.38648,29.47708],[71.38901,29.46689],[71.38831,29.46299],[71.38418,29.45811],[71.36697,29.45026],[71.36398,29.4388],[71.35553,29.43257],[71.3538,29.4292],[71.35454,29.42322],[71.36108,29.4206],[71.35972,29.41317],[71.36661,29.40547],[71.37128,29.40325],[71.36976,29.39359],[71.37251,29.39011],[71.37707,29.38776],[71.3807,29.39032],[71.38868,29.40879],[71.39194,29.41129],[71.41109,29.41254],[71.42811,29.41847],[71.43273,29.41836],[71.45387,29.40135],[71.45461,29.39894],[71.45281,29.39361],[71.45825,29.38636],[71.47171,29.37356],[71.47691,29.37233],[71.47933,29.37426],[71.48189,29.38168],[71.47688,29.39206],[71.47776,29.39674],[71.48753,29.40222],[71.50156,29.40689],[71.50383,29.41019],[71.50881,29.44208],[71.5167,29.44885],[71.54335,29.4327],[71.53938,29.4218],[71.54065,29.4188],[71.55316,29.42365],[71.56091,29.42875],[71.5649,29.42618],[71.56894,29.42658],[71.57533,29.43255],[71.58244,29.44403],[71.58563,29.44664],[71.59248,29.44582],[71.605,29.43785],[71.61027,29.43707],[71.61193,29.44039],[71.61213,29.44889],[71.61582,29.45688],[71.62713,29.4701],[71.6373,29.47546],[71.64254,29.47682],[71.66066,29.47666],[71.66552,29.47546],[71.67307,29.46982],[71.67622,29.46934],[71.69492,29.48488],[71.69894,29.48415],[71.70353,29.47894],[71.71411,29.48284],[71.7165,29.49061],[71.72503,29.49582],[71.72919,29.50166],[71.72743,29.52263],[71.72915,29.52685],[71.73332,29.52998],[71.74031,29.53051],[71.75452,29.5259],[71.76747,29.51588],[71.77727,29.50259],[71.78537,29.50218],[71.79551,29.50543],[71.80115,29.50985],[71.80736,29.51988],[71.81023,29.52817],[71.81519,29.53064],[71.81679,29.53318],[71.84053,29.53773],[71.84591,29.53784],[71.85094,29.53485],[71.85167,29.52231],[71.85538,29.51565],[71.86271,29.51435],[71.87118,29.51605],[71.8709,29.51963],[71.86803,29.52229],[71.8676,29.5294],[71.87128,29.5437],[71.87226,29.54542],[71.87468,29.54558],[71.89562,29.53872],[71.89548,29.50436],[71.89612,29.50156],[71.89994,29.49757],[71.90426,29.49713],[71.90753,29.5003],[71.91013,29.51017],[71.90881,29.52839],[71.90991,29.5322],[71.91443,29.53292],[71.91636,29.53187],[71.93103,29.51339],[71.93925,29.51137],[71.94646,29.51398],[71.94644,29.51734],[71.93975,29.52746],[71.92275,29.54306],[71.91555,29.54691],[71.91187,29.55666],[71.91168,29.56451],[71.91765,29.5651],[71.92689,29.56149],[71.93451,29.56596],[71.94241,29.55641],[71.95042,29.55951],[71.95638,29.56444],[71.9619,29.5657],[71.96432,29.56417],[71.96908,29.54959],[71.97408,29.54708],[71.99042,29.54656],[72.00734,29.55056],[72.01583,29.5723],[72.02008,29.57848],[72.02245,29.57683],[72.02178,29.568],[72.02516,29.56489],[72.04783,29.55147],[72.06275,29.55219],[72.07229,29.55559],[72.07474,29.56131],[72.07069,29.58808],[72.07264,29.59568],[72.06581,29.60243],[72.06591,29.60584],[72.07018,29.60632],[72.07835,29.59861],[72.09271,29.60177],[72.10111,29.61043],[72.09673,29.62169],[72.09213,29.62723],[72.09166,29.63425],[72.09696,29.64758],[72.10365,29.65068],[72.10483,29.65262],[72.09759,29.66149],[72.08324,29.66068],[72.08417,29.65469],[72.08169,29.65282],[72.07368,29.65655],[72.06742,29.65468],[72.05713,29.65499],[72.05192,29.66123],[72.04576,29.66454],[72.04533,29.6671],[72.04778,29.66995],[72.05898,29.6692],[72.05995,29.67207],[72.0647,29.67383],[72.0634,29.67887],[72.03973,29.68032],[72.02784,29.69131],[72.00792,29.68956],[72.00423,29.69913],[72.00061,29.70148],[71.99004,29.69905],[71.98808,29.70425],[71.98863,29.71356],[71.98581,29.72007],[71.98724,29.72987],[71.96869,29.73277],[71.96566,29.74677],[71.96182,29.74337],[71.95598,29.74457],[71.95522,29.74228],[71.9566,29.74003],[71.954,29.73759],[71.9526,29.73789],[71.95143,29.74361],[71.9483,29.74733],[71.94293,29.74801],[71.93746,29.74435],[71.93201,29.746],[71.92995,29.75715],[71.93276,29.76089],[71.94065,29.7657],[71.94903,29.7678],[71.95633,29.77156],[71.96313,29.77879],[71.96613,29.78627],[71.98118,29.7902],[71.98402,29.79374],[71.97613,29.79774],[71.9737,29.80094],[71.96082,29.8007],[71.96036,29.80703],[71.95495,29.80955],[71.95525,29.81355],[71.9476,29.82051],[71.94486,29.82767],[71.94064,29.82937],[71.93767,29.83652],[71.92547,29.8364],[71.92438,29.8399],[71.9261,29.84798],[71.92429,29.85091],[71.92023,29.85073],[71.91025,29.84253],[71.90698,29.84338],[71.90618,29.84657],[71.91098,29.85555],[71.91043,29.85712],[71.90488,29.85784],[71.90259,29.85998],[71.90518,29.86735],[71.91062,29.86873],[71.91575,29.87261],[71.91619,29.87707],[71.91411,29.87923],[71.90899,29.88117],[71.89962,29.88092],[71.89607,29.87269],[71.89445,29.8584],[71.89264,29.85801],[71.88709,29.86173],[71.8855,29.8541],[71.88242,29.85381],[71.87962,29.85638],[71.87969,29.86349],[71.88109,29.86584],[71.88795,29.86936],[71.88951,29.87532],[71.89516,29.88368],[71.8929,29.88891],[71.88253,29.88708],[71.88008,29.89312],[71.8835,29.90495],[71.89205,29.9116],[71.89286,29.91541],[71.8894,29.9156],[71.8831,29.91059],[71.87283,29.90804],[71.85119,29.91381],[71.83489,29.92346],[71.8324,29.92332],[71.82967,29.91787],[71.82523,29.91906],[71.82037,29.912],[71.81237,29.91099],[71.80837,29.90804],[71.8041,29.90058],[71.79893,29.89846],[71.79641,29.90011],[71.79492,29.90669],[71.78274,29.90926],[71.78017,29.91204],[71.77233,29.91536],[71.75392,29.92104],[71.74867,29.93233],[71.75384,29.93821],[71.75525,29.94335],[71.75288,29.94324],[71.74666,29.93815],[71.73442,29.93865],[71.73216,29.95232]]]},"properties":{"district":"Lodhran","province":"Punjab","pcode":"PK619","pop_2023":1928299,"area_km2":2666.3}},{"type":"Feature","geometry":{"type":"Polygon","coordinates":[[[73.89708,32.39832],[73.88862,32.40381],[73.88576,32.40732],[73.88518,32.416],[73.88115,32.42565],[73.88218,32.43309],[73.88534,32.43837],[73.8838,32.44173],[73.86982,32.44869],[73.85829,32.46478],[73.83708,32.47485],[73.82007,32.47983],[73.81554,32.48385],[73.81509,32.48931],[73.81341,32.49088],[73.8018,32.49304],[73.79515,32.4982],[73.79411,32.50222],[73.78869,32.50497],[73.78635,32.51075],[73.78825,32.54209],[73.78699,32.54425],[73.79789,32.55971],[73.79833,32.56351],[73.79654,32.56741],[73.78978,32.57],[73.75897,32.57481],[73.74267,32.58296],[73.7364,32.58827],[73.73189,32.59393],[73.73259,32.60295],[73.72902,32.6088],[73.72978,32.614],[73.72751,32.61714],[73.71906,32.6216],[73.6963,32.62733],[73.68479,32.63787],[73.67878,32.64025],[73.67464,32.64426],[73.67033,32.66075],[73.66066,32.67741],[73.66544,32.68746],[73.6634,32.69217],[73.64235,32.70134],[73.63723,32.69525],[73.63047,32.69614],[73.62354,32.70304],[73.61527,32.7184],[73.61144,32.7226],[73.60852,32.72528],[73.5934,32.73173],[73.59186,32.73576],[73.59281,32.74288],[73.59028,32.74746],[73.57959,32.72765],[73.57347,32.72624],[73.56782,32.71635],[73.55654,32.70901],[73.54759,32.70674],[73.53937,32.69906],[73.52552,32.69191],[73.52255,32.68726],[73.51219,32.68674],[73.50733,32.68488],[73.49224,32.67019],[73.48633,32.66663],[73.47568,32.66376],[73.46123,32.66383],[73.43759,32.64751],[73.41164,32.64242],[73.40588,32.63075],[73.37857,32.62018],[73.36866,32.61768],[73.34766,32.6218],[73.331,32.61978],[73.31967,32.6157],[73.28581,32.59472],[73.27872,32.59509],[73.27516,32.59096],[73.26077,32.58589],[73.25163,32.58452],[73.2447,32.58512],[73.2278,32.57479],[73.22066,32.57241],[73.19456,32.57455],[73.19581,32.55495],[73.20142,32.53102],[73.20088,32.5265],[73.19346,32.52257],[73.1901,32.51623],[73.17936,32.51205],[73.17064,32.50378],[73.15363,32.49642],[73.15415,32.4918],[73.16617,32.48957],[73.16836,32.48761],[73.16835,32.47898],[73.16407,32.46825],[73.15509,32.46149],[73.14215,32.45803],[73.12074,32.4599],[73.0893,32.45535],[73.07718,32.45527],[73.07408,32.45178],[73.07262,32.43987],[73.06341,32.43543],[73.05276,32.43349],[73.04764,32.42853],[73.04747,32.41205],[73.04972,32.40795],[73.0698,32.40223],[73.08071,32.39497],[73.08102,32.3861],[73.09081,32.37912],[73.09485,32.36894],[73.09977,32.36479],[73.10136,32.35175],[73.10773,32.34476],[73.10647,32.33594],[73.09636,32.32347],[73.09334,32.3157],[73.07621,32.3101],[73.07399,32.3048],[73.06892,32.30139],[73.06882,32.29817],[73.07378,32.29529],[73.08108,32.2965],[73.08341,32.29567],[73.08628,32.28658],[73.09312,32.28465],[73.10311,32.28763],[73.12682,32.30037],[73.13436,32.30024],[73.13645,32.29627],[73.13248,32.28913],[73.13281,32.28248],[73.13834,32.27759],[73.14529,32.26662],[73.15086,32.25471],[73.15481,32.24053],[73.15767,32.23819],[73.16427,32.23873],[73.17277,32.24202],[73.18864,32.23779],[73.19373,32.2381],[73.20482,32.24671],[73.20934,32.25725],[73.215,32.26039],[73.21778,32.26513],[73.2234,32.26535],[73.22511,32.26227],[73.22525,32.25431],[73.233,32.25104],[73.2362,32.24749],[73.23283,32.23131],[73.23531,32.22884],[73.24156,32.22661],[73.24437,32.21705],[73.25305,32.20791],[73.25303,32.20025],[73.24868,32.18531],[73.2503,32.17529],[73.25768,32.16932],[73.27575,32.16584],[73.2773,32.16406],[73.27912,32.15287],[73.29325,32.14137],[73.29955,32.12933],[73.30803,32.12211],[73.31865,32.12581],[73.33435,32.13494],[73.34964,32.14082],[73.36058,32.1499],[73.37716,32.15637],[73.39186,32.16985],[73.39959,32.17446],[73.43555,32.18509],[73.46419,32.21455],[73.47539,32.22996],[73.47485,32.23539],[73.48087,32.24173],[73.48749,32.2442],[73.49905,32.23943],[73.50748,32.23963],[73.50945,32.24347],[73.50979,32.25623],[73.51418,32.26582],[73.53513,32.28114],[73.5452,32.28708],[73.56656,32.29615],[73.59542,32.30239],[73.65243,32.33126],[73.66935,32.33831],[73.67662,32.3399],[73.67769,32.34525],[73.70156,32.34666],[73.70447,32.35354],[73.71169,32.35639],[73.71476,32.35697],[73.7198,32.35314],[73.72419,32.35271],[73.73101,32.36231],[73.73675,32.36366],[73.74111,32.36299],[73.74374,32.35477],[73.75293,32.3439],[73.76338,32.3439],[73.76768,32.36833],[73.76998,32.3687],[73.77112,32.36583],[73.77222,32.35657],[73.77808,32.35939],[73.78324,32.36716],[73.78751,32.36979],[73.78679,32.37365],[73.80344,32.37045],[73.81054,32.37546],[73.82109,32.37853],[73.83913,32.39042],[73.84929,32.38989],[73.85104,32.39361],[73.85897,32.39493],[73.8618,32.3968],[73.87469,32.39326],[73.87896,32.39497],[73.88377,32.39956],[73.88747,32.3993],[73.89048,32.39589],[73.89708,32.39832]]]},"properties":{"district":"Mandi Bahauddin","province":"Punjab","pcode":"PK620","pop_2023":1829486,"area_km2":2741.7}},{"type":"Feature","geometry":{"type":"Polygon","coordinates":[[[71.71848,33.05983],[71.69265,33.06264],[71.67776,33.06992],[71.6582,33.07349],[71.63383,33.08807],[71.62974,33.1031],[71.60884,33.12999],[71.60301,33.13326],[71.5984,33.16727],[71.60253,33.18422],[71.5998,33.18742],[71.58263,33.1981],[71.56799,33.21369],[71.55772,33.22104],[71.55598,33.22734],[71.5529,33.22852],[71.5415,33.22646],[71.52318,33.21824],[71.51614,33.21722],[71.51506,33.21536],[71.51897,33.20653],[71.52469,33.20206],[71.52127,33.19773],[71.51782,33.19714],[71.50788,33.19974],[71.50542,33.1986],[71.49998,33.19961],[71.50089,33.20758],[71.4912,33.20655],[71.49012,33.20847],[71.49269,33.21358],[71.49191,33.21587],[71.48062,33.21457],[71.47704,33.21685],[71.46992,33.21845],[71.44937,33.22097],[71.44821,33.22536],[71.44283,33.22724],[71.44711,33.23181],[71.44418,33.23593],[71.44579,33.2384],[71.44458,33.24043],[71.44025,33.23836],[71.43717,33.23989],[71.43494,33.23869],[71.43085,33.22921],[71.42673,33.22667],[71.42409,33.22746],[71.41929,33.22568],[71.41776,33.22679],[71.41599,33.22549],[71.41177,33.21907],[71.41417,33.21447],[71.40924,33.207],[71.411,33.20409],[71.40704,33.19381],[71.41087,33.18888],[71.41747,33.1871],[71.42254,33.18261],[71.42994,33.18421],[71.436,33.18102],[71.4305,33.17301],[71.43311,33.15882],[71.43676,33.15396],[71.4418,33.15075],[71.44125,33.13942],[71.44721,33.13594],[71.44857,33.13268],[71.45229,33.1302],[71.44722,33.12049],[71.44547,33.11938],[71.4406,33.12008],[71.4333,33.11168],[71.43191,33.10485],[71.42326,33.09326],[71.42617,33.09014],[71.42957,33.07973],[71.43822,33.07254],[71.44019,33.07256],[71.44133,33.07429],[71.44138,33.0691],[71.44674,33.0666],[71.45605,33.0699],[71.45969,33.06987],[71.46108,33.06882],[71.46096,33.06111],[71.46963,33.05153],[71.4761,33.04815],[71.47466,33.0462],[71.46709,33.0443],[71.46513,33.04168],[71.46297,33.0302],[71.4583,33.02108],[71.45399,33.0165],[71.43221,33.004],[71.42284,33.00357],[71.4165,33.00763],[71.4055,33.01036],[71.40428,33.00714],[71.39603,33.00203],[71.38508,32.99909],[71.37592,33.00579],[71.3553,32.9908],[71.34058,32.99158],[71.31754,33.00232],[71.31824,33.0167],[71.25631,32.99828],[71.25003,33.00029],[71.24431,32.99889],[71.24206,32.99477],[71.23774,32.99702],[71.23044,32.98994],[71.22502,32.98773],[71.21955,32.9811],[71.20606,32.97775],[71.1974,32.9776],[71.18864,32.97553],[71.16549,32.9602],[71.15912,32.94792],[71.15956,32.94171],[71.14827,32.93173],[71.14391,32.92559],[71.1413,32.91151],[71.14111,32.89716],[71.14493,32.88805],[71.14275,32.86839],[71.13875,32.86283],[71.13647,32.83768],[71.13375,32.83295],[71.13369,32.811],[71.12988,32.80734],[71.12214,32.80623],[71.11029,32.81003],[71.1056,32.80953],[71.10851,32.80559],[71.10896,32.79427],[71.11372,32.78992],[71.11546,32.78249],[71.12112,32.77505],[71.1207,32.77074],[71.1247,32.75807],[71.12167,32.75221],[71.13261,32.73803],[71.13956,32.73236],[71.14397,32.72242],[71.14262,32.71069],[71.13955,32.70749],[71.13792,32.7076],[71.13402,32.69484],[71.14095,32.67973],[71.14967,32.67361],[71.15724,32.67511],[71.14816,32.65929],[71.14783,32.65449],[71.14973,32.65154],[71.15771,32.65186],[71.15506,32.64794],[71.15784,32.63306],[71.1676,32.6188],[71.16895,32.60901],[71.16476,32.60698],[71.16274,32.60114],[71.16866,32.59489],[71.17477,32.59162],[71.17867,32.59169],[71.2489,32.54451],[71.24693,32.53665],[71.23196,32.51204],[71.24319,32.50362],[71.24725,32.49816],[71.25676,32.49188],[71.26222,32.49028],[71.26908,32.491],[71.2748,32.51189],[71.28031,32.51417],[71.29675,32.51364],[71.29998,32.51672],[71.30007,32.52447],[71.29782,32.52758],[71.29879,32.53223],[71.32348,32.53395],[71.32841,32.52655],[71.33838,32.50205],[71.35303,32.49855],[71.34198,32.44926],[71.33452,32.42649],[71.33456,32.425],[71.34438,32.41969],[71.34534,32.41648],[71.34303,32.41469],[71.33331,32.41576],[71.331,32.41423],[71.32713,32.4047],[71.32853,32.39552],[71.33878,32.38449],[71.34022,32.37407],[71.33568,32.36776],[71.329,32.36441],[71.29047,32.36745],[71.2858,32.36612],[71.27609,32.35548],[71.21824,32.30739],[71.2115,32.29557],[71.20657,32.28253],[71.18977,32.27305],[71.18462,32.26822],[71.17078,32.24804],[71.16653,32.23153],[71.16715,32.21885],[71.16817,32.21364],[71.17431,32.20497],[71.20093,32.19602],[71.20152,32.19304],[71.19862,32.18739],[71.20242,32.18425],[71.21225,32.18552],[71.23124,32.1774],[71.23247,32.17394],[71.22774,32.16787],[71.23437,32.17398],[71.23548,32.18343],[71.23171,32.1857],[71.23653,32.19669],[71.24211,32.20235],[71.26656,32.18892],[71.29327,32.18384],[71.3114,32.17113],[71.32112,32.17393],[71.33589,32.20224],[71.34414,32.20641],[71.35115,32.20735],[71.38122,32.20529],[71.43297,32.19526],[71.46312,32.19417],[71.47723,32.19914],[71.50821,32.22015],[71.51575,32.22137],[71.52389,32.22156],[71.53504,32.21904],[71.5797,32.20387],[71.61367,32.19602],[71.64124,32.19475],[71.66283,32.19174],[71.67664,32.19197],[71.70425,32.1941],[71.72838,32.19879],[71.71828,32.23924],[71.72314,32.2438],[71.73445,32.2482],[71.72561,32.27414],[71.80711,32.3624],[71.83622,32.38648],[71.83788,32.38847],[71.83758,32.40069],[71.84399,32.40488],[71.84145,32.41168],[71.84035,32.42323],[71.83875,32.42459],[71.83154,32.42446],[71.8245,32.43058],[71.8244,32.43942],[71.81631,32.44101],[71.81103,32.44536],[71.80397,32.44347],[71.79897,32.4531],[71.78828,32.45638],[71.78668,32.45965],[71.79134,32.46643],[71.79091,32.47805],[71.79573,32.47954],[71.80428,32.47767],[71.80952,32.48102],[71.81274,32.4874],[71.82462,32.492],[71.82995,32.49614],[71.83074,32.50543],[71.83572,32.51031],[71.83652,32.52226],[71.85008,32.52235],[71.87368,32.52896],[71.87866,32.53316],[71.88013,32.54144],[71.88351,32.54497],[71.91029,32.5388],[71.91896,32.5415],[71.92292,32.54084],[71.92484,32.53866],[71.9261,32.53147],[71.93302,32.52796],[71.9415,32.52831],[71.95063,32.53388],[71.94667,32.53957],[71.9364,32.54068],[71.93288,32.54394],[71.93177,32.54625],[71.93291,32.55114],[71.93839,32.56023],[71.93854,32.56895],[71.93777,32.57118],[71.92264,32.58468],[71.92193,32.58806],[71.92537,32.60893],[71.9241,32.61382],[71.91,32.62811],[71.90765,32.6412],[71.90475,32.64577],[71.89753,32.64796],[71.89059,32.65731],[71.89285,32.66097],[71.91086,32.66569],[71.91312,32.67003],[71.91548,32.68542],[71.91388,32.68742],[71.90787,32.68823],[71.89744,32.69314],[71.89279,32.70233],[71.89265,32.70966],[71.89958,32.7178],[71.89814,32.72079],[71.89204,32.72446],[71.89033,32.72743],[71.89263,32.74548],[71.89153,32.7539],[71.90185,32.76352],[71.91497,32.76701],[71.92334,32.77458],[71.92962,32.77633],[71.93592,32.78487],[71.95398,32.79719],[71.97407,32.80457],[71.9751,32.80732],[71.97272,32.81642],[71.9734,32.81843],[71.97824,32.82127],[71.9797,32.82507],[71.97846,32.82718],[71.96908,32.82523],[71.9649,32.82687],[71.96879,32.83501],[71.96832,32.83908],[71.95915,32.84047],[71.94903,32.84741],[71.93874,32.85192],[71.92304,32.85447],[71.91469,32.8606],[71.90977,32.88668],[71.90624,32.89076],[71.89688,32.89577],[71.89434,32.90949],[71.88889,32.91955],[71.88572,32.93333],[71.88563,32.96774],[71.87825,32.9831],[71.8644,32.99018],[71.84722,32.99381],[71.84271,32.99979],[71.83677,33.00206],[71.83143,33.00266],[71.82032,32.99874],[71.81367,33.00407],[71.80897,33.0025],[71.80418,33.00487],[71.79788,33.00093],[71.76388,33.00898],[71.74848,33.00273],[71.74584,33.00287],[71.74328,33.0057],[71.7478,33.02011],[71.74438,33.02948],[71.74064,33.02884],[71.73907,33.02343],[71.73645,33.02201],[71.71922,33.02086],[71.72644,33.02875],[71.72754,33.0323],[71.71848,33.05983]]]},"properties":{"district":"Mianwali","province":"Punjab","pcode":"PK621","pop_2023":1798268,"area_km2":5960.3}},{"type":"Feature","geometry":{"type":"Polygon","coordinates":[[[71.52986,30.43383],[71.52397,30.42911],[71.51293,30.43282],[71.50477,30.43851],[71.50026,30.43871],[71.4942,30.43673],[71.49091,30.43437],[71.48817,30.42861],[71.489,30.41464],[71.48186,30.41007],[71.47672,30.41007],[71.47129,30.41263],[71.46715,30.42286],[71.46499,30.42414],[71.46246,30.4235],[71.46082,30.42078],[71.46075,30.41433],[71.46464,30.40749],[71.46966,30.40494],[71.48651,30.40434],[71.48959,30.40315],[71.48945,30.39885],[71.48364,30.39682],[71.48083,30.39183],[71.47003,30.39148],[71.46478,30.37677],[71.46071,30.37072],[71.45421,30.367],[71.4465,30.36755],[71.44131,30.36131],[71.43248,30.35908],[71.41347,30.34453],[71.4083,30.33871],[71.40587,30.33413],[71.40479,30.32237],[71.40978,30.31075],[71.40189,30.3019],[71.4029,30.29389],[71.39558,30.28869],[71.39436,30.27827],[71.38772,30.27251],[71.37147,30.27679],[71.36682,30.27097],[71.36867,30.26804],[71.3839,30.25962],[71.38632,30.25723],[71.38581,30.25583],[71.38392,30.25441],[71.38039,30.25452],[71.37546,30.25751],[71.37383,30.25527],[71.37402,30.24915],[71.3723,30.24718],[71.36434,30.24502],[71.35672,30.23051],[71.34316,30.22612],[71.33277,30.20734],[71.31974,30.20521],[71.31641,30.19917],[71.31627,30.19387],[71.30786,30.18848],[71.30552,30.18201],[71.29597,30.17033],[71.29911,30.15987],[71.29209,30.15226],[71.2856,30.1352],[71.28859,30.1222],[71.28493,30.10962],[71.28939,30.09648],[71.28858,30.09064],[71.28419,30.08501],[71.27802,30.08447],[71.27566,30.0826],[71.27584,30.07927],[71.28236,30.0767],[71.28131,30.06809],[71.27653,30.06207],[71.27251,30.06149],[71.26798,30.0629],[71.26533,30.06101],[71.26373,30.04882],[71.26673,30.0397],[71.25848,30.02899],[71.26176,30.01955],[71.2657,30.01591],[71.26612,30.01355],[71.27318,30.00784],[71.27609,30.00276],[71.27542,29.99952],[71.27222,29.99511],[71.25337,29.99323],[71.25023,29.98889],[71.23923,29.98152],[71.23282,29.98099],[71.22099,29.98581],[71.21585,29.98551],[71.21013,29.97974],[71.18908,29.93132],[71.18548,29.92091],[71.18786,29.91289],[71.18635,29.90602],[71.18306,29.902],[71.17911,29.9001],[71.17576,29.89891],[71.16915,29.89982],[71.16851,29.89784],[71.17137,29.89021],[71.17086,29.88215],[71.17255,29.87851],[71.19095,29.87891],[71.19411,29.87693],[71.1948,29.87255],[71.19019,29.85322],[71.19324,29.84075],[71.18078,29.83351],[71.17772,29.82995],[71.17528,29.82315],[71.17957,29.79793],[71.17602,29.79593],[71.16689,29.79488],[71.16509,29.79245],[71.16628,29.78797],[71.16305,29.78311],[71.16323,29.78039],[71.16891,29.77582],[71.17262,29.76539],[71.17519,29.76225],[71.17523,29.74287],[71.16162,29.73381],[71.15782,29.7264],[71.16096,29.72093],[71.17893,29.70531],[71.1812,29.70154],[71.18033,29.69466],[71.17852,29.69217],[71.17336,29.68976],[71.14719,29.68294],[71.13905,29.68357],[71.1281,29.68747],[71.12224,29.68661],[71.12239,29.67626],[71.11788,29.67035],[71.11256,29.66876],[71.10325,29.66953],[71.09047,29.66791],[71.07462,29.67522],[71.06652,29.67513],[71.06399,29.67237],[71.06774,29.66682],[71.06618,29.65934],[71.05031,29.65603],[71.05,29.64698],[71.04256,29.63757],[71.04114,29.63203],[71.0578,29.61448],[71.06123,29.61023],[71.06122,29.60799],[71.05262,29.60296],[71.03899,29.59824],[71.02805,29.58651],[71.02272,29.57998],[71.0213,29.57477],[71.02724,29.56463],[71.02321,29.55404],[71.01862,29.55066],[71.00828,29.55277],[71.00584,29.55071],[71.00582,29.54781],[71.01906,29.51426],[71.02295,29.49805],[71.02279,29.48831],[71.02769,29.47817],[71.02481,29.46486],[71.02932,29.45798],[71.0279,29.44521],[71.03084,29.44264],[71.04826,29.43497],[71.05437,29.44105],[71.06105,29.44277],[71.06578,29.4435],[71.07296,29.44186],[71.07744,29.43698],[71.08033,29.42929],[71.08648,29.42847],[71.09491,29.43278],[71.10014,29.44534],[71.10495,29.45083],[71.11363,29.45066],[71.1202,29.44724],[71.12068,29.44983],[71.11749,29.45666],[71.11823,29.46201],[71.12712,29.47345],[71.12955,29.4722],[71.13211,29.45383],[71.13335,29.45131],[71.13527,29.451],[71.14772,29.46142],[71.16208,29.46897],[71.19395,29.47892],[71.21667,29.4825],[71.22405,29.48238],[71.22851,29.48116],[71.23126,29.47853],[71.23477,29.44823],[71.23861,29.44594],[71.28735,29.44516],[71.29419,29.4411],[71.30109,29.44084],[71.30438,29.44594],[71.31571,29.44939],[71.32807,29.46605],[71.33268,29.4651],[71.33538,29.45847],[71.33462,29.44946],[71.31501,29.42336],[71.31305,29.41692],[71.31758,29.41384],[71.32103,29.41354],[71.32363,29.41543],[71.32684,29.42907],[71.33006,29.43137],[71.33658,29.42944],[71.34587,29.41867],[71.35078,29.41892],[71.35454,29.42322],[71.3538,29.4292],[71.35553,29.43257],[71.36398,29.4388],[71.36697,29.45026],[71.38418,29.45811],[71.38831,29.46299],[71.38901,29.46689],[71.38648,29.47708],[71.37772,29.48183],[71.37672,29.4864],[71.37136,29.48869],[71.36783,29.49219],[71.36648,29.50257],[71.3633,29.5063],[71.36365,29.50827],[71.37871,29.50656],[71.38188,29.51053],[71.37615,29.5147],[71.37404,29.51818],[71.35722,29.52279],[71.36456,29.54832],[71.35779,29.55495],[71.35717,29.55744],[71.36178,29.56382],[71.37614,29.57187],[71.38108,29.57279],[71.37515,29.57978],[71.37515,29.58256],[71.38114,29.59055],[71.38544,29.59141],[71.39237,29.58915],[71.40061,29.59449],[71.40706,29.5946],[71.4083,29.59757],[71.40168,29.60203],[71.40137,29.60515],[71.40791,29.60688],[71.42035,29.61444],[71.41809,29.62285],[71.42229,29.62875],[71.42096,29.63375],[71.42444,29.63686],[71.4239,29.6415],[71.42733,29.64452],[71.42613,29.64744],[71.42329,29.64831],[71.42327,29.65029],[71.42899,29.65598],[71.42961,29.65841],[71.42892,29.66009],[71.42455,29.66033],[71.42427,29.66243],[71.43178,29.67667],[71.42539,29.68952],[71.42468,29.69597],[71.42622,29.70279],[71.43484,29.70874],[71.4362,29.71239],[71.44952,29.71613],[71.44838,29.71806],[71.43456,29.71804],[71.43379,29.72105],[71.44052,29.72142],[71.44434,29.72335],[71.43968,29.72869],[71.44237,29.73599],[71.44086,29.73725],[71.42347,29.73894],[71.42088,29.74737],[71.41669,29.75192],[71.41739,29.75667],[71.42241,29.75956],[71.42129,29.76224],[71.41809,29.7631],[71.41834,29.76435],[71.42024,29.76845],[71.42449,29.77075],[71.4236,29.77606],[71.43103,29.78567],[71.42708,29.79204],[71.42885,29.79666],[71.4292,29.80785],[71.43718,29.81107],[71.44087,29.8148],[71.4483,29.81371],[71.45822,29.81768],[71.45957,29.8157],[71.45761,29.8105],[71.46113,29.80675],[71.45961,29.80417],[71.46062,29.80128],[71.4634,29.80097],[71.46813,29.80407],[71.47425,29.80021],[71.47934,29.80269],[71.4838,29.80114],[71.48957,29.80457],[71.49141,29.80364],[71.49212,29.79603],[71.50208,29.78941],[71.50746,29.7909],[71.5093,29.80149],[71.50371,29.81523],[71.49637,29.82497],[71.49855,29.83273],[71.49516,29.83649],[71.4982,29.84314],[71.49176,29.84835],[71.49166,29.85211],[71.50302,29.86607],[71.50741,29.86618],[71.51088,29.86045],[71.51503,29.85889],[71.51904,29.86392],[71.51809,29.87202],[71.52108,29.87532],[71.52298,29.87505],[71.52485,29.86812],[71.52969,29.86887],[71.53456,29.87181],[71.53885,29.8687],[71.54345,29.86901],[71.54757,29.87771],[71.53579,29.88706],[71.53399,29.88956],[71.53384,29.89448],[71.535,29.89883],[71.54591,29.90583],[71.54633,29.90906],[71.54267,29.91985],[71.54429,29.92634],[71.54659,29.92918],[71.55475,29.92873],[71.55596,29.93043],[71.55499,29.93677],[71.56367,29.94689],[71.57089,29.94708],[71.58231,29.94162],[71.58956,29.94237],[71.59247,29.94821],[71.58785,29.95298],[71.58694,29.96209],[71.58271,29.96787],[71.57793,29.96697],[71.56748,29.97106],[71.56503,29.97411],[71.56863,29.98324],[71.57758,29.98725],[71.58349,29.98682],[71.58877,29.97868],[71.59191,29.9779],[71.59687,29.98216],[71.60189,29.99785],[71.61203,30.00342],[71.61918,30.011],[71.64731,30.01274],[71.65938,30.02145],[71.66521,30.02907],[71.67587,30.03297],[71.68015,30.03691],[71.68495,30.03466],[71.68841,30.03507],[71.69036,30.03907],[71.69521,30.04173],[71.69668,30.04688],[71.69907,30.0473],[71.70276,30.04545],[71.71016,30.0458],[71.71651,30.04926],[71.72138,30.0587],[71.72211,30.06565],[71.72638,30.07594],[71.73124,30.08078],[71.74627,30.10347],[71.74923,30.11466],[71.75145,30.11759],[71.7515,30.12988],[71.76289,30.13827],[71.76371,30.14949],[71.76666,30.15496],[71.77304,30.16036],[71.7806,30.16245],[71.7896,30.17183],[71.79518,30.19213],[71.79935,30.1983],[71.80033,30.20545],[71.80254,30.20834],[71.80822,30.21079],[71.81546,30.22257],[71.81115,30.2248],[71.81285,30.23058],[71.81359,30.23188],[71.82061,30.23249],[71.82258,30.23589],[71.82643,30.23793],[71.8285,30.24244],[71.83162,30.24358],[71.83455,30.2513],[71.82659,30.25389],[71.81655,30.26963],[71.78621,30.26075],[71.77717,30.26382],[71.76578,30.2634],[71.76881,30.27425],[71.77829,30.29605],[71.77747,30.30315],[71.7729,30.30502],[71.75744,30.30766],[71.73983,30.30427],[71.73046,30.30972],[71.72685,30.3159],[71.72293,30.31386],[71.71571,30.30586],[71.70962,30.30739],[71.7071,30.30607],[71.70127,30.31022],[71.68451,30.31722],[71.66554,30.31804],[71.65765,30.32266],[71.65008,30.32855],[71.64984,30.33337],[71.65487,30.34443],[71.66037,30.35069],[71.65925,30.35542],[71.66579,30.36446],[71.66491,30.36673],[71.6611,30.36708],[71.65555,30.35775],[71.65282,30.3563],[71.64514,30.3607],[71.62402,30.36854],[71.62116,30.37828],[71.62637,30.3832],[71.62634,30.38829],[71.6143,30.39791],[71.60716,30.40115],[71.61163,30.41086],[71.61016,30.4129],[71.59505,30.41847],[71.58862,30.42253],[71.5854,30.4211],[71.58717,30.41643],[71.58607,30.41474],[71.57602,30.41844],[71.56977,30.43132],[71.56322,30.43597],[71.56025,30.43668],[71.54313,30.43412],[71.53819,30.43158],[71.5318,30.43192],[71.52986,30.43383]]]},"properties":{"district":"Multan","province":"Punjab","pcode":"PK622","pop_2023":5362305,"area_km2":3648.2}},{"type":"Feature","geometry":{"type":"Polygon","coordinates":[[[71.65566,30.62023],[71.6492,30.61247],[71.64021,30.60751],[71.60924,30.62012],[71.59764,30.6219],[71.59388,30.62003],[71.59002,30.61413],[71.5926,30.60052],[71.58664,30.5927],[71.58058,30.59071],[71.57572,30.59119],[71.5614,30.58585],[71.54417,30.58794],[71.53437,30.58397],[71.52858,30.58335],[71.47981,30.60587],[71.44479,30.6261],[71.4238,30.64179],[71.41124,30.65412],[71.40809,30.65949],[71.38051,30.6804],[71.37132,30.69402],[71.36076,30.70477],[71.3128,30.74413],[71.30271,30.74687],[71.2802,30.74835],[71.27056,30.7566],[71.25499,30.76321],[71.21885,30.76785],[71.19887,30.76174],[71.17255,30.76601],[71.16022,30.7612],[71.15875,30.75664],[71.16278,30.74442],[71.16292,30.73854],[71.13681,30.70365],[71.13824,30.6985],[71.15204,30.6806],[71.15276,30.67704],[71.1298,30.66329],[71.1107,30.64958],[71.10194,30.64608],[71.09801,30.6457],[71.08776,30.65355],[71.06877,30.65537],[71.05904,30.65314],[71.03927,30.64148],[71.02491,30.64229],[71.01735,30.64567],[71.00801,30.65486],[71.00434,30.65661],[70.99203,30.65792],[70.9765,30.65718],[70.96127,30.66001],[70.95961,30.66379],[70.96235,30.67023],[70.95466,30.67233],[70.93072,30.66959],[70.90889,30.66426],[70.86165,30.66855],[70.84915,30.65951],[70.83931,30.65547],[70.80417,30.65207],[70.79549,30.65351],[70.79549,30.6378],[70.79777,30.62755],[70.80158,30.62317],[70.81222,30.61729],[70.81394,30.61222],[70.81294,30.60987],[70.80175,30.60055],[70.80152,30.59228],[70.80643,30.58673],[70.81385,30.58157],[70.81489,30.57707],[70.81235,30.57136],[70.79976,30.56417],[70.79315,30.55839],[70.79205,30.55496],[70.79279,30.54474],[70.79795,30.53088],[70.80393,30.52225],[70.80441,30.51391],[70.8004,30.50375],[70.79267,30.49105],[70.79463,30.48898],[70.79344,30.4826],[70.79817,30.46904],[70.79733,30.46124],[70.79922,30.45719],[70.80509,30.45436],[70.81817,30.45345],[70.82097,30.45089],[70.82399,30.42184],[70.83309,30.39662],[70.8308,30.38102],[70.82291,30.36132],[70.82327,30.33713],[70.81912,30.31986],[70.81877,30.31256],[70.82603,30.2652],[70.82099,30.26112],[70.80376,30.25581],[70.80064,30.25057],[70.80422,30.23887],[70.83963,30.20335],[70.8476,30.12928],[70.84973,30.12176],[70.86187,30.09306],[70.87118,30.07913],[70.87983,30.06942],[70.8859,30.05495],[70.88572,30.05118],[70.88378,30.04903],[70.86363,30.04721],[70.86371,30.04326],[70.86568,30.04024],[70.87281,30.03709],[70.87339,30.03545],[70.87291,30.03332],[70.86629,30.02755],[70.86433,30.01998],[70.87173,29.99565],[70.87342,29.98322],[70.8783,29.97232],[70.87605,29.96522],[70.87146,29.96489],[70.8654,29.96924],[70.86272,29.96824],[70.86197,29.96588],[70.8663,29.95561],[70.87524,29.95485],[70.87908,29.95304],[70.88529,29.94305],[70.88537,29.94023],[70.88354,29.93784],[70.87791,29.93584],[70.8549,29.93656],[70.84826,29.93195],[70.83044,29.91178],[70.8308,29.90654],[70.83247,29.90469],[70.84879,29.90079],[70.85356,29.89639],[70.85515,29.89181],[70.83989,29.83591],[70.83434,29.83109],[70.82709,29.82953],[70.81557,29.80577],[70.7983,29.79577],[70.79297,29.78832],[70.79286,29.78146],[70.78435,29.77629],[70.74266,29.71831],[70.74017,29.71681],[70.73342,29.71915],[70.72417,29.71084],[70.72452,29.7052],[70.72691,29.70404],[70.72918,29.70005],[70.73566,29.69745],[70.73584,29.69252],[70.73078,29.67404],[70.72408,29.66976],[70.72182,29.66632],[70.72054,29.66136],[70.71608,29.65641],[70.70178,29.64756],[70.70409,29.64502],[70.71248,29.64333],[70.71693,29.63913],[70.71887,29.62835],[70.71068,29.61191],[70.70606,29.60749],[70.70727,29.59847],[70.70102,29.58484],[70.69316,29.57221],[70.68573,29.56687],[70.68268,29.56158],[70.68265,29.55491],[70.69171,29.54257],[70.70711,29.53022],[70.7099,29.52559],[70.70586,29.52172],[70.70407,29.51298],[70.69369,29.51069],[70.69773,29.49821],[70.69788,29.49137],[70.6907,29.48902],[70.67659,29.48786],[70.66981,29.48809],[70.65922,29.49126],[70.64894,29.49107],[70.64384,29.48491],[70.63758,29.47142],[70.63675,29.45227],[70.63465,29.44565],[70.63879,29.42634],[70.63915,29.42058],[70.63681,29.41239],[70.63381,29.41139],[70.63154,29.41569],[70.62768,29.4166],[70.62538,29.40601],[70.62045,29.40499],[70.61563,29.41478],[70.61314,29.41595],[70.60959,29.4153],[70.60714,29.39644],[70.60854,29.39475],[70.6226,29.39108],[70.62429,29.38846],[70.62037,29.36926],[70.61645,29.36315],[70.60982,29.35974],[70.61033,29.35705],[70.61482,29.35644],[70.61653,29.35238],[70.61445,29.34491],[70.61728,29.3399],[70.61529,29.32667],[70.61817,29.31854],[70.61958,29.31567],[70.62551,29.31348],[70.62818,29.31001],[70.62314,29.29866],[70.62246,29.28977],[70.61977,29.28638],[70.6131,29.28431],[70.60399,29.27865],[70.6028,29.26735],[70.5878,29.26284],[70.58375,29.25895],[70.5809,29.24907],[70.5792,29.23275],[70.56499,29.23017],[70.56064,29.22795],[70.55259,29.218],[70.55344,29.21609],[70.56272,29.21837],[70.56801,29.21732],[70.57848,29.19312],[70.57969,29.18593],[70.57349,29.17071],[70.57219,29.15994],[70.57776,29.12087],[70.57537,29.11628],[70.5639,29.11469],[70.56255,29.11323],[70.55993,29.10672],[70.55818,29.09364],[70.55206,29.0824],[70.55111,29.07399],[70.554,29.06442],[70.55363,29.05361],[70.53983,29.02822],[70.54606,29.01703],[70.55802,29.02679],[70.57582,29.03616],[70.61285,29.04847],[70.61036,29.05525],[70.61291,29.06939],[70.61535,29.07742],[70.6189,29.08095],[70.62322,29.08299],[70.66925,29.09172],[70.67903,29.09592],[70.68496,29.10379],[70.6914,29.12571],[70.70144,29.15009],[70.70532,29.15487],[70.70956,29.15636],[70.71839,29.15655],[70.73026,29.1629],[70.73464,29.16199],[70.74141,29.15604],[70.74735,29.15645],[70.75058,29.15942],[70.77061,29.20126],[70.77814,29.22923],[70.78481,29.24653],[70.7907,29.24897],[70.79533,29.24907],[70.80737,29.2438],[70.8187,29.24085],[70.83631,29.23772],[70.84093,29.2381],[70.84418,29.2402],[70.84465,29.2602],[70.84817,29.2649],[70.85509,29.26591],[70.91493,29.24129],[70.92067,29.25138],[70.92096,29.26068],[70.91846,29.26791],[70.91182,29.27289],[70.90981,29.27983],[70.91088,29.28176],[70.91224,29.28274],[70.91746,29.28183],[70.94577,29.26969],[70.95316,29.27048],[70.95858,29.27605],[70.95934,29.28009],[70.95005,29.30023],[70.93046,29.31012],[70.92712,29.31345],[70.91613,29.31527],[70.91474,29.3167],[70.91603,29.32295],[70.92408,29.33744],[70.92812,29.343],[70.9352,29.34763],[70.95004,29.34537],[70.95956,29.34641],[70.96371,29.34982],[70.9716,29.36236],[70.97579,29.36236],[70.98428,29.35768],[70.98921,29.35772],[70.99898,29.36742],[71.02385,29.37605],[71.03204,29.38044],[71.03743,29.38669],[71.03733,29.39754],[71.03502,29.40737],[71.03608,29.41535],[71.04173,29.42063],[71.05279,29.42524],[71.05565,29.4282],[71.05754,29.43158],[71.05863,29.44041],[71.06105,29.44277],[71.05437,29.44105],[71.04826,29.43497],[71.03084,29.44264],[71.0279,29.44521],[71.02932,29.45798],[71.02481,29.46486],[71.02769,29.47817],[71.02279,29.48831],[71.02295,29.49805],[71.01906,29.51426],[71.00582,29.54781],[71.00584,29.55071],[71.00828,29.55277],[71.01862,29.55066],[71.02321,29.55404],[71.02724,29.56463],[71.0213,29.57477],[71.02272,29.57998],[71.02805,29.58651],[71.03899,29.59824],[71.05262,29.60296],[71.06122,29.60799],[71.06123,29.61023],[71.0578,29.61448],[71.04114,29.63203],[71.04256,29.63757],[71.05,29.64698],[71.05031,29.65603],[71.06618,29.65934],[71.06774,29.66682],[71.06399,29.67237],[71.06652,29.67513],[71.07462,29.67522],[71.09047,29.66791],[71.10325,29.66953],[71.11256,29.66876],[71.11788,29.67035],[71.12239,29.67626],[71.12224,29.68661],[71.1281,29.68747],[71.13905,29.68357],[71.14719,29.68294],[71.17336,29.68976],[71.17852,29.69217],[71.18033,29.69466],[71.1812,29.70154],[71.17893,29.70531],[71.16096,29.72093],[71.15782,29.7264],[71.16162,29.73381],[71.17523,29.74287],[71.17519,29.76225],[71.17262,29.76539],[71.16891,29.77582],[71.16323,29.78039],[71.16305,29.78311],[71.16628,29.78797],[71.16509,29.79245],[71.16689,29.79488],[71.17602,29.79593],[71.17957,29.79793],[71.17528,29.82315],[71.17772,29.82995],[71.18078,29.83351],[71.19324,29.84075],[71.19019,29.85322],[71.1948,29.87255],[71.19411,29.87693],[71.19095,29.87891],[71.17255,29.87851],[71.17086,29.88215],[71.17137,29.89021],[71.16851,29.89784],[71.16915,29.89982],[71.17576,29.89891],[71.17911,29.9001],[71.18306,29.902],[71.18635,29.90602],[71.18786,29.91289],[71.18548,29.92091],[71.18908,29.93132],[71.21013,29.97974],[71.21585,29.98551],[71.22099,29.98581],[71.23282,29.98099],[71.23923,29.98152],[71.25023,29.98889],[71.25337,29.99323],[71.27222,29.99511],[71.27542,29.99952],[71.27609,30.00276],[71.27318,30.00784],[71.26612,30.01355],[71.2657,30.01591],[71.26176,30.01955],[71.25848,30.02899],[71.26673,30.0397],[71.26373,30.04882],[71.26533,30.06101],[71.26798,30.0629],[71.27251,30.06149],[71.27653,30.06207],[71.28131,30.06809],[71.28236,30.0767],[71.27584,30.07927],[71.27566,30.0826],[71.27802,30.08447],[71.28419,30.08501],[71.28858,30.09064],[71.28939,30.09648],[71.28493,30.10962],[71.28859,30.1222],[71.2856,30.1352],[71.29209,30.15226],[71.29911,30.15987],[71.29597,30.17033],[71.30552,30.18201],[71.30786,30.18848],[71.31627,30.19387],[71.31641,30.19917],[71.31974,30.20521],[71.33277,30.20734],[71.34316,30.22612],[71.35672,30.23051],[71.36434,30.24502],[71.3723,30.24718],[71.37402,30.24915],[71.37383,30.25527],[71.37546,30.25751],[71.38039,30.25452],[71.38392,30.25441],[71.38581,30.25583],[71.38632,30.25723],[71.3839,30.25962],[71.36867,30.26804],[71.36682,30.27097],[71.37147,30.27679],[71.38772,30.27251],[71.39436,30.27827],[71.39558,30.28869],[71.4029,30.29389],[71.40189,30.3019],[71.40978,30.31075],[71.40479,30.32237],[71.40587,30.33413],[71.4083,30.33871],[71.41347,30.34453],[71.43248,30.35908],[71.44131,30.36131],[71.4465,30.36755],[71.45421,30.367],[71.46071,30.37072],[71.46478,30.37677],[71.47003,30.39148],[71.48083,30.39183],[71.48364,30.39682],[71.48945,30.39885],[71.48959,30.40315],[71.48651,30.40434],[71.46966,30.40494],[71.46464,30.40749],[71.46075,30.41433],[71.46082,30.42078],[71.46246,30.4235],[71.46499,30.42414],[71.46715,30.42286],[71.47129,30.41263],[71.47672,30.41007],[71.48186,30.41007],[71.489,30.41464],[71.48817,30.42861],[71.49091,30.43437],[71.4942,30.43673],[71.50026,30.43871],[71.50477,30.43851],[71.51293,30.43282],[71.52397,30.42911],[71.52986,30.43383],[71.53005,30.43699],[71.52543,30.44353],[71.52415,30.44845],[71.52509,30.45456],[71.53131,30.45439],[71.53833,30.458],[71.54494,30.45498],[71.55329,30.44863],[71.56182,30.44829],[71.57882,30.46606],[71.59082,30.4706],[71.59109,30.47864],[71.59398,30.48187],[71.60427,30.4869],[71.60597,30.49936],[71.6078,30.50222],[71.61558,30.506],[71.64258,30.51297],[71.65885,30.5193],[71.66378,30.52215],[71.67128,30.53224],[71.67406,30.5337],[71.68611,30.53459],[71.70223,30.54259],[71.71673,30.56165],[71.72669,30.5782],[71.72068,30.58282],[71.70834,30.58195],[71.70178,30.58296],[71.69949,30.58436],[71.69417,30.59491],[71.68798,30.60138],[71.67705,30.60345],[71.65566,30.62023]]]},"properties":{"district":"Muzaffargarh","province":"Punjab","pcode":"PK623","pop_2023":5015325,"area_km2":7688.1}},{"type":"Feature","geometry":{"type":"Polygon","coordinates":[[[74.01865,31.37231],[74.02525,31.3806],[74.03141,31.38346],[74.0308,31.39078],[74.03811,31.40148],[74.03222,31.40571],[74.02501,31.40654],[74.02177,31.41027],[74.02178,31.41361],[74.02433,31.41722],[74.02993,31.42153],[74.03199,31.4291],[74.03086,31.43727],[74.02344,31.45206],[74.02201,31.45373],[74.0186,31.45384],[74.01213,31.45033],[74.00013,31.45137],[73.99823,31.45241],[73.9905,31.46718],[73.98369,31.47139],[73.97435,31.47225],[73.96135,31.47111],[73.95804,31.4705],[73.9538,31.46661],[73.95087,31.46657],[73.94295,31.47493],[73.94396,31.48254],[73.94157,31.49072],[73.95273,31.50631],[73.96099,31.50896],[73.97059,31.51735],[73.98121,31.51997],[73.9868,31.52342],[73.99047,31.53463],[73.99139,31.55505],[73.99548,31.56077],[73.98705,31.56107],[73.96116,31.55349],[73.95377,31.55349],[73.94911,31.55785],[73.94329,31.57324],[73.93337,31.57489],[73.93023,31.5777],[73.92893,31.5824],[73.93011,31.59516],[73.92762,31.5984],[73.91837,31.59863],[73.91397,31.59499],[73.90393,31.57574],[73.88877,31.57242],[73.87934,31.57423],[73.86706,31.5742],[73.83889,31.56858],[73.83108,31.56872],[73.81686,31.57285],[73.77969,31.58794],[73.76869,31.58858],[73.75795,31.58501],[73.7277,31.56551],[73.7229,31.5572],[73.72386,31.55259],[73.72736,31.5491],[73.73868,31.54533],[73.74716,31.54477],[73.74848,31.54174],[73.74657,31.53647],[73.74385,31.53386],[73.73746,31.53493],[73.72927,31.53901],[73.7234,31.53863],[73.6911,31.52163],[73.67865,31.52086],[73.67322,31.51738],[73.66319,31.50584],[73.66221,31.49234],[73.65901,31.49007],[73.65148,31.50317],[73.63745,31.51657],[73.63004,31.52953],[73.6259,31.55442],[73.632,31.57398],[73.64197,31.59139],[73.65121,31.60067],[73.66902,31.61167],[73.63368,31.65672],[73.61235,31.67511],[73.60545,31.67477],[73.60293,31.67622],[73.60108,31.68208],[73.60665,31.68906],[73.62401,31.68723],[73.62646,31.68805],[73.62907,31.69644],[73.62891,31.70232],[73.62619,31.70481],[73.62052,31.7038],[73.59953,31.71035],[73.59218,31.71088],[73.58995,31.71356],[73.58533,31.70384],[73.57902,31.69753],[73.56032,31.65849],[73.55293,31.63434],[73.53487,31.63948],[73.52034,31.6398],[73.52255,31.64792],[73.55013,31.66433],[73.55561,31.68178],[73.54568,31.68526],[73.53759,31.68569],[73.53257,31.6918],[73.52172,31.6814],[73.51382,31.68087],[73.51096,31.68176],[73.49777,31.6929],[73.49411,31.69401],[73.48674,31.68902],[73.48278,31.69006],[73.47532,31.69455],[73.46816,31.7023],[73.46767,31.70406],[73.4734,31.70439],[73.48706,31.70219],[73.49067,31.70296],[73.49314,31.70691],[73.49349,31.70961],[73.48399,31.7309],[73.47943,31.74684],[73.47058,31.75884],[73.47005,31.77603],[73.47401,31.78125],[73.49407,31.7984],[73.48758,31.80775],[73.48873,31.82187],[73.48518,31.82949],[73.472,31.83382],[73.46568,31.841],[73.46128,31.84169],[73.45931,31.84001],[73.45863,31.83156],[73.45516,31.82673],[73.44947,31.81228],[73.44489,31.80763],[73.44153,31.80643],[73.43162,31.80485],[73.42208,31.80643],[73.41578,31.80984],[73.41103,31.8178],[73.40245,31.82144],[73.39625,31.81693],[73.39472,31.8039],[73.38763,31.80124],[73.36847,31.79825],[73.36265,31.79441],[73.35614,31.79248],[73.35111,31.79276],[73.33536,31.80036],[73.33261,31.79402],[73.32596,31.78861],[73.32492,31.77078],[73.31754,31.76808],[73.29195,31.76531],[73.29658,31.75672],[73.29534,31.74948],[73.28807,31.74309],[73.28752,31.74131],[73.28958,31.73894],[73.31323,31.73109],[73.3265,31.7177],[73.32912,31.71727],[73.33755,31.72156],[73.34683,31.72337],[73.36035,31.72284],[73.36413,31.72055],[73.36527,31.70301],[73.3744,31.68768],[73.374,31.68437],[73.37006,31.6788],[73.37033,31.67481],[73.38439,31.67023],[73.37429,31.65928],[73.39404,31.6536],[73.41475,31.64402],[73.43844,31.63558],[73.44552,31.63159],[73.45576,31.61968],[73.45728,31.60366],[73.45477,31.58278],[73.45057,31.56725],[73.45449,31.56358],[73.46733,31.56111],[73.46749,31.55719],[73.46302,31.55293],[73.4622,31.54771],[73.48194,31.54428],[73.48566,31.53752],[73.48322,31.52976],[73.48343,31.51862],[73.48114,31.50924],[73.48401,31.50518],[73.48561,31.4947],[73.48095,31.48929],[73.46386,31.48123],[73.4618,31.47448],[73.46501,31.47016],[73.48288,31.45977],[73.4929,31.45004],[73.50703,31.43079],[73.52162,31.42364],[73.5313,31.42339],[73.5407,31.42765],[73.57475,31.45126],[73.58164,31.45141],[73.6018,31.44353],[73.60698,31.44458],[73.6271,31.45528],[73.63129,31.45628],[73.63627,31.45349],[73.63859,31.45379],[73.64659,31.45864],[73.65359,31.45928],[73.65909,31.45568],[73.66171,31.45187],[73.65989,31.44399],[73.66148,31.43862],[73.66514,31.43327],[73.67502,31.42548],[73.67671,31.42175],[73.67653,31.41917],[73.6725,31.41605],[73.6717,31.41262],[73.67937,31.39578],[73.68065,31.38696],[73.67716,31.3837],[73.67415,31.37588],[73.66329,31.36598],[73.66134,31.35766],[73.66259,31.34742],[73.67218,31.33362],[73.66515,31.32485],[73.6574,31.30502],[73.65266,31.29936],[73.64862,31.28538],[73.64547,31.28137],[73.63383,31.27292],[73.61852,31.26389],[73.60728,31.25312],[73.59804,31.25376],[73.59287,31.24874],[73.58716,31.24832],[73.58544,31.24407],[73.58783,31.23771],[73.58502,31.23439],[73.57021,31.23568],[73.56604,31.22464],[73.55583,31.20957],[73.54368,31.20078],[73.53189,31.19729],[73.52505,31.18681],[73.5195,31.1852],[73.51257,31.18533],[73.50966,31.18802],[73.50011,31.18956],[73.49777,31.19268],[73.49156,31.18601],[73.48604,31.18296],[73.47151,31.18321],[73.45173,31.16872],[73.43917,31.14927],[73.43281,31.13474],[73.43469,31.13192],[73.43927,31.13055],[73.44135,31.12819],[73.44252,31.12482],[73.44076,31.11562],[73.43811,31.11364],[73.42945,31.11203],[73.42257,31.10334],[73.40503,31.09452],[73.39879,31.08932],[73.39815,31.08526],[73.40213,31.07801],[73.39351,31.06931],[73.39047,31.06126],[73.39514,31.05232],[73.39052,31.03774],[73.39002,31.02245],[73.39798,31.02913],[73.41332,31.03398],[73.42119,31.03949],[73.4308,31.04337],[73.43843,31.06683],[73.45355,31.07169],[73.4555,31.07519],[73.45545,31.08141],[73.46204,31.08685],[73.47974,31.09002],[73.48469,31.09587],[73.4896,31.0981],[73.49409,31.09522],[73.49476,31.08916],[73.51345,31.09076],[73.53446,31.10056],[73.55018,31.10619],[73.55675,31.10691],[73.56383,31.10583],[73.57552,31.10109],[73.5851,31.10223],[73.59427,31.09304],[73.60043,31.09157],[73.6084,31.09556],[73.61251,31.09966],[73.61486,31.1191],[73.61993,31.12899],[73.64339,31.13975],[73.65393,31.13857],[73.66235,31.14906],[73.66989,31.1445],[73.67265,31.14432],[73.68341,31.15006],[73.69525,31.16302],[73.69807,31.1699],[73.70228,31.17358],[73.70704,31.17333],[73.71446,31.16527],[73.71871,31.16415],[73.73138,31.17029],[73.73741,31.17505],[73.74258,31.19566],[73.75923,31.20386],[73.77035,31.20497],[73.7849,31.21272],[73.79298,31.21255],[73.80044,31.21475],[73.8084,31.21964],[73.81144,31.22547],[73.81552,31.22438],[73.82396,31.21685],[73.82722,31.21596],[73.84182,31.22376],[73.85133,31.22102],[73.86179,31.22515],[73.88104,31.22983],[73.88954,31.22639],[73.89707,31.22956],[73.90645,31.23708],[73.90986,31.24751],[73.91857,31.25369],[73.91797,31.25746],[73.9066,31.26632],[73.90613,31.27169],[73.92362,31.2774],[73.92574,31.28273],[73.9302,31.28479],[73.93666,31.29153],[73.94272,31.29302],[73.96807,31.29379],[73.97815,31.29904],[73.98952,31.3079],[73.99507,31.30844],[74.00933,31.30443],[74.01387,31.30549],[74.01859,31.31154],[74.02131,31.31239],[74.03466,31.31171],[74.0339,31.31532],[74.01994,31.33257],[74.00364,31.36022],[74.00496,31.36595],[74.01716,31.3701],[74.01865,31.37231]]]},"properties":{"district":"Nankana Sahib","province":"Punjab","pcode":"PK624","pop_2023":1634871,"area_km2":2194.6}},{"type":"Feature","geometry":{"type":"Polygon","coordinates":[[[74.69378,31.9188],[74.70326,31.9249],[74.7092,31.95795],[74.71779,31.95774],[74.72665,31.94218],[74.73642,31.93713],[74.76189,31.93627],[74.78455,31.9396],[74.80449,31.94691],[74.81087,31.95541],[74.83168,32],[74.84724,32.00149],[74.85095,32.00627],[74.88177,32.0273],[74.90904,32.04929],[74.92014,32.05627],[74.9325,32.06031],[74.9463,32.05939],[74.96032,32.05503],[74.9874,32.03466],[74.99841,32.02867],[75.00493,32.02875],[75.01061,32.0304],[75.02303,32.03905],[75.03099,32.04058],[75.04588,32.03924],[75.05085,32.04131],[75.07363,32.06282],[75.08163,32.05586],[75.08736,32.05476],[75.09592,32.05953],[75.11105,32.06034],[75.12669,32.0743],[75.15195,32.06678],[75.1719,32.06612],[75.19435,32.08093],[75.20118,32.0918],[75.20137,32.10534],[75.20501,32.1156],[75.21189,32.11906],[75.22271,32.11253],[75.22496,32.1069],[75.22357,32.09101],[75.22776,32.08456],[75.23343,32.08436],[75.23917,32.08715],[75.27197,32.11275],[75.27481,32.11885],[75.27725,32.13524],[75.28327,32.14217],[75.3094,32.15461],[75.31423,32.15919],[75.31779,32.17082],[75.31719,32.19281],[75.32285,32.20132],[75.3548,32.21172],[75.36394,32.21627],[75.37476,32.22432],[75.3754,32.25256],[75.38187,32.26111],[75.38081,32.26496],[75.37664,32.27119],[75.37218,32.27352],[75.35595,32.27416],[75.34939,32.28395],[75.33992,32.28857],[75.33623,32.29574],[75.33433,32.30437],[75.33667,32.32259],[75.33042,32.33171],[75.31149,32.34484],[75.28906,32.35757],[75.28034,32.36726],[75.25331,32.38001],[75.23716,32.39578],[75.23153,32.39919],[75.20025,32.40232],[75.19546,32.40531],[75.19234,32.41984],[75.18852,32.42448],[75.17954,32.42544],[75.1604,32.41651],[75.14764,32.41338],[75.1396,32.41458],[75.12793,32.42117],[75.1209,32.44148],[75.10979,32.45404],[75.10675,32.45504],[75.09818,32.46587],[75.08263,32.48004],[75.07161,32.48296],[75.0614,32.48201],[75.03664,32.49207],[75.03017,32.49176],[75.02141,32.48537],[75.01175,32.47618],[75.00154,32.4633],[75,32.45912],[74.98788,32.44956],[74.97312,32.44793],[74.96388,32.45253],[74.9489,32.45409],[74.94357,32.46071],[74.93682,32.46537],[74.93337,32.44386],[74.93317,32.42891],[74.9256,32.41255],[74.91085,32.40158],[74.90329,32.39119],[74.8988,32.38783],[74.89089,32.38616],[74.87962,32.38726],[74.87547,32.38304],[74.87562,32.37862],[74.87855,32.37612],[74.87714,32.36692],[74.87655,32.36538],[74.86572,32.3638],[74.8657,32.36173],[74.86941,32.35788],[74.86007,32.32502],[74.85889,32.32359],[74.85531,32.32444],[74.85172,32.32348],[74.84866,32.31903],[74.85417,32.31206],[74.85224,32.30419],[74.84861,32.30309],[74.83577,32.30558],[74.83112,32.30524],[74.82667,32.30758],[74.82406,32.30661],[74.82232,32.30365],[74.82469,32.29313],[74.82272,32.29208],[74.81659,32.29422],[74.80962,32.28816],[74.80444,32.28744],[74.79693,32.29233],[74.78464,32.29414],[74.77928,32.29701],[74.77611,32.29469],[74.77244,32.29434],[74.7672,32.28651],[74.76711,32.28242],[74.77104,32.27661],[74.7717,32.2725],[74.76493,32.26777],[74.76532,32.25384],[74.76173,32.25254],[74.75282,32.25381],[74.75044,32.24202],[74.73926,32.22626],[74.74061,32.21725],[74.75096,32.20504],[74.76071,32.18981],[74.76023,32.18679],[74.75699,32.18324],[74.75725,32.17479],[74.75238,32.1575],[74.74883,32.156],[74.74103,32.15707],[74.73415,32.15158],[74.72505,32.15055],[74.71808,32.14506],[74.7128,32.14413],[74.70781,32.14041],[74.69781,32.14071],[74.68903,32.13477],[74.67761,32.1361],[74.6747,32.13516],[74.65857,32.12359],[74.63834,32.10143],[74.6248,32.09479],[74.62388,32.09283],[74.62528,32.08829],[74.62127,32.08146],[74.6237,32.07348],[74.6226,32.06827],[74.61699,32.07031],[74.61149,32.06843],[74.6068,32.07076],[74.60419,32.06524],[74.60063,32.06216],[74.58804,32.06025],[74.593,32.05095],[74.59417,32.04061],[74.59778,32.02983],[74.6103,32.02276],[74.61675,32.00954],[74.62394,32.00564],[74.62988,31.98688],[74.63851,31.98062],[74.64147,31.97089],[74.64451,31.96933],[74.65618,31.97077],[74.65919,31.96995],[74.66112,31.96123],[74.67441,31.95001],[74.67849,31.93848],[74.69113,31.93655],[74.69378,31.9188]]]},"properties":{"district":"Narowal","province":"Punjab","pcode":"PK625","pop_2023":1950954,"area_km2":2376.3}},{"type":"Feature","geometry":{"type":"Polygon","coordinates":[[[74.16176,30.64161],[74.15939,30.64476],[74.15853,30.65439],[74.15465,30.65725],[74.15033,30.66528],[74.14496,30.67049],[74.13714,30.674],[74.13493,30.68919],[74.12443,30.69281],[74.11988,30.69754],[74.1174,30.70227],[74.11359,30.72061],[74.09488,30.73386],[74.09217,30.74319],[74.07221,30.75603],[74.07253,30.76175],[74.07578,30.76718],[74.07681,30.77302],[74.06794,30.79225],[74.06486,30.79533],[74.04357,30.79517],[74.02768,30.79974],[74.02385,30.80704],[74.02147,30.80968],[74.01588,30.8113],[74.01399,30.81555],[74.01587,30.82888],[74.00663,30.8329],[74.00043,30.83252],[73.99283,30.82093],[73.98797,30.82058],[73.98478,30.82761],[73.97539,30.83464],[73.95985,30.83606],[73.94495,30.84466],[73.94328,30.84807],[73.94526,30.85233],[73.94415,30.856],[73.93265,30.86181],[73.91817,30.8639],[73.91692,30.86352],[73.91628,30.85779],[73.91402,30.85716],[73.89173,30.85748],[73.88181,30.86294],[73.85819,30.86224],[73.85205,30.86616],[73.84931,30.86977],[73.84904,30.88527],[73.84484,30.89356],[73.81678,30.93382],[73.80731,30.93279],[73.78657,30.92316],[73.75558,30.94581],[73.75382,30.94757],[73.75353,30.95295],[73.7626,30.9674],[73.76512,30.97625],[73.76228,30.99249],[73.75302,30.99338],[73.74291,30.99641],[73.73068,31.00588],[73.72647,31.01336],[73.71669,31.04035],[73.71204,31.04408],[73.66991,31.05689],[73.66196,31.06098],[73.66205,31.06474],[73.66467,31.06855],[73.66221,31.08037],[73.66303,31.0843],[73.6772,31.09184],[73.67966,31.09497],[73.66989,31.11752],[73.66076,31.13239],[73.65393,31.13857],[73.64339,31.13975],[73.61993,31.12899],[73.61486,31.1191],[73.61251,31.09966],[73.6084,31.09556],[73.60043,31.09157],[73.59427,31.09304],[73.5851,31.10223],[73.57552,31.10109],[73.56383,31.10583],[73.55675,31.10691],[73.55018,31.10619],[73.53446,31.10056],[73.51345,31.09076],[73.49476,31.08916],[73.49409,31.09522],[73.4896,31.0981],[73.48469,31.09587],[73.47974,31.09002],[73.46204,31.08685],[73.45545,31.08141],[73.4555,31.07519],[73.45355,31.07169],[73.43843,31.06683],[73.4308,31.04337],[73.42119,31.03949],[73.41332,31.03398],[73.39798,31.02913],[73.39002,31.02245],[73.3975,31.00712],[73.40069,31.00547],[73.40049,30.9992],[73.3979,30.99569],[73.38304,30.99222],[73.37981,30.99347],[73.3782,30.99596],[73.37792,31.00344],[73.37604,31.00408],[73.35815,30.99515],[73.34902,30.98492],[73.34578,30.98489],[73.34338,30.98691],[73.33947,30.98643],[73.33339,30.98042],[73.32832,30.98205],[73.32634,30.98884],[73.32342,30.9902],[73.32131,30.98869],[73.32136,30.98409],[73.31925,30.98119],[73.31553,30.98378],[73.31355,30.98831],[73.31068,30.98902],[73.30894,30.97553],[73.30606,30.97361],[73.29661,30.97405],[73.29317,30.97204],[73.28825,30.96348],[73.28816,30.95301],[73.27665,30.95334],[73.26752,30.93864],[73.27018,30.93001],[73.26818,30.89619],[73.2706,30.88574],[73.27603,30.88058],[73.28001,30.87896],[73.297,30.8862],[73.29972,30.88601],[73.30078,30.8801],[73.28568,30.86479],[73.28477,30.86067],[73.28875,30.85931],[73.29941,30.86156],[73.30278,30.86097],[73.30508,30.85797],[73.30289,30.85189],[73.2772,30.84248],[73.27461,30.83985],[73.27659,30.83384],[73.28731,30.82567],[73.29053,30.82083],[73.29014,30.81613],[73.27916,30.81449],[73.27667,30.81179],[73.28711,30.78789],[73.29194,30.78078],[73.30088,30.77683],[73.30391,30.77671],[73.31227,30.78019],[73.32684,30.78931],[73.33721,30.7876],[73.347,30.78339],[73.36307,30.77286],[73.36644,30.76364],[73.36805,30.74977],[73.36819,30.72368],[73.36606,30.7162],[73.36235,30.71128],[73.34695,30.69789],[73.34498,30.69148],[73.34792,30.67724],[73.35863,30.66233],[73.36335,30.64778],[73.36193,30.64423],[73.37085,30.63825],[73.37199,30.63602],[73.37376,30.61831],[73.36925,30.60942],[73.34802,30.60052],[73.34335,30.59523],[73.34536,30.58846],[73.35698,30.58319],[73.35816,30.58103],[73.35776,30.57483],[73.35415,30.57135],[73.35124,30.56943],[73.34522,30.56882],[73.33534,30.57087],[73.33204,30.57015],[73.31444,30.55719],[73.30904,30.5545],[73.2944,30.5524],[73.28563,30.54643],[73.28514,30.54386],[73.29551,30.54078],[73.30458,30.54092],[73.30377,30.53311],[73.30683,30.52905],[73.3233,30.52203],[73.32668,30.51925],[73.32171,30.50371],[73.32716,30.4989],[73.3313,30.50064],[73.33376,30.5071],[73.34032,30.50852],[73.34406,30.51145],[73.34146,30.51844],[73.34249,30.51974],[73.35449,30.52358],[73.35905,30.52251],[73.36132,30.51772],[73.36379,30.51655],[73.37388,30.5194],[73.37529,30.51808],[73.37346,30.51265],[73.38072,30.51343],[73.39032,30.51003],[73.39278,30.51056],[73.39536,30.51343],[73.39059,30.5196],[73.39154,30.52473],[73.38933,30.53034],[73.39206,30.53149],[73.40016,30.53005],[73.40727,30.53223],[73.40742,30.54043],[73.4091,30.5427],[73.41847,30.54626],[73.41905,30.54981],[73.41431,30.55579],[73.41768,30.56272],[73.41712,30.56709],[73.43203,30.57225],[73.43614,30.57695],[73.43532,30.57869],[73.42772,30.579],[73.43056,30.58577],[73.44118,30.59359],[73.44333,30.59281],[73.44085,30.58765],[73.44472,30.58558],[73.44792,30.5866],[73.44877,30.59089],[73.45104,30.59171],[73.45771,30.58899],[73.46119,30.5903],[73.45962,30.59678],[73.45179,30.59928],[73.45042,30.60171],[73.46421,30.61022],[73.47739,30.61516],[73.47869,30.61395],[73.47178,30.60876],[73.48168,30.60411],[73.48077,30.5969],[73.4844,30.58982],[73.47344,30.58044],[73.4719,30.56946],[73.46689,30.5534],[73.46694,30.54768],[73.47113,30.54548],[73.47372,30.54611],[73.47916,30.55178],[73.48386,30.55112],[73.48462,30.54971],[73.48207,30.54407],[73.48299,30.54204],[73.49024,30.53788],[73.49304,30.53349],[73.50368,30.53135],[73.50495,30.52951],[73.50365,30.52305],[73.5051,30.52156],[73.51293,30.52158],[73.51902,30.51523],[73.52769,30.51508],[73.53298,30.51244],[73.55262,30.51366],[73.55545,30.51516],[73.55654,30.51876],[73.56217,30.51905],[73.56511,30.51482],[73.5675,30.51403],[73.59256,30.50984],[73.59062,30.50083],[73.59505,30.4959],[73.61166,30.49463],[73.61933,30.49546],[73.62736,30.49394],[73.62733,30.4926],[73.61899,30.48891],[73.61773,30.48526],[73.62101,30.4803],[73.63674,30.47668],[73.63642,30.47337],[73.62915,30.46726],[73.6242,30.45729],[73.6259,30.45263],[73.63156,30.45094],[73.63273,30.44919],[73.62574,30.44436],[73.62337,30.43882],[73.6153,30.43416],[73.6029,30.43643],[73.59869,30.43431],[73.5974,30.42949],[73.59797,30.42004],[73.59465,30.41429],[73.58133,30.40111],[73.58078,30.39878],[73.5836,30.39507],[73.59186,30.39465],[73.60124,30.39776],[73.60155,30.40407],[73.60396,30.40672],[73.60995,30.40695],[73.61618,30.40464],[73.62992,30.40501],[73.63169,30.40242],[73.62697,30.39577],[73.62716,30.39245],[73.63862,30.38535],[73.63988,30.38314],[73.6421,30.37002],[73.6382,30.36801],[73.63152,30.36895],[73.62609,30.36436],[73.62758,30.32515],[73.62384,30.30176],[73.6255,30.27819],[73.6318,30.2763],[73.63375,30.27418],[73.63449,30.27111],[73.63101,30.26192],[73.63275,30.25485],[73.63853,30.25642],[73.6527,30.27562],[73.66293,30.28105],[73.67264,30.28049],[73.67656,30.27841],[73.68132,30.26835],[73.68426,30.26732],[73.69725,30.27432],[73.70843,30.27548],[73.72161,30.27387],[73.72791,30.267],[73.73186,30.26662],[73.74469,30.27603],[73.77134,30.28443],[73.77257,30.28662],[73.77402,30.31636],[73.78165,30.3211],[73.80446,30.32488],[73.83834,30.31647],[73.84514,30.3107],[73.84605,30.30159],[73.85102,30.29945],[73.85411,30.30284],[73.85559,30.31123],[73.86457,30.31345],[73.87203,30.31766],[73.89995,30.33917],[73.9034,30.33931],[73.90522,30.33644],[73.90719,30.31984],[73.91085,30.31848],[73.91746,30.31903],[73.92099,30.32856],[73.92427,30.32961],[73.92113,30.33413],[73.87976,30.35992],[73.87531,30.36138],[73.87126,30.36857],[73.87089,30.375],[73.87321,30.38344],[73.87975,30.39111],[73.89352,30.40231],[73.90342,30.4168],[73.92786,30.42091],[73.93034,30.42499],[73.93161,30.43322],[73.93663,30.44298],[73.93229,30.45846],[73.93529,30.46296],[73.94691,30.46227],[73.95528,30.45798],[73.96268,30.45761],[73.96653,30.46349],[73.96882,30.48019],[73.97273,30.48813],[73.98365,30.50053],[73.98852,30.50456],[74.02561,30.52537],[74.03197,30.53579],[74.04024,30.53769],[74.04767,30.52859],[74.0557,30.52201],[74.06651,30.52019],[74.07761,30.52936],[74.08481,30.54068],[74.0844,30.54504],[74.07581,30.55072],[74.07565,30.55462],[74.08031,30.56003],[74.09711,30.56379],[74.09596,30.57935],[74.10092,30.59998],[74.10035,30.60776],[74.10421,30.61288],[74.11629,30.61638],[74.13121,30.62868],[74.14395,30.6291],[74.15093,30.63262],[74.16176,30.64161]]]},"properties":{"district":"Okara","province":"Punjab","pcode":"PK626","pop_2023":3515490,"area_km2":4437.2}},{"type":"Feature","geometry":{"type":"Polygon","coordinates":[[[73.6255,30.27819],[73.62384,30.30176],[73.62758,30.32515],[73.62609,30.36436],[73.63152,30.36895],[73.6382,30.36801],[73.6421,30.37002],[73.63988,30.38314],[73.63862,30.38535],[73.62716,30.39245],[73.62697,30.39577],[73.63169,30.40242],[73.62992,30.40501],[73.61618,30.40464],[73.60995,30.40695],[73.60396,30.40672],[73.60155,30.40407],[73.60124,30.39776],[73.59186,30.39465],[73.5836,30.39507],[73.58078,30.39878],[73.58133,30.40111],[73.59465,30.41429],[73.59797,30.42004],[73.5974,30.42949],[73.59869,30.43431],[73.6029,30.43643],[73.6153,30.43416],[73.62337,30.43882],[73.62574,30.44436],[73.63273,30.44919],[73.63156,30.45094],[73.6259,30.45263],[73.6242,30.45729],[73.62915,30.46726],[73.63642,30.47337],[73.63674,30.47668],[73.62101,30.4803],[73.61773,30.48526],[73.61899,30.48891],[73.62733,30.4926],[73.62736,30.49394],[73.61933,30.49546],[73.61166,30.49463],[73.59505,30.4959],[73.59062,30.50083],[73.59256,30.50984],[73.5675,30.51403],[73.56511,30.51482],[73.56217,30.51905],[73.55654,30.51876],[73.55545,30.51516],[73.55262,30.51366],[73.53298,30.51244],[73.52769,30.51508],[73.51902,30.51523],[73.51293,30.52158],[73.5051,30.52156],[73.50365,30.52305],[73.50495,30.52951],[73.50368,30.53135],[73.49304,30.53349],[73.49024,30.53788],[73.48299,30.54204],[73.48207,30.54407],[73.48462,30.54971],[73.48386,30.55112],[73.47916,30.55178],[73.47372,30.54611],[73.47113,30.54548],[73.46694,30.54768],[73.46689,30.5534],[73.4719,30.56946],[73.47344,30.58044],[73.4844,30.58982],[73.48077,30.5969],[73.48168,30.60411],[73.47178,30.60876],[73.47869,30.61395],[73.47739,30.61516],[73.46421,30.61022],[73.45042,30.60171],[73.45179,30.59928],[73.45962,30.59678],[73.46119,30.5903],[73.45771,30.58899],[73.45104,30.59171],[73.44877,30.59089],[73.44792,30.5866],[73.44472,30.58558],[73.44085,30.58765],[73.44333,30.59281],[73.44118,30.59359],[73.43056,30.58577],[73.42772,30.579],[73.43532,30.57869],[73.43614,30.57695],[73.43203,30.57225],[73.41712,30.56709],[73.41768,30.56272],[73.41431,30.55579],[73.41905,30.54981],[73.41847,30.54626],[73.4091,30.5427],[73.40742,30.54043],[73.40727,30.53223],[73.40016,30.53005],[73.39206,30.53149],[73.38933,30.53034],[73.39154,30.52473],[73.39059,30.5196],[73.39536,30.51343],[73.39278,30.51056],[73.39032,30.51003],[73.38072,30.51343],[73.37346,30.51265],[73.37529,30.51808],[73.37388,30.5194],[73.36379,30.51655],[73.36132,30.51772],[73.35905,30.52251],[73.35449,30.52358],[73.34249,30.51974],[73.34146,30.51844],[73.34406,30.51145],[73.34032,30.50852],[73.33376,30.5071],[73.3313,30.50064],[73.32716,30.4989],[73.32171,30.50371],[73.32668,30.51925],[73.3233,30.52203],[73.30683,30.52905],[73.30377,30.53311],[73.30458,30.54092],[73.30028,30.53932],[73.2921,30.53177],[73.29054,30.52874],[73.29345,30.52135],[73.29213,30.51778],[73.28103,30.52346],[73.28489,30.52956],[73.28362,30.5331],[73.27228,30.53609],[73.26722,30.53448],[73.25716,30.53599],[73.24702,30.53429],[73.24412,30.5359],[73.24096,30.54111],[73.23556,30.54269],[73.23192,30.54201],[73.2298,30.53902],[73.23554,30.53297],[73.23677,30.52801],[73.23311,30.52595],[73.23028,30.53057],[73.22396,30.53091],[73.21866,30.53403],[73.21499,30.53338],[73.21373,30.52906],[73.21828,30.52105],[73.2145,30.51855],[73.2106,30.51883],[73.20495,30.52524],[73.19546,30.52166],[73.18906,30.52683],[73.1844,30.52559],[73.18081,30.52212],[73.18133,30.5208],[73.18808,30.51882],[73.1887,30.50671],[73.19107,30.50359],[73.19649,30.50346],[73.20468,30.50723],[73.20635,30.50591],[73.20539,30.49901],[73.20311,30.49614],[73.17923,30.49196],[73.17382,30.48562],[73.16565,30.48352],[73.16248,30.48133],[73.13154,30.48448],[73.12684,30.48234],[73.12446,30.47921],[73.1275,30.47752],[73.13943,30.47836],[73.13931,30.47439],[73.13505,30.47195],[73.13165,30.47118],[73.11799,30.47356],[73.1005,30.46864],[73.09082,30.46941],[73.08725,30.46757],[73.08642,30.46582],[73.08916,30.4632],[73.10271,30.46193],[73.10528,30.46002],[73.10407,30.45629],[73.09992,30.45567],[73.09866,30.45414],[73.10185,30.44903],[73.10134,30.44645],[73.09592,30.44229],[73.09251,30.44262],[73.08687,30.45185],[73.08109,30.45349],[73.08173,30.45865],[73.07935,30.46014],[73.0753,30.45935],[73.07056,30.44695],[73.0785,30.44423],[73.07893,30.4417],[73.07178,30.43381],[73.07233,30.42315],[73.06809,30.41812],[73.06018,30.41902],[73.05756,30.41676],[73.0575,30.4098],[73.05505,30.40679],[73.05235,30.40774],[73.0495,30.41226],[73.04279,30.41353],[73.03745,30.42757],[73.03157,30.42779],[73.02867,30.42418],[73.03489,30.41424],[73.03383,30.40887],[73.02805,30.40868],[73.02376,30.41043],[73.0126,30.41892],[73.00785,30.41987],[73.00772,30.41166],[73.0128,30.40667],[73.01332,30.40423],[73.01082,30.40173],[73.00028,30.40375],[72.99683,30.4059],[72.99374,30.4136],[72.99411,30.4156],[72.99694,30.41729],[72.99663,30.41931],[72.98199,30.42382],[72.97252,30.44221],[72.96238,30.44867],[72.96377,30.45464],[72.96192,30.45506],[72.95776,30.45289],[72.95508,30.44875],[72.95515,30.44222],[72.96649,30.44017],[72.96741,30.43765],[72.96033,30.436],[72.95601,30.432],[72.94885,30.42841],[72.94962,30.41819],[72.94256,30.41768],[72.94046,30.41978],[72.94383,30.43641],[72.94254,30.4377],[72.93553,30.43626],[72.93066,30.43327],[72.93083,30.4317],[72.93429,30.43088],[72.93531,30.42913],[72.93199,30.42274],[72.92587,30.42535],[72.90997,30.41939],[72.90574,30.42345],[72.89864,30.42236],[72.8973,30.41767],[72.89998,30.40935],[72.89694,30.40692],[72.88963,30.40704],[72.8867,30.41331],[72.88198,30.41173],[72.88196,30.40493],[72.9003,30.39978],[72.90162,30.39597],[72.89918,30.39257],[72.89235,30.39202],[72.88972,30.39589],[72.88492,30.3926],[72.88177,30.39225],[72.87685,30.39977],[72.87206,30.4015],[72.86768,30.39833],[72.86345,30.39801],[72.86031,30.39944],[72.85761,30.40549],[72.85549,30.40692],[72.85082,30.40629],[72.84612,30.4],[72.84348,30.39917],[72.83702,30.40353],[72.83225,30.40404],[72.82913,30.40284],[72.82806,30.39908],[72.83434,30.39046],[72.83429,30.38202],[72.83644,30.38032],[72.84448,30.38123],[72.84425,30.37357],[72.84119,30.35195],[72.84166,30.32843],[72.84839,30.31434],[72.8559,30.31228],[72.87614,30.31378],[72.88058,30.30937],[72.88663,30.30824],[72.90971,30.31036],[72.92201,30.30978],[72.92984,30.30498],[72.9381,30.29466],[72.94117,30.29388],[72.97018,30.29516],[72.98585,30.29898],[72.98964,30.29581],[72.98951,30.28746],[72.99306,30.2813],[72.99211,30.27688],[72.97584,30.26989],[72.96926,30.27165],[72.96217,30.26816],[72.95126,30.24044],[72.95127,30.23197],[72.9572,30.22363],[72.95704,30.20121],[72.95454,30.18732],[72.94703,30.18163],[72.94233,30.17471],[72.94179,30.16308],[72.94479,30.13724],[72.94222,30.1029],[72.92982,30.08564],[72.93156,30.07497],[72.93726,30.0623],[72.93866,30.05255],[72.93661,30.04779],[72.92784,30.03677],[72.92896,30.02444],[72.93191,30.02279],[72.93554,30.02411],[72.93935,30.03389],[72.95279,30.03626],[72.97947,30.02466],[72.97716,30.01966],[72.96902,30.01465],[72.96624,29.99943],[72.96175,29.98873],[72.97099,29.96313],[72.98148,29.96244],[72.99232,29.96706],[72.99658,29.9674],[73.01558,29.96402],[73.01854,29.96533],[73.01848,29.96771],[73.00846,29.97534],[73.00555,29.98257],[73.00716,29.98476],[73.0218,29.99135],[73.02774,29.99839],[73.02447,30.01034],[73.01639,30.02708],[73.01627,30.03204],[73.01931,30.03779],[73.02675,30.04176],[73.04021,30.04033],[73.04752,30.03679],[73.06958,30.02125],[73.09002,30.00426],[73.09528,30.00188],[73.09956,30.00227],[73.10076,30.00644],[73.09942,30.01135],[73.08274,30.01851],[73.0819,30.02264],[73.08342,30.02438],[73.11759,30.03637],[73.13903,30.05123],[73.14841,30.05417],[73.15406,30.05948],[73.1562,30.0638],[73.15729,30.07429],[73.15933,30.07811],[73.16321,30.0765],[73.1705,30.06227],[73.18093,30.047],[73.18531,30.04494],[73.18919,30.04898],[73.18904,30.06139],[73.19096,30.07018],[73.19595,30.07247],[73.21099,30.06609],[73.21805,30.06673],[73.22612,30.0791],[73.23118,30.09109],[73.23364,30.09276],[73.25015,30.09158],[73.26264,30.10616],[73.27219,30.11071],[73.27963,30.10984],[73.28385,30.10317],[73.28957,30.10194],[73.30664,30.10251],[73.30186,30.1048],[73.29975,30.10863],[73.30062,30.11171],[73.30587,30.11279],[73.33725,30.10484],[73.34552,30.10367],[73.35186,30.10473],[73.35883,30.10059],[73.36116,30.09358],[73.36624,30.09145],[73.37216,30.07474],[73.37525,30.07188],[73.37866,30.07129],[73.38214,30.07318],[73.38217,30.08187],[73.38481,30.08403],[73.37759,30.09694],[73.37375,30.1097],[73.3726,30.12616],[73.37597,30.14909],[73.3806,30.15241],[73.38497,30.15307],[73.40772,30.14837],[73.40917,30.15044],[73.40673,30.1574],[73.41175,30.16992],[73.41502,30.17355],[73.42294,30.17186],[73.44356,30.15765],[73.45055,30.15752],[73.45279,30.15889],[73.45466,30.16306],[73.45361,30.16582],[73.44537,30.17522],[73.44546,30.1777],[73.44898,30.17962],[73.45633,30.17964],[73.45844,30.18142],[73.45527,30.1881],[73.45465,30.19482],[73.44926,30.20414],[73.45527,30.22011],[73.45964,30.22247],[73.46657,30.22185],[73.47012,30.21971],[73.47746,30.20858],[73.48121,30.20769],[73.48183,30.21914],[73.49352,30.21833],[73.49947,30.22945],[73.50818,30.23933],[73.52651,30.25675],[73.53472,30.26224],[73.54105,30.26355],[73.54645,30.26241],[73.56594,30.25469],[73.56798,30.25684],[73.56981,30.26747],[73.57339,30.27134],[73.58287,30.27221],[73.59436,30.26604],[73.60093,30.26561],[73.60447,30.2674],[73.60945,30.2746],[73.61418,30.277],[73.6255,30.27819]]]},"properties":{"district":"Pakpattan","province":"Punjab","pcode":"PK627","pop_2023":2136170,"area_km2":2884.3}},{"type":"Feature","geometry":{"type":"MultiPolygon","coordinates":[[[[71.1058,27.79313],[71.09853,27.82272],[71.09265,27.86591],[71.09167,27.89833],[71.07963,27.92678],[71.07347,27.94729],[71.06132,28.0157],[71.03778,28.08191],[71.03544,28.09909],[71.03031,28.11849],[71.02004,28.13731],[70.99188,28.17768],[70.97463,28.23447],[70.96764,28.2795],[70.97209,28.33076],[70.97054,28.37742],[70.96669,28.40409],[70.95343,28.46521],[70.94847,28.5118],[70.9481,28.54415],[70.95258,28.57733],[70.9682,28.6269],[70.97235,28.65526],[70.97876,28.68028],[70.99368,28.7154],[71.02031,28.75959],[71.04025,28.80387],[71.04652,28.81872],[71.0569,28.86149],[71.06018,28.89061],[71.05506,28.90198],[71.04559,28.91125],[71.04363,28.91802],[71.04528,28.9223],[71.05702,28.92977],[71.06159,28.93463],[71.06141,28.94014],[71.0549,28.95305],[71.0519,28.96454],[71.05229,28.96706],[71.0596,28.97365],[71.06122,28.98261],[71.05743,28.99199],[71.05479,28.99344],[71.04704,28.99265],[71.04225,28.99366],[71.04096,29.00084],[71.04265,29.00657],[71.04573,29.00916],[71.05287,29.01084],[71.05647,29.0191],[71.06404,29.025],[71.06411,29.03028],[71.06034,29.03909],[71.06049,29.04707],[71.06387,29.05078],[71.08329,29.06268],[71.08743,29.06791],[71.08673,29.09432],[71.08269,29.11813],[71.07283,29.12955],[71.08126,29.13608],[71.08242,29.14334],[71.07789,29.14994],[71.06406,29.15112],[71.045,29.14645],[71.03586,29.14221],[71.0287,29.13744],[71.0213,29.12948],[70.99994,29.0836],[70.99444,29.07887],[70.98441,29.08222],[70.96972,29.09143],[70.95018,29.10671],[70.94671,29.12664],[70.93286,29.13912],[70.93309,29.15621],[70.9313,29.15969],[70.92333,29.16356],[70.91926,29.16783],[70.91904,29.17651],[70.91708,29.18165],[70.91078,29.1824],[70.89708,29.17547],[70.89127,29.17489],[70.88647,29.17671],[70.88704,29.1802],[70.91113,29.20819],[70.91693,29.22742],[70.91772,29.23483],[70.91696,29.2393],[70.91493,29.24129],[70.85509,29.26591],[70.84817,29.2649],[70.84465,29.2602],[70.84418,29.2402],[70.84093,29.2381],[70.83631,29.23772],[70.8187,29.24085],[70.80737,29.2438],[70.79533,29.24907],[70.7907,29.24897],[70.78481,29.24653],[70.77814,29.22923],[70.77061,29.20126],[70.75058,29.15942],[70.74735,29.15645],[70.74141,29.15604],[70.73464,29.16199],[70.73026,29.1629],[70.71839,29.15655],[70.70956,29.15636],[70.70532,29.15487],[70.70144,29.15009],[70.6914,29.12571],[70.68496,29.10379],[70.67903,29.09592],[70.66925,29.09172],[70.62322,29.08299],[70.6189,29.08095],[70.61535,29.07742],[70.61291,29.06939],[70.61036,29.05525],[70.61285,29.04847],[70.57582,29.03616],[70.55802,29.02679],[70.54606,29.01703],[70.53104,29.00307],[70.51541,28.9946],[70.4993,28.99666],[70.49032,28.99455],[70.48155,28.99028],[70.48127,28.98261],[70.4877,28.95822],[70.48375,28.95399],[70.47183,28.95275],[70.46615,28.95028],[70.46249,28.93988],[70.45979,28.93793],[70.44566,28.93505],[70.43513,28.93548],[70.38226,28.94878],[70.37782,28.94438],[70.35888,28.93833],[70.34999,28.93055],[70.34316,28.92212],[70.34512,28.91571],[70.35989,28.90843],[70.37081,28.9007],[70.37968,28.88986],[70.40441,28.8724],[70.40996,28.86628],[70.41192,28.8584],[70.41118,28.85055],[70.40246,28.83449],[70.39361,28.8038],[70.3879,28.79293],[70.38016,28.78733],[70.37716,28.7869],[70.37271,28.78869],[70.36225,28.80184],[70.35946,28.80907],[70.34644,28.82418],[70.33524,28.82477],[70.31053,28.82086],[70.29057,28.81553],[70.28605,28.81268],[70.28434,28.8086],[70.28566,28.80401],[70.29532,28.79543],[70.3081,28.77979],[70.31691,28.76476],[70.3155,28.75881],[70.31084,28.75395],[70.29609,28.74878],[70.28635,28.75032],[70.27093,28.75733],[70.2515,28.75321],[70.24822,28.75463],[70.23703,28.76669],[70.23079,28.77016],[70.2266,28.76699],[70.22847,28.75472],[70.22356,28.74905],[70.21441,28.74839],[70.20567,28.75585],[70.20123,28.75579],[70.19731,28.7516],[70.19821,28.74404],[70.21136,28.73239],[70.22347,28.72408],[70.23091,28.71372],[70.23157,28.69953],[70.22554,28.68651],[70.21659,28.67525],[70.2065,28.67067],[70.16804,28.66852],[70.15334,28.66896],[70.13811,28.6659],[70.11973,28.66589],[70.10702,28.66041],[70.10035,28.65589],[70.08515,28.64228],[70.07873,28.63348],[70.08027,28.62124],[70.08902,28.61603],[70.1182,28.60905],[70.12123,28.60661],[70.12247,28.60308],[70.11901,28.59821],[70.09574,28.58412],[70.08265,28.56885],[70.07546,28.56311],[70.07413,28.55746],[70.07641,28.55108],[70.07225,28.54896],[70.06723,28.54294],[70.06325,28.52764],[70.05672,28.52381],[70.05163,28.52295],[70.04154,28.52727],[70.02369,28.54071],[70.01857,28.54309],[70.00941,28.54172],[70.00577,28.53949],[70.00214,28.53615],[70.0014,28.52537],[69.99713,28.51832],[69.98995,28.51305],[69.97431,28.50797],[69.97011,28.50368],[69.96898,28.49665],[69.96963,28.46967],[69.96617,28.45781],[69.92643,28.43266],[69.91491,28.42787],[69.90644,28.42601],[69.89748,28.42722],[69.86686,28.45639],[69.85683,28.45758],[69.8535,28.45565],[69.85351,28.45142],[69.86133,28.43874],[69.86487,28.4301],[69.86454,28.42614],[69.85764,28.42377],[69.84302,28.42484],[69.83741,28.42277],[69.83199,28.41865],[69.83014,28.41189],[69.82437,28.40426],[69.81276,28.39626],[69.80477,28.39447],[69.78428,28.39941],[69.75139,28.40293],[69.7619,28.38471],[69.78417,28.38004],[69.7943,28.37988],[69.78992,28.3728],[69.7919,28.3679],[69.79326,28.36808],[69.79372,28.37164],[69.79534,28.37179],[69.79684,28.36566],[69.79907,28.36372],[69.80527,28.36197],[69.8119,28.36237],[69.81593,28.35807],[69.81602,28.34739],[69.81968,28.34225],[69.82076,28.33748],[69.81979,28.33257],[69.81497,28.32456],[69.81797,28.32082],[69.81271,28.3128],[69.81277,28.30856],[69.81049,28.30583],[69.81019,28.30252],[69.81548,28.27718],[69.81828,28.27246],[69.82231,28.27008],[69.83672,28.26877],[69.83115,28.26],[69.83652,28.25366],[69.83306,28.24961],[69.83165,28.24113],[69.83614,28.23212],[69.84209,28.22732],[69.84506,28.21344],[69.85159,28.20685],[69.85232,28.20356],[69.85764,28.19705],[69.84692,28.18222],[69.84236,28.17994],[69.8377,28.1697],[69.83862,28.16624],[69.84129,28.17002],[69.84386,28.16981],[69.84294,28.16378],[69.84767,28.15261],[69.84464,28.13431],[69.87322,28.09403],[69.87879,28.0802],[69.92273,28.02544],[69.94529,28.00481],[69.96786,27.98072],[69.97391,27.96692],[69.99166,27.94443],[70.00082,27.93743],[70.03515,27.92713],[70.04333,27.91984],[70.04784,27.91312],[70.06916,27.89539],[70.07616,27.89439],[70.09052,27.88839],[70.12357,27.88201],[70.18051,27.8549],[70.2076,27.88538],[70.28134,27.93042],[70.30291,27.94617],[70.32188,27.96489],[70.33646,27.98311],[70.36617,28.00825],[70.43236,28.02155],[70.47909,28.03374],[70.50983,28.03554],[70.53033,28.03249],[70.56263,28.0198],[70.59876,27.98834],[70.6607,27.9305],[70.67211,27.91432],[70.67285,27.86979],[70.67841,27.83905],[70.68935,27.81935],[70.70312,27.80035],[70.71484,27.77629],[70.72159,27.76897],[70.72575,27.76026],[70.73795,27.74217],[70.75767,27.71721],[70.76721,27.71495],[70.84614,27.70897],[70.86549,27.70511],[70.88535,27.70584],[70.90577,27.71073],[70.93249,27.72086],[71.1058,27.79313]]],[[[69.47924,28.20371],[69.49641,28.19576],[69.50392,28.1905],[69.51311,28.18221],[69.51613,28.17353],[69.52609,28.16808],[69.52819,28.13848],[69.52938,28.13234],[69.53323,28.12727],[69.54278,28.12254],[69.55419,28.12376],[69.55927,28.12678],[69.56238,28.13004],[69.56514,28.1382],[69.56237,28.15428],[69.5667,28.16364],[69.56798,28.17356],[69.56984,28.17861],[69.58031,28.1921],[69.58177,28.19823],[69.58056,28.20004],[69.57253,28.20255],[69.55156,28.20751],[69.53627,28.20938],[69.531,28.21482],[69.52536,28.22982],[69.51461,28.24078],[69.50198,28.24705],[69.48796,28.25865],[69.47514,28.26483],[69.47953,28.25205],[69.4803,28.24274],[69.47864,28.23517],[69.46796,28.21752],[69.46671,28.21139],[69.46893,28.20867],[69.47924,28.20371]]],[[[69.65077,28.34561],[69.63544,28.35285],[69.62707,28.35235],[69.61356,28.34808],[69.60458,28.34758],[69.58804,28.34928],[69.58344,28.35316],[69.57922,28.36726],[69.55915,28.39514],[69.55569,28.3966],[69.54853,28.39591],[69.53994,28.39342],[69.53358,28.38875],[69.53354,28.38081],[69.55341,28.35239],[69.57933,28.30484],[69.58866,28.29451],[69.59169,28.28836],[69.59528,28.27318],[69.59725,28.24521],[69.60345,28.22301],[69.60567,28.22029],[69.61631,28.22583],[69.62305,28.22671],[69.63976,28.22536],[69.66258,28.22056],[69.66891,28.22251],[69.67219,28.2243],[69.67365,28.22916],[69.67008,28.24597],[69.67256,28.2501],[69.6875,28.25761],[69.69405,28.2592],[69.70563,28.253],[69.71452,28.24068],[69.72244,28.23576],[69.73277,28.23466],[69.73808,28.23662],[69.74322,28.24128],[69.74735,28.24921],[69.75024,28.27855],[69.75318,28.29284],[69.75799,28.30523],[69.75783,28.31155],[69.75152,28.31357],[69.74579,28.31216],[69.71891,28.293],[69.70789,28.29215],[69.70259,28.29381],[69.6963,28.29926],[69.67002,28.33084],[69.65077,28.34561]]]]},"properties":{"district":"Rahim Yar Khan","province":"Punjab","pcode":"PK628","pop_2023":5564703,"area_km2":12848.7}},{"type":"Feature","geometry":{"type":"Polygon","coordinates":[[[70.72182,29.66632],[70.70883,29.6969],[70.6989,29.71401],[70.69899,29.71965],[70.70289,29.72964],[70.69991,29.73336],[70.69491,29.73352],[70.69306,29.73799],[70.68771,29.74034],[70.68534,29.74361],[70.68771,29.75738],[70.69164,29.76845],[70.69092,29.77681],[70.68659,29.78506],[70.67794,29.79258],[70.66096,29.80285],[70.64817,29.80533],[70.63118,29.80535],[70.6219,29.80308],[70.61076,29.80413],[70.60349,29.80118],[70.59555,29.79159],[70.58595,29.78535],[70.57793,29.77374],[70.57629,29.74098],[70.57332,29.73029],[70.56394,29.70948],[70.54878,29.68947],[70.54296,29.67668],[70.5357,29.66791],[70.52151,29.656],[70.50042,29.64529],[70.47627,29.63066],[70.45984,29.62524],[70.4485,29.62825],[70.43451,29.61974],[70.42516,29.61892],[70.42315,29.62426],[70.42845,29.63814],[70.42793,29.64139],[70.42015,29.64477],[70.41727,29.65242],[70.40662,29.65768],[70.39563,29.66705],[70.39325,29.67116],[70.39596,29.68448],[70.39288,29.69394],[70.37573,29.71444],[70.36549,29.72332],[70.35367,29.73074],[70.34707,29.73323],[70.33242,29.73436],[70.25033,29.73485],[70.19872,29.74208],[70.17083,29.74909],[70.15626,29.75602],[70.1288,29.77497],[70.11633,29.78563],[70.11404,29.79363],[70.10767,29.80367],[70.08761,29.81548],[70.06127,29.8245],[70.02757,29.83164],[70.00653,29.83335],[69.92748,29.85484],[69.90816,29.86164],[69.89173,29.87806],[69.87768,29.89879],[69.85596,29.87616],[69.8358,29.86147],[69.81387,29.81761],[69.81183,29.81025],[69.789,29.76881],[69.78271,29.76418],[69.77536,29.76229],[69.7534,29.74563],[69.73258,29.71887],[69.7221,29.71421],[69.69688,29.71036],[69.69062,29.70389],[69.66648,29.69729],[69.65496,29.6917],[69.646,29.68526],[69.6289,29.66872],[69.62586,29.65569],[69.61866,29.64003],[69.59663,29.63527],[69.59147,29.62605],[69.5926,29.61872],[69.60006,29.60868],[69.60333,29.59678],[69.59895,29.57939],[69.59771,29.56436],[69.59805,29.53106],[69.59455,29.51084],[69.59184,29.50391],[69.57439,29.48388],[69.56575,29.46716],[69.56351,29.45861],[69.5626,29.41475],[69.56687,29.40586],[69.57153,29.40387],[69.57663,29.40431],[69.58403,29.40722],[69.60567,29.42403],[69.61496,29.4233],[69.62758,29.41487],[69.64117,29.40238],[69.65253,29.38914],[69.65975,29.37887],[69.66763,29.36246],[69.66909,29.35557],[69.66637,29.34946],[69.64202,29.32532],[69.63883,29.31921],[69.6403,29.3111],[69.64404,29.30869],[69.66212,29.30883],[69.67142,29.30524],[69.68223,29.29111],[69.68247,29.26513],[69.68671,29.25867],[69.69042,29.25747],[69.69875,29.25957],[69.73647,29.29028],[69.7457,29.29521],[69.75818,29.29935],[69.76654,29.29778],[69.76843,29.29333],[69.76897,29.2844],[69.76717,29.27749],[69.74718,29.24456],[69.74402,29.23642],[69.74239,29.21124],[69.74339,29.20313],[69.75233,29.18573],[69.75191,29.18045],[69.75012,29.17395],[69.72411,29.13115],[69.71268,29.11564],[69.70992,29.09902],[69.70631,29.08966],[69.70218,29.08638],[69.6856,29.07855],[69.66484,29.07272],[69.65057,29.06571],[69.63416,29.04245],[69.61357,29.02037],[69.6089,29.01151],[69.59396,28.99424],[69.58636,28.97063],[69.5812,28.96012],[69.57434,28.95398],[69.55542,28.9518],[69.55222,28.94933],[69.54182,28.92855],[69.52991,28.91992],[69.50008,28.90302],[69.4896,28.89157],[69.48761,28.86395],[69.48308,28.85661],[69.4846,28.84445],[69.48648,28.84162],[69.49065,28.84004],[69.51192,28.83657],[69.52167,28.83057],[69.52541,28.82573],[69.53198,28.81529],[69.53767,28.80113],[69.53776,28.79342],[69.53291,28.77309],[69.50391,28.72861],[69.4844,28.7019],[69.46928,28.6736],[69.43941,28.62869],[69.42092,28.59768],[69.41135,28.59029],[69.3866,28.58275],[69.37243,28.5753],[69.35776,28.5711],[69.32469,28.55491],[69.32194,28.54961],[69.32132,28.54355],[69.33841,28.51215],[69.34039,28.50122],[69.34463,28.49355],[69.35325,28.46646],[69.36376,28.44564],[69.39406,28.44642],[69.41653,28.44922],[69.43103,28.47248],[69.4467,28.47782],[69.47556,28.48376],[69.52128,28.48446],[69.62454,28.46754],[69.626,28.46624],[69.625,28.46301],[69.60558,28.44411],[69.60483,28.44045],[69.60595,28.43954],[69.62701,28.43215],[69.64703,28.42838],[69.66803,28.42806],[69.6871,28.42991],[69.71607,28.42429],[69.73217,28.41907],[69.74968,28.40422],[69.75139,28.40293],[69.78428,28.39941],[69.80477,28.39447],[69.81276,28.39626],[69.82437,28.40426],[69.83014,28.41189],[69.83199,28.41865],[69.83741,28.42277],[69.84302,28.42484],[69.85764,28.42377],[69.86454,28.42614],[69.86487,28.4301],[69.86133,28.43874],[69.85351,28.45142],[69.8535,28.45565],[69.85683,28.45758],[69.86686,28.45639],[69.89748,28.42722],[69.90644,28.42601],[69.91491,28.42787],[69.92643,28.43266],[69.96617,28.45781],[69.96963,28.46967],[69.96898,28.49665],[69.97011,28.50368],[69.97431,28.50797],[69.98995,28.51305],[69.99713,28.51832],[70.0014,28.52537],[70.00214,28.53615],[70.00577,28.53949],[70.00941,28.54172],[70.01857,28.54309],[70.02369,28.54071],[70.04154,28.52727],[70.05163,28.52295],[70.05672,28.52381],[70.06325,28.52764],[70.06723,28.54294],[70.07225,28.54896],[70.07641,28.55108],[70.07413,28.55746],[70.07546,28.56311],[70.08265,28.56885],[70.09574,28.58412],[70.11901,28.59821],[70.12247,28.60308],[70.12123,28.60661],[70.1182,28.60905],[70.08902,28.61603],[70.08027,28.62124],[70.07873,28.63348],[70.08515,28.64228],[70.10035,28.65589],[70.10702,28.66041],[70.11973,28.66589],[70.13811,28.6659],[70.15334,28.66896],[70.16804,28.66852],[70.2065,28.67067],[70.21659,28.67525],[70.22554,28.68651],[70.23157,28.69953],[70.23091,28.71372],[70.22347,28.72408],[70.21136,28.73239],[70.19821,28.74404],[70.19731,28.7516],[70.20123,28.75579],[70.20567,28.75585],[70.21441,28.74839],[70.22356,28.74905],[70.22847,28.75472],[70.2266,28.76699],[70.23079,28.77016],[70.23703,28.76669],[70.24822,28.75463],[70.2515,28.75321],[70.27093,28.75733],[70.28635,28.75032],[70.29609,28.74878],[70.31084,28.75395],[70.3155,28.75881],[70.31691,28.76476],[70.3081,28.77979],[70.29532,28.79543],[70.28566,28.80401],[70.28434,28.8086],[70.28605,28.81268],[70.29057,28.81553],[70.31053,28.82086],[70.33524,28.82477],[70.34644,28.82418],[70.35946,28.80907],[70.36225,28.80184],[70.37271,28.78869],[70.37716,28.7869],[70.38016,28.78733],[70.3879,28.79293],[70.39361,28.8038],[70.40246,28.83449],[70.41118,28.85055],[70.41192,28.8584],[70.40996,28.86628],[70.40441,28.8724],[70.37968,28.88986],[70.37081,28.9007],[70.35989,28.90843],[70.34512,28.91571],[70.34316,28.92212],[70.34999,28.93055],[70.35888,28.93833],[70.37782,28.94438],[70.38226,28.94878],[70.43513,28.93548],[70.44566,28.93505],[70.45979,28.93793],[70.46249,28.93988],[70.46615,28.95028],[70.47183,28.95275],[70.48375,28.95399],[70.4877,28.95822],[70.48127,28.98261],[70.48155,28.99028],[70.49032,28.99455],[70.4993,28.99666],[70.51541,28.9946],[70.53104,29.00307],[70.54606,29.01703],[70.53983,29.02822],[70.55363,29.05361],[70.554,29.06442],[70.55111,29.07399],[70.55206,29.0824],[70.55818,29.09364],[70.55993,29.10672],[70.56255,29.11323],[70.5639,29.11469],[70.57537,29.11628],[70.57776,29.12087],[70.57219,29.15994],[70.57349,29.17071],[70.57969,29.18593],[70.57848,29.19312],[70.56801,29.21732],[70.56272,29.21837],[70.55344,29.21609],[70.55259,29.218],[70.56064,29.22795],[70.56499,29.23017],[70.5792,29.23275],[70.5809,29.24907],[70.58375,29.25895],[70.5878,29.26284],[70.6028,29.26735],[70.60399,29.27865],[70.6131,29.28431],[70.61977,29.28638],[70.62246,29.28977],[70.62314,29.29866],[70.62818,29.31001],[70.62551,29.31348],[70.61958,29.31567],[70.61817,29.31854],[70.61529,29.32667],[70.61728,29.3399],[70.61445,29.34491],[70.61653,29.35238],[70.61482,29.35644],[70.61033,29.35705],[70.60982,29.35974],[70.61645,29.36315],[70.62037,29.36926],[70.62429,29.38846],[70.6226,29.39108],[70.60854,29.39475],[70.60714,29.39644],[70.60959,29.4153],[70.61314,29.41595],[70.61563,29.41478],[70.62045,29.40499],[70.62538,29.40601],[70.62768,29.4166],[70.63154,29.41569],[70.63381,29.41139],[70.63681,29.41239],[70.63915,29.42058],[70.63879,29.42634],[70.63465,29.44565],[70.63675,29.45227],[70.63758,29.47142],[70.64384,29.48491],[70.64894,29.49107],[70.65922,29.49126],[70.66981,29.48809],[70.67659,29.48786],[70.6907,29.48902],[70.69788,29.49137],[70.69773,29.49821],[70.69369,29.51069],[70.70407,29.51298],[70.70586,29.52172],[70.7099,29.52559],[70.70711,29.53022],[70.69171,29.54257],[70.68265,29.55491],[70.68268,29.56158],[70.68573,29.56687],[70.69316,29.57221],[70.70102,29.58484],[70.70727,29.59847],[70.70606,29.60749],[70.71068,29.61191],[70.71887,29.62835],[70.71693,29.63913],[70.71248,29.64333],[70.70409,29.64502],[70.70178,29.64756],[70.71608,29.65641],[70.72054,29.66136],[70.72182,29.66632]]]},"properties":{"district":"Rajanpur","province":"Punjab","pcode":"PK629","pop_2023":2381049,"area_km2":12584.6}},{"type":"Feature","geometry":{"type":"Polygon","coordinates":[[[73.51201,34.01767],[73.4856,34.01808],[73.47672,34.01515],[73.4719,34.01666],[73.47154,34.01176],[73.464,34.00388],[73.46521,34.00217],[73.44785,33.98567],[73.44373,33.98354],[73.4403,33.97471],[73.43658,33.97092],[73.43031,33.96531],[73.42363,33.96244],[73.42358,33.9556],[73.4194,33.95516],[73.41618,33.95657],[73.41817,33.95988],[73.41482,33.96291],[73.41489,33.96617],[73.40466,33.9755],[73.40135,33.97583],[73.39342,33.97345],[73.38849,33.96501],[73.38544,33.96242],[73.3787,33.96234],[73.37816,33.9591],[73.37428,33.95583],[73.37627,33.95457],[73.38574,33.95503],[73.38467,33.94655],[73.3784,33.93686],[73.36786,33.92822],[73.35818,33.92536],[73.35206,33.91954],[73.34663,33.9187],[73.34801,33.90768],[73.33924,33.90219],[73.33472,33.8935],[73.32797,33.88742],[73.32753,33.88568],[73.33116,33.88056],[73.33054,33.87638],[73.32787,33.87204],[73.31736,33.86372],[73.31959,33.86029],[73.31672,33.8569],[73.31143,33.85688],[73.30803,33.85532],[73.29821,33.84489],[73.28558,33.84677],[73.26731,33.83775],[73.2594,33.84591],[73.25388,33.84469],[73.24461,33.84029],[73.23595,33.82385],[73.21979,33.81719],[73.20934,33.8161],[73.1905,33.81016],[73.17924,33.81059],[73.17163,33.80805],[73.16847,33.80451],[73.18091,33.80462],[73.1936,33.79754],[73.24072,33.78625],[73.25418,33.77844],[73.26138,33.77872],[73.26804,33.77523],[73.299,33.75086],[73.30058,33.74696],[73.30628,33.7415],[73.33737,33.72782],[73.34211,33.71415],[73.34724,33.70903],[73.35627,33.70655],[73.36713,33.70597],[73.37127,33.70205],[73.37664,33.70467],[73.3894,33.70363],[73.38367,33.69141],[73.35868,33.67207],[73.35767,33.66552],[73.35455,33.66249],[73.35069,33.66133],[73.34729,33.66448],[73.33835,33.66367],[73.32769,33.66674],[73.32375,33.66659],[73.31815,33.66462],[73.31896,33.66335],[73.30687,33.6559],[73.30213,33.65501],[73.30414,33.64903],[73.30014,33.64651],[73.29797,33.64222],[73.30165,33.63579],[73.30006,33.62913],[73.30262,33.61058],[73.29665,33.60605],[73.29286,33.59439],[73.2933,33.59183],[73.29875,33.59128],[73.19973,33.48971],[73.08688,33.54242],[73.1545,33.57837],[73.0882,33.66419],[73.00178,33.61879],[72.98882,33.63387],[72.97517,33.62733],[72.96878,33.63146],[72.96664,33.62675],[72.97746,33.62133],[72.98612,33.61058],[72.91422,33.57263],[72.81388,33.7014],[72.84121,33.70588],[72.84427,33.71328],[72.85302,33.71935],[72.85797,33.71986],[72.86642,33.71792],[72.87437,33.71965],[72.88716,33.71939],[72.89603,33.72139],[72.90031,33.72699],[72.91642,33.72937],[72.92054,33.73447],[72.92606,33.73716],[72.92387,33.7456],[72.91479,33.74804],[72.88873,33.75125],[72.88074,33.7575],[72.88841,33.76194],[72.88971,33.76394],[72.88873,33.76645],[72.87073,33.7608],[72.86753,33.76208],[72.865,33.76774],[72.86217,33.76976],[72.85758,33.77023],[72.85202,33.76934],[72.85271,33.76657],[72.85125,33.76437],[72.84708,33.76218],[72.84496,33.76255],[72.84435,33.76462],[72.8415,33.76493],[72.83218,33.76253],[72.82941,33.76333],[72.82735,33.7704],[72.82166,33.77831],[72.82652,33.78284],[72.83016,33.79091],[72.84174,33.80281],[72.85235,33.79731],[72.85538,33.7971],[72.86961,33.8149],[72.87183,33.82591],[72.85754,33.8237],[72.85082,33.82455],[72.84979,33.83167],[72.84688,33.83348],[72.8424,33.8332],[72.8332,33.8258],[72.82256,33.82757],[72.8219,33.82908],[72.81936,33.82921],[72.81576,33.82656],[72.81216,33.81972],[72.81865,33.80975],[72.81824,33.80462],[72.81441,33.80135],[72.80783,33.80102],[72.79579,33.80446],[72.78861,33.80478],[72.78945,33.82209],[72.78787,33.82801],[72.78195,33.83096],[72.77784,33.83656],[72.78063,33.84321],[72.77115,33.84944],[72.76649,33.85619],[72.76094,33.85853],[72.75481,33.85779],[72.74854,33.865],[72.74423,33.86529],[72.73897,33.86301],[72.73026,33.85589],[72.72265,33.83728],[72.72507,33.83341],[72.73608,33.82666],[72.73789,33.82409],[72.73122,33.82212],[72.7117,33.82247],[72.70448,33.81809],[72.69663,33.8184],[72.68955,33.81523],[72.68492,33.80821],[72.68651,33.80243],[72.69257,33.79672],[72.69534,33.79178],[72.69693,33.78347],[72.7035,33.77812],[72.70377,33.77503],[72.69601,33.76944],[72.69464,33.76519],[72.69651,33.7556],[72.70101,33.745],[72.69188,33.74198],[72.69188,33.73531],[72.71919,33.73398],[72.71569,33.7454],[72.71785,33.74681],[72.72154,33.74565],[72.72647,33.74271],[72.72935,33.73736],[72.73002,33.7193],[72.73315,33.7101],[72.74127,33.71696],[72.75044,33.71602],[72.75235,33.71063],[72.7513,33.70777],[72.75534,33.69689],[72.74936,33.69262],[72.7305,33.68974],[72.73212,33.67899],[72.73773,33.67914],[72.74449,33.67001],[72.74578,33.66544],[72.74386,33.65454],[72.74531,33.64795],[72.74302,33.63644],[72.79874,33.6375],[72.80809,33.64263],[72.81138,33.6418],[72.80965,33.63767],[72.81529,33.63577],[72.81244,33.63252],[72.80456,33.62943],[72.79811,33.62461],[72.79866,33.62101],[72.80969,33.6132],[72.80848,33.60734],[72.81569,33.60668],[72.81723,33.60381],[72.82262,33.60053],[72.82313,33.59533],[72.81757,33.58693],[72.82114,33.58153],[72.82124,33.5775],[72.8164,33.56794],[72.82145,33.56675],[72.82519,33.56307],[72.83197,33.56404],[72.83642,33.56342],[72.8391,33.56036],[72.84442,33.56124],[72.8478,33.55464],[72.85553,33.54846],[72.85497,33.54476],[72.85687,33.54114],[72.85387,33.53316],[72.86488,33.5291],[72.86761,33.52995],[72.87222,33.52805],[72.87741,33.52834],[72.87856,33.52636],[72.88396,33.52687],[72.88996,33.52309],[72.8907,33.52068],[72.89719,33.51776],[72.90033,33.51799],[72.90235,33.51276],[72.90802,33.50715],[72.9101,33.49597],[72.91415,33.49541],[72.91886,33.48789],[72.92474,33.48704],[72.90948,33.48216],[72.89842,33.4766],[72.89522,33.46621],[72.88618,33.46171],[72.88562,33.46598],[72.87899,33.4689],[72.8782,33.47244],[72.86776,33.47458],[72.844,33.46638],[72.83912,33.46261],[72.82985,33.45986],[72.82558,33.46395],[72.81647,33.46175],[72.79632,33.45082],[72.78004,33.44756],[72.77583,33.44492],[72.77414,33.44139],[72.7774,33.42718],[72.77031,33.42056],[72.77234,33.41482],[72.77078,33.40585],[72.77356,33.3974],[72.76521,33.39421],[72.76137,33.40063],[72.75763,33.40185],[72.7555,33.40016],[72.75319,33.39275],[72.73381,33.38592],[72.72828,33.38246],[72.72324,33.37646],[72.71761,33.36444],[72.71795,33.35944],[72.70603,33.34891],[72.70549,33.34081],[72.69605,33.3324],[72.68731,33.31213],[72.67866,33.30427],[72.67961,33.29438],[72.68898,33.28459],[72.68846,33.27627],[72.68047,33.27432],[72.67295,33.27777],[72.66296,33.2745],[72.6603,33.26538],[72.65026,33.25327],[72.64677,33.23753],[72.64368,33.23376],[72.64447,33.22012],[72.64177,33.21832],[72.63592,33.22026],[72.63314,33.21521],[72.63215,33.20689],[72.63627,33.19018],[72.65072,33.19845],[72.65636,33.20912],[72.66203,33.2125],[72.66934,33.20682],[72.67648,33.20563],[72.68157,33.20794],[72.68372,33.21079],[72.68812,33.20773],[72.69778,33.20665],[72.71007,33.21269],[72.72053,33.20258],[72.72273,33.1992],[72.72305,33.19303],[72.73912,33.19234],[72.74725,33.18884],[72.75508,33.18873],[72.75599,33.18632],[72.75948,33.18863],[72.76791,33.1894],[72.77343,33.18278],[72.78631,33.17747],[72.79912,33.16704],[72.80963,33.16436],[72.81201,33.1589],[72.82081,33.15933],[72.82767,33.15681],[72.82918,33.16051],[72.82816,33.16464],[72.83271,33.16576],[72.84742,33.16336],[72.84872,33.1602],[72.85493,33.16014],[72.86277,33.16634],[72.86394,33.1648],[72.86781,33.16486],[72.87703,33.16824],[72.87918,33.16371],[72.88142,33.16467],[72.8843,33.1606],[72.89765,33.16704],[72.9254,33.16939],[72.92806,33.16576],[72.93394,33.14515],[72.93394,33.14283],[72.93015,33.13981],[72.93574,33.13123],[72.94158,33.12793],[72.94607,33.12247],[72.94603,33.11947],[72.94936,33.11479],[72.95235,33.11454],[72.9524,33.11234],[72.95419,33.11149],[72.95698,33.11461],[72.96036,33.11566],[72.97608,33.10803],[72.98373,33.11247],[73.0001,33.10324],[73.00116,33.10678],[73.00348,33.10828],[73.0075,33.10904],[73.01104,33.10772],[73.01949,33.10076],[73.01446,33.09516],[73.02145,33.09205],[73.02542,33.08815],[73.0261,33.07955],[73.02419,33.07029],[73.02636,33.06599],[73.0311,33.06455],[73.03748,33.06465],[73.04588,33.06704],[73.06963,33.07882],[73.08439,33.09777],[73.08595,33.10525],[73.10372,33.10595],[73.10344,33.08542],[73.11261,33.07589],[73.11676,33.07412],[73.12371,33.07468],[73.12651,33.07657],[73.1313,33.09434],[73.13388,33.09633],[73.13689,33.09242],[73.14023,33.09179],[73.14527,33.0949],[73.16699,33.09588],[73.18391,33.09862],[73.18709,33.09746],[73.19281,33.09817],[73.1986,33.09439],[73.20472,33.09829],[73.21026,33.09275],[73.21558,33.0863],[73.23171,33.09025],[73.24228,33.09013],[73.26125,33.09435],[73.27083,33.09983],[73.28366,33.09988],[73.31474,33.10569],[73.33083,33.10491],[73.33635,33.1072],[73.33945,33.1117],[73.34545,33.11033],[73.35281,33.10346],[73.35507,33.10572],[73.3607,33.1021],[73.3681,33.10424],[73.37058,33.11429],[73.37887,33.12641],[73.38888,33.1342],[73.39581,33.144],[73.3892,33.15859],[73.38172,33.16844],[73.3781,33.17057],[73.37797,33.17256],[73.3827,33.17779],[73.38932,33.18179],[73.39594,33.18067],[73.39944,33.18192],[73.40504,33.1899],[73.41265,33.19451],[73.41489,33.20325],[73.42288,33.20848],[73.41976,33.21497],[73.42188,33.21634],[73.43398,33.21784],[73.4351,33.21971],[73.42701,33.23169],[73.43286,33.23655],[73.44009,33.23418],[73.44645,33.2343],[73.44733,33.23592],[73.44421,33.23742],[73.44433,33.24091],[73.45094,33.24565],[73.45753,33.24686],[73.46339,33.24315],[73.4709,33.23243],[73.47988,33.23044],[73.48075,33.2252],[73.49499,33.22601],[73.49802,33.22378],[73.50345,33.22288],[73.5215,33.22899],[73.52251,33.23321],[73.5245,33.2347],[73.52438,33.23719],[73.52218,33.23702],[73.52201,33.23861],[73.53038,33.24562],[73.53366,33.24223],[73.53089,33.22899],[73.53343,33.22458],[73.53898,33.22237],[73.53858,33.21338],[73.54215,33.20987],[73.54202,33.20597],[73.548,33.19904],[73.5545,33.20497],[73.55478,33.2174],[73.56236,33.22283],[73.56086,33.22555],[73.5576,33.22685],[73.56076,33.23713],[73.56257,33.2373],[73.56228,33.22998],[73.57203,33.23406],[73.577,33.23019],[73.58093,33.23226],[73.59346,33.23156],[73.59092,33.23684],[73.5919,33.23961],[73.60038,33.24845],[73.60433,33.2491],[73.60335,33.24474],[73.60787,33.24365],[73.60927,33.24903],[73.6236,33.25527],[73.61183,33.27846],[73.61233,33.28464],[73.61584,33.29136],[73.60771,33.29846],[73.60661,33.30174],[73.60919,33.30665],[73.60893,33.31011],[73.59863,33.31805],[73.60078,33.32441],[73.60721,33.33333],[73.59888,33.33971],[73.58472,33.33916],[73.57054,33.37222],[73.57083,33.38333],[73.57527,33.39305],[73.58055,33.40193],[73.59582,33.41777],[73.59444,33.42944],[73.59721,33.43915],[73.60803,33.44527],[73.62248,33.45054],[73.62647,33.46025],[73.62303,33.47083],[73.6147,33.47999],[73.60832,33.49194],[73.61137,33.51277],[73.61914,33.5211],[73.63165,33.52638],[73.62942,33.5375],[73.62303,33.54805],[73.6233,33.55916],[73.62692,33.56889],[73.61971,33.57888],[73.61054,33.58582],[73.60248,33.59499],[73.5986,33.60694],[73.58943,33.61472],[73.56888,33.62416],[73.57609,33.64333],[73.57277,33.65388],[73.57388,33.66444],[73.59193,33.67944],[73.59545,33.68519],[73.59888,33.6986],[73.59943,33.72166],[73.59721,33.7336],[73.59248,33.74694],[73.57165,33.77721],[73.56666,33.78889],[73.56721,33.8111],[73.57144,33.82414],[73.58276,33.86166],[73.58554,33.88193],[73.5836,33.89444],[73.5742,33.90961],[73.56248,33.9261],[73.53871,33.95126],[73.52916,33.97804],[73.51639,34.00111],[73.51201,34.01767]]]},"properties":{"district":"Rawalpindi","province":"Punjab","pcode":"PK630","pop_2023":6118911,"area_km2":5226}},{"type":"Feature","geometry":{"type":"Polygon","coordinates":[[[73.30458,30.54092],[73.29551,30.54078],[73.28514,30.54386],[73.28563,30.54643],[73.2944,30.5524],[73.30904,30.5545],[73.31444,30.55719],[73.33204,30.57015],[73.33534,30.57087],[73.34522,30.56882],[73.35124,30.56943],[73.35415,30.57135],[73.35776,30.57483],[73.35816,30.58103],[73.35698,30.58319],[73.34536,30.58846],[73.34335,30.59523],[73.34802,30.60052],[73.36925,30.60942],[73.37376,30.61831],[73.37199,30.63602],[73.37085,30.63825],[73.36193,30.64423],[73.36335,30.64778],[73.35863,30.66233],[73.34792,30.67724],[73.34498,30.69148],[73.34695,30.69789],[73.36235,30.71128],[73.36606,30.7162],[73.36819,30.72368],[73.36805,30.74977],[73.36644,30.76364],[73.36307,30.77286],[73.347,30.78339],[73.33721,30.7876],[73.32684,30.78931],[73.31227,30.78019],[73.30391,30.77671],[73.30088,30.77683],[73.29194,30.78078],[73.28711,30.78789],[73.27667,30.81179],[73.27916,30.81449],[73.29014,30.81613],[73.29053,30.82083],[73.28731,30.82567],[73.27659,30.83384],[73.27461,30.83985],[73.2772,30.84248],[73.30289,30.85189],[73.30508,30.85797],[73.30278,30.86097],[73.29941,30.86156],[73.28875,30.85931],[73.28477,30.86067],[73.28568,30.86479],[73.30078,30.8801],[73.29972,30.88601],[73.297,30.8862],[73.28001,30.87896],[73.27603,30.88058],[73.2706,30.88574],[73.26818,30.89619],[73.27018,30.93001],[73.26752,30.93864],[73.25563,30.93658],[73.24562,30.93181],[73.23772,30.93013],[73.23473,30.92696],[73.23378,30.92068],[73.22958,30.91608],[73.22709,30.91011],[73.22368,30.90971],[73.2221,30.91184],[73.21964,30.91219],[73.2145,30.90659],[73.20607,30.90894],[73.20643,30.91661],[73.20345,30.92253],[73.19641,30.92527],[73.19023,30.9228],[73.18735,30.91482],[73.18945,30.91287],[73.19378,30.91213],[73.19692,30.9017],[73.19203,30.89943],[73.18177,30.90204],[73.17732,30.90129],[73.1734,30.89868],[73.17304,30.88702],[73.17503,30.88547],[73.18442,30.8837],[73.18633,30.87994],[73.18423,30.87675],[73.17647,30.87522],[73.17405,30.86774],[73.17893,30.86641],[73.18534,30.86827],[73.18973,30.86789],[73.19024,30.86647],[73.18959,30.86381],[73.17859,30.85902],[73.18022,30.84959],[73.17592,30.84226],[73.16918,30.84077],[73.16698,30.84246],[73.16545,30.84822],[73.16127,30.84633],[73.15918,30.84693],[73.15942,30.86751],[73.13932,30.86731],[73.1355,30.87035],[73.13311,30.87011],[73.1266,30.86265],[73.12602,30.85928],[73.12648,30.85765],[73.13556,30.85255],[73.14018,30.83121],[73.13927,30.82945],[73.13625,30.82902],[73.13254,30.83128],[73.12996,30.83104],[73.12685,30.82069],[73.12074,30.81869],[73.11934,30.81461],[73.11568,30.81173],[73.10821,30.81329],[73.10423,30.80733],[73.10099,30.80682],[73.09947,30.80715],[73.09764,30.81506],[73.09555,30.81544],[73.09233,30.80809],[73.09148,30.80083],[73.08381,30.79799],[73.07187,30.79624],[73.06923,30.79636],[73.06656,30.79869],[73.0671,30.80853],[73.06235,30.80746],[73.05963,30.80944],[73.05453,30.8087],[73.04893,30.805],[73.04555,30.79751],[73.03948,30.79677],[73.03528,30.79432],[73.03622,30.7905],[73.03956,30.78688],[73.03556,30.78021],[73.02583,30.78016],[73.01524,30.77191],[73.00863,30.77436],[73.00933,30.78066],[73.01876,30.80149],[73.01761,30.80345],[73.01484,30.80383],[73.00388,30.80234],[73.00185,30.79957],[73.00664,30.79492],[73.00212,30.77377],[73.00303,30.76228],[72.99434,30.76025],[72.98821,30.76093],[72.98609,30.76317],[72.99071,30.782],[72.98916,30.78484],[72.98569,30.78551],[72.98274,30.78245],[72.9807,30.77172],[72.97828,30.76864],[72.97455,30.76849],[72.97381,30.77573],[72.97266,30.77775],[72.97009,30.7783],[72.9673,30.77448],[72.96846,30.76867],[72.96221,30.76191],[72.94182,30.75489],[72.93938,30.75013],[72.93836,30.74178],[72.93375,30.74119],[72.92949,30.73822],[72.92397,30.74306],[72.9216,30.74309],[72.91881,30.73764],[72.91988,30.73016],[72.93599,30.72749],[72.93793,30.72165],[72.9347,30.71794],[72.92881,30.71493],[72.92847,30.69487],[72.91477,30.69471],[72.91453,30.68642],[72.91632,30.68123],[72.91375,30.67603],[72.9063,30.67487],[72.89527,30.6766],[72.88991,30.67887],[72.89329,30.68212],[72.87703,30.68345],[72.87523,30.69116],[72.87302,30.694],[72.86102,30.68905],[72.8567,30.7021],[72.85271,30.70235],[72.84775,30.6996],[72.84686,30.69693],[72.84962,30.68912],[72.84648,30.68941],[72.84489,30.68804],[72.84209,30.68148],[72.83367,30.68233],[72.82938,30.68483],[72.82778,30.69404],[72.82531,30.69667],[72.81843,30.69422],[72.8173,30.68816],[72.81912,30.6839],[72.80693,30.68503],[72.81294,30.68268],[72.81126,30.68072],[72.80384,30.68141],[72.79845,30.68427],[72.78343,30.68016],[72.78408,30.67827],[72.78234,30.67646],[72.77169,30.68401],[72.76373,30.68355],[72.759,30.68149],[72.75554,30.67295],[72.75148,30.66951],[72.75195,30.66538],[72.75694,30.66742],[72.76664,30.66084],[72.77111,30.66025],[72.78834,30.66438],[72.78927,30.66202],[72.78775,30.65803],[72.785,30.65597],[72.77409,30.65414],[72.77191,30.65238],[72.76898,30.64132],[72.77219,30.64185],[72.77672,30.64623],[72.77944,30.64621],[72.78165,30.64278],[72.78177,30.63514],[72.77286,30.62995],[72.76324,30.62878],[72.76027,30.62709],[72.76073,30.62316],[72.76487,30.62118],[72.76549,30.61924],[72.76455,30.61398],[72.75899,30.60264],[72.75664,30.60079],[72.75231,30.60041],[72.72915,30.60332],[72.7264,30.60241],[72.72556,30.598],[72.7276,30.59452],[72.74038,30.59234],[72.74286,30.58963],[72.74094,30.58515],[72.73707,30.58228],[72.73307,30.58217],[72.72689,30.58775],[72.71898,30.58071],[72.71481,30.57894],[72.70888,30.57844],[72.68715,30.58151],[72.67028,30.57528],[72.66195,30.57396],[72.66039,30.57501],[72.66039,30.57839],[72.66444,30.58563],[72.66451,30.59026],[72.66069,30.59263],[72.65619,30.59059],[72.64997,30.57612],[72.64591,30.57402],[72.64067,30.57488],[72.63672,30.57912],[72.62185,30.57678],[72.60121,30.57692],[72.59037,30.58129],[72.58662,30.58733],[72.58756,30.5896],[72.59174,30.59095],[72.60262,30.58742],[72.60648,30.5879],[72.60741,30.58946],[72.60456,30.59336],[72.5966,30.59715],[72.58954,30.59595],[72.58635,30.5968],[72.58648,30.60658],[72.57672,30.61166],[72.57228,30.61598],[72.56584,30.6127],[72.56012,30.59933],[72.55683,30.59719],[72.55293,30.59776],[72.55263,30.60417],[72.55902,30.6124],[72.55999,30.61628],[72.55777,30.61811],[72.55135,30.61815],[72.54227,30.61664],[72.53239,30.6112],[72.53391,30.60822],[72.54385,30.61114],[72.548,30.61063],[72.54395,30.59898],[72.53952,30.59826],[72.5201,30.60611],[72.51573,30.6024],[72.5164,30.59939],[72.5254,30.59415],[72.5244,30.58571],[72.51827,30.58086],[72.49722,30.57809],[72.49456,30.56272],[72.5017,30.55271],[72.50094,30.54946],[72.49274,30.54453],[72.47933,30.54143],[72.47669,30.53717],[72.4793,30.5285],[72.47878,30.51816],[72.48157,30.51398],[72.48119,30.50969],[72.48307,30.50444],[72.48199,30.49882],[72.46838,30.47659],[72.45114,30.45889],[72.43901,30.44131],[72.43743,30.42346],[72.44036,30.40841],[72.43818,30.38968],[72.43903,30.37656],[72.43282,30.36355],[72.42431,30.3516],[72.4197,30.33527],[72.41765,30.3324],[72.40313,30.32359],[72.40225,30.30492],[72.39448,30.29748],[72.3938,30.2876],[72.40208,30.27897],[72.40245,30.26259],[72.39774,30.2407],[72.39944,30.23147],[72.39882,30.218],[72.4042,30.21628],[72.40767,30.21155],[72.40652,30.20738],[72.39641,30.19343],[72.39794,30.18746],[72.4027,30.18474],[72.41757,30.18229],[72.44297,30.18037],[72.44538,30.17929],[72.44611,30.17694],[72.44241,30.17272],[72.44135,30.17014],[72.44265,30.1685],[72.46173,30.16242],[72.46488,30.16452],[72.47102,30.17315],[72.4813,30.17278],[72.48391,30.17579],[72.48506,30.18049],[72.48602,30.19575],[72.49089,30.2012],[72.50568,30.21116],[72.50865,30.21914],[72.5136,30.22087],[72.51477,30.22263],[72.51294,30.22576],[72.50455,30.22809],[72.50576,30.2303],[72.51321,30.2334],[72.5165,30.2393],[72.51558,30.257],[72.51741,30.26237],[72.52279,30.26403],[72.53198,30.26076],[72.53396,30.26746],[72.54134,30.27075],[72.54286,30.26419],[72.54634,30.26274],[72.55456,30.26869],[72.57335,30.26627],[72.57444,30.26387],[72.5731,30.25862],[72.5783,30.24957],[72.57812,30.2478],[72.57364,30.24822],[72.57217,30.24583],[72.58026,30.23785],[72.58026,30.23088],[72.58291,30.22883],[72.58688,30.22896],[72.59031,30.23044],[72.58823,30.23938],[72.58955,30.24086],[72.59316,30.24079],[72.59688,30.23695],[72.60078,30.23635],[72.60239,30.23938],[72.60031,30.24421],[72.60246,30.24865],[72.60745,30.25258],[72.6185,30.25256],[72.62169,30.25392],[72.62184,30.25656],[72.61807,30.25819],[72.61825,30.25944],[72.6288,30.26527],[72.62888,30.26776],[72.62316,30.26978],[72.62778,30.27436],[72.62782,30.27666],[72.62419,30.27912],[72.62438,30.28432],[72.62673,30.28471],[72.6294,30.28296],[72.63804,30.28419],[72.63645,30.28942],[72.6425,30.29144],[72.64373,30.29394],[72.64164,30.30024],[72.647,30.30099],[72.65108,30.30434],[72.64887,30.31334],[72.6542,30.31402],[72.66069,30.3097],[72.6651,30.30906],[72.67025,30.31641],[72.67014,30.32412],[72.67273,30.32795],[72.67744,30.32756],[72.68747,30.31863],[72.68484,30.30412],[72.69516,30.30066],[72.70198,30.29406],[72.70464,30.29413],[72.71293,30.30286],[72.71999,30.31371],[72.7188,30.33084],[72.72851,30.33864],[72.73231,30.3398],[72.73573,30.33897],[72.7422,30.32749],[72.74534,30.32601],[72.7597,30.32795],[72.7657,30.32473],[72.77287,30.32487],[72.77838,30.32794],[72.77613,30.33636],[72.78094,30.34014],[72.78523,30.34034],[72.78771,30.3339],[72.79146,30.33184],[72.79593,30.3358],[72.79444,30.34605],[72.8091,30.34671],[72.81034,30.35276],[72.80864,30.35914],[72.80428,30.35544],[72.80172,30.35532],[72.79972,30.35737],[72.8033,30.36694],[72.81216,30.37023],[72.82278,30.36741],[72.8268,30.37106],[72.84016,30.37044],[72.84425,30.37357],[72.84448,30.38123],[72.83644,30.38032],[72.83429,30.38202],[72.83434,30.39046],[72.82806,30.39908],[72.82913,30.40284],[72.83225,30.40404],[72.83702,30.40353],[72.84348,30.39917],[72.84612,30.4],[72.85082,30.40629],[72.85549,30.40692],[72.85761,30.40549],[72.86031,30.39944],[72.86345,30.39801],[72.86768,30.39833],[72.87206,30.4015],[72.87685,30.39977],[72.88177,30.39225],[72.88492,30.3926],[72.88972,30.39589],[72.89235,30.39202],[72.89918,30.39257],[72.90162,30.39597],[72.9003,30.39978],[72.88196,30.40493],[72.88198,30.41173],[72.8867,30.41331],[72.88963,30.40704],[72.89694,30.40692],[72.89998,30.40935],[72.8973,30.41767],[72.89864,30.42236],[72.90574,30.42345],[72.90997,30.41939],[72.92587,30.42535],[72.93199,30.42274],[72.93531,30.42913],[72.93429,30.43088],[72.93083,30.4317],[72.93066,30.43327],[72.93553,30.43626],[72.94254,30.4377],[72.94383,30.43641],[72.94046,30.41978],[72.94256,30.41768],[72.94962,30.41819],[72.94885,30.42841],[72.95601,30.432],[72.96033,30.436],[72.96741,30.43765],[72.96649,30.44017],[72.95515,30.44222],[72.95508,30.44875],[72.95776,30.45289],[72.96192,30.45506],[72.96377,30.45464],[72.96238,30.44867],[72.97252,30.44221],[72.98199,30.42382],[72.99663,30.41931],[72.99694,30.41729],[72.99411,30.4156],[72.99374,30.4136],[72.99683,30.4059],[73.00028,30.40375],[73.01082,30.40173],[73.01332,30.40423],[73.0128,30.40667],[73.00772,30.41166],[73.00785,30.41987],[73.0126,30.41892],[73.02376,30.41043],[73.02805,30.40868],[73.03383,30.40887],[73.03489,30.41424],[73.02867,30.42418],[73.03157,30.42779],[73.03745,30.42757],[73.04279,30.41353],[73.0495,30.41226],[73.05235,30.40774],[73.05505,30.40679],[73.0575,30.4098],[73.05756,30.41676],[73.06018,30.41902],[73.06809,30.41812],[73.07233,30.42315],[73.07178,30.43381],[73.07893,30.4417],[73.0785,30.44423],[73.07056,30.44695],[73.0753,30.45935],[73.07935,30.46014],[73.08173,30.45865],[73.08109,30.45349],[73.08687,30.45185],[73.09251,30.44262],[73.09592,30.44229],[73.10134,30.44645],[73.10185,30.44903],[73.09866,30.45414],[73.09992,30.45567],[73.10407,30.45629],[73.10528,30.46002],[73.10271,30.46193],[73.08916,30.4632],[73.08642,30.46582],[73.08725,30.46757],[73.09082,30.46941],[73.1005,30.46864],[73.11799,30.47356],[73.13165,30.47118],[73.13505,30.47195],[73.13931,30.47439],[73.13943,30.47836],[73.1275,30.47752],[73.12446,30.47921],[73.12684,30.48234],[73.13154,30.48448],[73.16248,30.48133],[73.16565,30.48352],[73.17382,30.48562],[73.17923,30.49196],[73.20311,30.49614],[73.20539,30.49901],[73.20635,30.50591],[73.20468,30.50723],[73.19649,30.50346],[73.19107,30.50359],[73.1887,30.50671],[73.18808,30.51882],[73.18133,30.5208],[73.18081,30.52212],[73.1844,30.52559],[73.18906,30.52683],[73.19546,30.52166],[73.20495,30.52524],[73.2106,30.51883],[73.2145,30.51855],[73.21828,30.52105],[73.21373,30.52906],[73.21499,30.53338],[73.21866,30.53403],[73.22396,30.53091],[73.23028,30.53057],[73.23311,30.52595],[73.23677,30.52801],[73.23554,30.53297],[73.2298,30.53902],[73.23192,30.54201],[73.23556,30.54269],[73.24096,30.54111],[73.24412,30.5359],[73.24702,30.53429],[73.25716,30.53599],[73.26722,30.53448],[73.27228,30.53609],[73.28362,30.5331],[73.28489,30.52956],[73.28103,30.52346],[73.29213,30.51778],[73.29345,30.52135],[73.29054,30.52874],[73.2921,30.53177],[73.30028,30.53932],[73.30458,30.54092]]]},"properties":{"district":"Sahiwal","province":"Punjab","pcode":"PK631","pop_2023":2881811,"area_km2":3228.7}},{"type":"Feature","geometry":{"type":"Polygon","coordinates":[[[73.19456,32.57455],[73.17593,32.57717],[73.14277,32.5753],[73.09786,32.57054],[73.08555,32.57658],[73.07677,32.57411],[73.02983,32.55183],[73.00738,32.5503],[72.99752,32.55285],[72.98867,32.55285],[72.97813,32.55047],[72.95874,32.53891],[72.95041,32.5321],[72.93799,32.52581],[72.92915,32.52292],[72.91894,32.52377],[72.91265,32.5219],[72.90057,32.51356],[72.89122,32.50914],[72.87829,32.50625],[72.87557,32.50387],[72.86518,32.47784],[72.85607,32.46768],[72.84832,32.46283],[72.82912,32.45739],[72.79375,32.44183],[72.76317,32.43829],[72.75662,32.43564],[72.74937,32.42927],[72.7393,32.42627],[72.73116,32.41919],[72.72533,32.41743],[72.70393,32.41743],[72.67458,32.42344],[72.66018,32.42399],[72.66308,32.41197],[72.66994,32.39578],[72.66249,32.39571],[72.64762,32.39874],[72.63686,32.39334],[72.62392,32.39109],[72.60902,32.38042],[72.59443,32.37662],[72.58642,32.37252],[72.57885,32.37105],[72.57109,32.37494],[72.55401,32.36892],[72.54581,32.35783],[72.52848,32.34843],[72.51352,32.33518],[72.49451,32.32964],[72.47852,32.31901],[72.47505,32.31413],[72.47446,32.30941],[72.46936,32.30409],[72.46718,32.29731],[72.4543,32.29633],[72.44686,32.29274],[72.44022,32.2947],[72.43202,32.28861],[72.43068,32.28292],[72.41716,32.27956],[72.41294,32.27721],[72.39686,32.25791],[72.38884,32.25476],[72.37636,32.25567],[72.37029,32.25403],[72.36147,32.2438],[72.35047,32.23716],[72.34382,32.23024],[72.34127,32.20003],[72.32987,32.17747],[72.32359,32.15944],[72.32446,32.15036],[72.33039,32.13001],[72.32982,32.11839],[72.32497,32.11038],[72.32372,32.10375],[72.32563,32.0834],[72.32271,32.07507],[72.32277,32.06988],[72.3266,32.0613],[72.322,32.05444],[72.32063,32.04814],[72.31148,32.04061],[72.30826,32.02657],[72.30543,32.02491],[72.29292,32.02347],[72.29062,32.02126],[72.29014,32.01694],[72.29381,32.01136],[72.29163,32.00777],[72.28349,32.00849],[72.2749,32.00646],[72.26866,32.00264],[72.25866,32.00432],[72.25129,31.99669],[72.25184,31.98063],[72.25303,31.97888],[72.2617,31.97644],[72.26909,31.97238],[72.26982,31.9686],[72.25981,31.94304],[72.25913,31.92462],[72.25684,31.92161],[72.25072,31.92055],[72.25051,31.91707],[72.25167,31.91433],[72.25984,31.91111],[72.26324,31.89845],[72.27085,31.88915],[72.27231,31.87795],[72.27628,31.87437],[72.28322,31.87346],[72.28529,31.86465],[72.28051,31.85848],[72.28145,31.85206],[72.27925,31.85025],[72.27463,31.84997],[72.26555,31.85592],[72.25539,31.85818],[72.25218,31.85731],[72.25479,31.8431],[72.2542,31.83778],[72.2638,31.83091],[72.26294,31.82442],[72.2662,31.81811],[72.26561,31.81499],[72.26321,31.81335],[72.26032,31.80745],[72.24723,31.809],[72.24128,31.80782],[72.2455,31.80104],[72.24366,31.799],[72.23299,31.7954],[72.23173,31.7888],[72.23571,31.78691],[72.23503,31.78305],[72.22493,31.77789],[72.22265,31.77034],[72.21156,31.7592],[72.22412,31.75658],[72.24592,31.74693],[72.24793,31.74744],[72.25939,31.76242],[72.26897,31.7656],[72.2757,31.76385],[72.28158,31.76026],[72.30739,31.75131],[72.31202,31.74668],[72.32121,31.74287],[72.32982,31.7362],[72.33201,31.7318],[72.3419,31.72921],[72.35844,31.71335],[72.35759,31.70895],[72.34498,31.69633],[72.34381,31.69268],[72.33356,31.68582],[72.33089,31.68059],[72.3347,31.67665],[72.33072,31.67123],[72.32344,31.66934],[72.31914,31.67242],[72.31695,31.67707],[72.31264,31.68067],[72.30885,31.68261],[72.30412,31.6811],[72.30208,31.67731],[72.30385,31.67033],[72.30216,31.6686],[72.30681,31.66215],[72.30804,31.65545],[72.30709,31.64937],[72.287,31.63807],[72.26985,31.62542],[72.25876,31.61439],[72.2571,31.60345],[72.24954,31.60051],[72.24264,31.59472],[72.24368,31.5859],[72.25107,31.57922],[72.25327,31.57404],[72.25179,31.57169],[72.24136,31.56649],[72.24163,31.56092],[72.24698,31.56103],[72.25817,31.56581],[72.26415,31.56504],[72.27169,31.56078],[72.27745,31.56188],[72.2809,31.56469],[72.28214,31.57409],[72.28803,31.5874],[72.30075,31.5904],[72.30752,31.59583],[72.32849,31.60653],[72.33449,31.61205],[72.34455,31.61033],[72.36878,31.62364],[72.37373,31.62929],[72.36884,31.64814],[72.36916,31.65311],[72.37376,31.65713],[72.38023,31.65918],[72.39314,31.65599],[72.40537,31.6561],[72.42755,31.66228],[72.43451,31.66267],[72.46307,31.6658],[72.47879,31.67373],[72.48348,31.68321],[72.50541,31.68735],[72.5056,31.69207],[72.50151,31.70072],[72.50407,31.70265],[72.51631,31.70156],[72.51989,31.70431],[72.52094,31.70981],[72.51712,31.72121],[72.51866,31.72718],[72.52445,31.73197],[72.53465,31.73572],[72.54157,31.73409],[72.54599,31.73028],[72.55041,31.73126],[72.55331,31.73686],[72.55956,31.74027],[72.55545,31.74998],[72.55565,31.7539],[72.55791,31.7594],[72.56262,31.76331],[72.56856,31.76556],[72.59146,31.76607],[72.59527,31.76696],[72.59972,31.77188],[72.60257,31.77273],[72.6359,31.77573],[72.65898,31.78265],[72.66315,31.78262],[72.67353,31.77772],[72.67889,31.77792],[72.69782,31.79197],[72.70996,31.79867],[72.71564,31.80586],[72.72163,31.80565],[72.73313,31.80021],[72.73684,31.80079],[72.74369,31.81308],[72.75626,31.8207],[72.76879,31.82465],[72.78072,31.83397],[72.78686,31.83595],[72.796,31.83596],[72.80216,31.83924],[72.81,31.83986],[72.81279,31.84172],[72.8218,31.84128],[72.8393,31.83152],[72.84293,31.82578],[72.84666,31.82628],[72.85245,31.83011],[72.85021,31.83381],[72.85126,31.83683],[72.84804,31.83979],[72.85523,31.84738],[72.85285,31.85377],[72.8542,31.85785],[72.85599,31.85942],[72.86257,31.85997],[72.86681,31.86506],[72.88668,31.87301],[72.89531,31.87376],[72.89848,31.86865],[72.8965,31.86268],[72.89917,31.86008],[72.90027,31.85598],[72.90579,31.85338],[72.90506,31.84957],[72.90891,31.84724],[72.90878,31.84239],[72.9146,31.84348],[72.92452,31.84836],[72.94954,31.8515],[72.95259,31.85107],[72.9556,31.8476],[72.95612,31.83827],[72.95876,31.83548],[72.96272,31.83651],[72.96744,31.84143],[72.97835,31.84106],[72.98274,31.8426],[72.9846,31.84577],[72.97585,31.84924],[72.9765,31.85507],[72.97389,31.85943],[72.9757,31.86134],[72.9845,31.86405],[72.98462,31.87034],[72.98279,31.87243],[72.97822,31.87363],[72.97508,31.88106],[72.97215,31.8825],[72.96147,31.88174],[72.95191,31.8846],[72.94544,31.88889],[72.94223,31.89472],[72.9375,31.89122],[72.92826,31.88796],[72.92588,31.88841],[72.91846,31.89423],[72.91094,31.8966],[72.9062,31.89996],[72.89569,31.91006],[72.89498,31.91238],[72.89736,31.917],[72.89307,31.92036],[72.89421,31.92314],[72.90262,31.92341],[72.90708,31.92786],[72.91487,31.9225],[72.92139,31.92007],[72.92417,31.92134],[72.9266,31.92499],[72.92816,31.93317],[72.93482,31.93511],[72.93699,31.93754],[72.9425,31.93687],[72.9513,31.93269],[72.95893,31.92669],[72.96294,31.92607],[72.96347,31.93412],[72.94773,31.93896],[72.94356,31.94149],[72.94109,31.94538],[72.94108,31.95265],[72.94472,31.95896],[72.94345,31.97164],[72.94444,31.97559],[72.94747,31.97708],[72.95945,31.9759],[72.96115,31.96455],[72.96959,31.95821],[72.97503,31.95702],[72.98579,31.95738],[72.99579,31.96569],[73.00688,31.95586],[73.01193,31.95394],[73.01943,31.95382],[73.03371,31.94852],[73.04863,31.93395],[73.05302,31.93215],[73.07114,31.93225],[73.07455,31.92915],[73.08575,31.92667],[73.10214,31.92738],[73.11244,31.93008],[73.12142,31.92229],[73.12795,31.92197],[73.13407,31.91915],[73.13897,31.91966],[73.14422,31.91673],[73.15584,31.9137],[73.15925,31.91045],[73.16113,31.89601],[73.16694,31.8913],[73.17417,31.89616],[73.17989,31.90272],[73.18071,31.91693],[73.19044,31.9374],[73.18745,31.94666],[73.19259,31.95157],[73.19891,31.96486],[73.22284,31.98221],[73.23124,31.99168],[73.23542,31.99948],[73.23679,32.00733],[73.23595,32.01754],[73.23325,32.0225],[73.2268,32.02526],[73.2271,32.0284],[73.23506,32.03457],[73.24927,32.03868],[73.25029,32.04516],[73.26127,32.05571],[73.25527,32.06979],[73.25641,32.07178],[73.26125,32.07389],[73.26139,32.08249],[73.26961,32.09191],[73.28103,32.09753],[73.28461,32.10279],[73.30407,32.11183],[73.30604,32.11379],[73.30803,32.12211],[73.29955,32.12933],[73.29325,32.14137],[73.27912,32.15287],[73.2773,32.16406],[73.27575,32.16584],[73.25768,32.16932],[73.2503,32.17529],[73.24868,32.18531],[73.25303,32.20025],[73.25305,32.20791],[73.24437,32.21705],[73.24156,32.22661],[73.23531,32.22884],[73.23283,32.23131],[73.2362,32.24749],[73.233,32.25104],[73.22525,32.25431],[73.22511,32.26227],[73.2234,32.26535],[73.21778,32.26513],[73.215,32.26039],[73.20934,32.25725],[73.20482,32.24671],[73.19373,32.2381],[73.18864,32.23779],[73.17277,32.24202],[73.16427,32.23873],[73.15767,32.23819],[73.15481,32.24053],[73.15086,32.25471],[73.14529,32.26662],[73.13834,32.27759],[73.13281,32.28248],[73.13248,32.28913],[73.13645,32.29627],[73.13436,32.30024],[73.12682,32.30037],[73.10311,32.28763],[73.09312,32.28465],[73.08628,32.28658],[73.08341,32.29567],[73.08108,32.2965],[73.07378,32.29529],[73.06882,32.29817],[73.06892,32.30139],[73.07399,32.3048],[73.07621,32.3101],[73.09334,32.3157],[73.09636,32.32347],[73.10647,32.33594],[73.10773,32.34476],[73.10136,32.35175],[73.09977,32.36479],[73.09485,32.36894],[73.09081,32.37912],[73.08102,32.3861],[73.08071,32.39497],[73.0698,32.40223],[73.04972,32.40795],[73.04747,32.41205],[73.04764,32.42853],[73.05276,32.43349],[73.06341,32.43543],[73.07262,32.43987],[73.07408,32.45178],[73.07718,32.45527],[73.0893,32.45535],[73.12074,32.4599],[73.14215,32.45803],[73.15509,32.46149],[73.16407,32.46825],[73.16835,32.47898],[73.16836,32.48761],[73.16617,32.48957],[73.15415,32.4918],[73.15363,32.49642],[73.17064,32.50378],[73.17936,32.51205],[73.1901,32.51623],[73.19346,32.52257],[73.20088,32.5265],[73.20142,32.53102],[73.19581,32.55495],[73.19456,32.57455]]]},"properties":{"district":"Sargodha","province":"Punjab","pcode":"PK632","pop_2023":4334448,"area_km2":5845.9}},{"type":"Feature","geometry":{"type":"Polygon","coordinates":[[[74.69378,31.9188],[74.69113,31.93655],[74.67849,31.93848],[74.67441,31.95001],[74.66112,31.96123],[74.65919,31.96995],[74.65618,31.97077],[74.64451,31.96933],[74.64147,31.97089],[74.63851,31.98062],[74.62988,31.98688],[74.62394,32.00564],[74.61675,32.00954],[74.6103,32.02276],[74.59778,32.02983],[74.59417,32.04061],[74.593,32.05095],[74.58804,32.06025],[74.5804,32.06223],[74.57245,32.06044],[74.56539,32.05493],[74.5588,32.04472],[74.5454,32.03335],[74.52374,32.02259],[74.52106,32.01849],[74.51951,32.00851],[74.51585,32.00582],[74.51066,32.00438],[74.49166,32.00568],[74.47549,32.00114],[74.47241,31.99555],[74.47637,31.98547],[74.46928,31.97008],[74.46371,31.96647],[74.45165,31.9675],[74.43999,31.96353],[74.43417,31.95689],[74.43616,31.95414],[74.42319,31.9464],[74.39991,31.9218],[74.3975,31.91551],[74.39263,31.914],[74.38241,31.91397],[74.37803,31.91165],[74.37316,31.9062],[74.36897,31.90495],[74.36669,31.89849],[74.35826,31.88871],[74.35391,31.88696],[74.33397,31.88693],[74.3192,31.89684],[74.3133,31.89793],[74.30901,31.89561],[74.30141,31.88519],[74.29773,31.88323],[74.29136,31.88575],[74.27762,31.88434],[74.27043,31.88881],[74.26516,31.89011],[74.25052,31.88457],[74.23946,31.88306],[74.22896,31.88363],[74.21931,31.8878],[74.20804,31.88648],[74.20076,31.88186],[74.19171,31.87189],[74.19568,31.86287],[74.19387,31.85797],[74.1892,31.85394],[74.18634,31.85237],[74.17945,31.85192],[74.16843,31.85412],[74.16432,31.85343],[74.16152,31.83959],[74.1598,31.83784],[74.14367,31.83214],[74.13623,31.82376],[74.13087,31.82087],[74.11558,31.82101],[74.09699,31.82479],[74.09296,31.82191],[74.0833,31.82355],[74.07534,31.82092],[74.06265,31.8272],[74.05534,31.82791],[74.04704,31.83752],[74.04161,31.84062],[74.03772,31.841],[74.02953,31.84028],[74.02961,31.8347],[74.02606,31.83229],[74.0177,31.83295],[74.00014,31.83082],[73.98223,31.83141],[73.97728,31.83419],[73.97864,31.8527],[73.97821,31.8546],[73.97584,31.85495],[73.95567,31.85102],[73.95041,31.84079],[73.94449,31.83551],[73.93775,31.83968],[73.91743,31.84433],[73.89611,31.84258],[73.88382,31.85223],[73.87806,31.85134],[73.88237,31.86818],[73.88199,31.87629],[73.86998,31.89056],[73.85159,31.9048],[73.84823,31.91227],[73.86046,31.91739],[73.86435,31.92175],[73.87588,31.92967],[73.87978,31.93707],[73.88059,31.94402],[73.88353,31.94769],[73.88268,31.94936],[73.87229,31.94513],[73.85848,31.95328],[73.8372,31.95574],[73.83079,31.95776],[73.82009,31.973],[73.80561,31.98445],[73.79316,31.97525],[73.77808,31.9692],[73.76763,31.96284],[73.75417,31.94604],[73.75187,31.93932],[73.74341,31.93621],[73.73845,31.92279],[73.73233,31.91989],[73.72042,31.92354],[73.71264,31.90656],[73.70681,31.90113],[73.69763,31.89746],[73.69131,31.89234],[73.68235,31.89034],[73.66841,31.89216],[73.65637,31.89134],[73.65151,31.88772],[73.64531,31.8763],[73.64084,31.87739],[73.63549,31.88173],[73.61748,31.87937],[73.61199,31.87728],[73.60995,31.87375],[73.60391,31.87055],[73.59805,31.86929],[73.59281,31.87046],[73.57483,31.88381],[73.56885,31.88408],[73.5622,31.87691],[73.55738,31.87493],[73.56174,31.86745],[73.55937,31.85492],[73.55449,31.84258],[73.54454,31.83557],[73.53867,31.82524],[73.52927,31.8216],[73.51804,31.8101],[73.49108,31.82333],[73.48518,31.82949],[73.48873,31.82187],[73.48758,31.80775],[73.49407,31.7984],[73.47401,31.78125],[73.47005,31.77603],[73.47058,31.75884],[73.47943,31.74684],[73.48399,31.7309],[73.49349,31.70961],[73.49314,31.70691],[73.49067,31.70296],[73.48706,31.70219],[73.4734,31.70439],[73.46767,31.70406],[73.46816,31.7023],[73.47532,31.69455],[73.48278,31.69006],[73.48674,31.68902],[73.49411,31.69401],[73.49777,31.6929],[73.51096,31.68176],[73.51382,31.68087],[73.52172,31.6814],[73.53257,31.6918],[73.53759,31.68569],[73.54568,31.68526],[73.55561,31.68178],[73.55013,31.66433],[73.52255,31.64792],[73.52034,31.6398],[73.53487,31.63948],[73.55293,31.63434],[73.56032,31.65849],[73.57902,31.69753],[73.58533,31.70384],[73.58995,31.71356],[73.59218,31.71088],[73.59953,31.71035],[73.62052,31.7038],[73.62619,31.70481],[73.62891,31.70232],[73.62907,31.69644],[73.62646,31.68805],[73.62401,31.68723],[73.60665,31.68906],[73.60108,31.68208],[73.60293,31.67622],[73.60545,31.67477],[73.61235,31.67511],[73.63368,31.65672],[73.66902,31.61167],[73.65121,31.60067],[73.64197,31.59139],[73.632,31.57398],[73.6259,31.55442],[73.63004,31.52953],[73.63745,31.51657],[73.65148,31.50317],[73.65901,31.49007],[73.66221,31.49234],[73.66319,31.50584],[73.67322,31.51738],[73.67865,31.52086],[73.6911,31.52163],[73.7234,31.53863],[73.72927,31.53901],[73.73746,31.53493],[73.74385,31.53386],[73.74657,31.53647],[73.74848,31.54174],[73.74716,31.54477],[73.73868,31.54533],[73.72736,31.5491],[73.72386,31.55259],[73.7229,31.5572],[73.7277,31.56551],[73.75795,31.58501],[73.76869,31.58858],[73.77969,31.58794],[73.81686,31.57285],[73.83108,31.56872],[73.83889,31.56858],[73.86706,31.5742],[73.87934,31.57423],[73.88877,31.57242],[73.90393,31.57574],[73.91397,31.59499],[73.91837,31.59863],[73.92762,31.5984],[73.93011,31.59516],[73.92893,31.5824],[73.93023,31.5777],[73.93337,31.57489],[73.94329,31.57324],[73.94911,31.55785],[73.95377,31.55349],[73.96116,31.55349],[73.98705,31.56107],[73.99548,31.56077],[73.99139,31.55505],[73.99047,31.53463],[73.9868,31.52342],[73.98121,31.51997],[73.97059,31.51735],[73.96099,31.50896],[73.95273,31.50631],[73.94157,31.49072],[73.94396,31.48254],[73.94295,31.47493],[73.95087,31.46657],[73.9538,31.46661],[73.95804,31.4705],[73.96135,31.47111],[73.97435,31.47225],[73.98369,31.47139],[73.9905,31.46718],[73.99823,31.45241],[74.00013,31.45137],[74.01213,31.45033],[74.0186,31.45384],[74.02201,31.45373],[74.02344,31.45206],[74.03086,31.43727],[74.03199,31.4291],[74.02993,31.42153],[74.02433,31.41722],[74.02178,31.41361],[74.02177,31.41027],[74.02501,31.40654],[74.03222,31.40571],[74.03811,31.40148],[74.0308,31.39078],[74.03141,31.38346],[74.02525,31.3806],[74.01865,31.37231],[74.03762,31.36541],[74.05925,31.37212],[74.07166,31.3729],[74.07383,31.37602],[74.07239,31.3866],[74.08011,31.39259],[74.08458,31.40324],[74.08212,31.40575],[74.07186,31.40432],[74.06942,31.4072],[74.06964,31.41009],[74.07277,31.41435],[74.07311,31.4178],[74.07807,31.42112],[74.07864,31.42593],[74.08533,31.42802],[74.09463,31.44423],[74.09946,31.44621],[74.11391,31.44724],[74.12215,31.45198],[74.1247,31.45172],[74.12315,31.44135],[74.12713,31.43362],[74.12397,31.43236],[74.12023,31.43587],[74.11787,31.43148],[74.11858,31.42918],[74.12316,31.42565],[74.12949,31.42527],[74.13408,31.42898],[74.13722,31.42918],[74.13708,31.4399],[74.14073,31.4421],[74.14738,31.45488],[74.16498,31.45918],[74.16931,31.46433],[74.17549,31.46696],[74.17868,31.47025],[74.18072,31.47487],[74.17574,31.47702],[74.17362,31.47964],[74.18083,31.48894],[74.18337,31.49969],[74.17804,31.50523],[74.17771,31.51059],[74.17956,31.5119],[74.18886,31.51143],[74.19318,31.51344],[74.19574,31.51632],[74.19577,31.52459],[74.20218,31.52858],[74.19864,31.53394],[74.19909,31.5356],[74.20596,31.53709],[74.21014,31.5396],[74.21483,31.54834],[74.2144,31.55158],[74.22289,31.5545],[74.22622,31.56012],[74.2316,31.5602],[74.23395,31.5644],[74.24145,31.56301],[74.24563,31.56969],[74.24539,31.57426],[74.24133,31.58196],[74.24221,31.58523],[74.24806,31.59234],[74.24811,31.59539],[74.23659,31.61354],[74.2382,31.61496],[74.25316,31.61328],[74.25555,31.61482],[74.25703,31.62273],[74.26653,31.6295],[74.26378,31.63706],[74.26471,31.64007],[74.27221,31.64392],[74.27991,31.65154],[74.28256,31.6597],[74.29266,31.66852],[74.29786,31.66908],[74.30405,31.67373],[74.31061,31.67175],[74.31599,31.66543],[74.31807,31.64885],[74.3205,31.64662],[74.33125,31.64522],[74.3356,31.64792],[74.33961,31.65636],[74.34726,31.66034],[74.34726,31.66408],[74.34096,31.66616],[74.34166,31.6682],[74.34923,31.67151],[74.35083,31.6607],[74.35382,31.65993],[74.35789,31.664],[74.36131,31.66501],[74.3626,31.66902],[74.36683,31.67017],[74.36915,31.6727],[74.37111,31.66928],[74.37867,31.66358],[74.38039,31.65677],[74.3845,31.65491],[74.39093,31.65499],[74.39435,31.65051],[74.3991,31.65184],[74.40288,31.64433],[74.4064,31.64285],[74.41122,31.64301],[74.41319,31.64486],[74.4116,31.65011],[74.42138,31.65538],[74.42994,31.66629],[74.4446,31.66923],[74.44862,31.67401],[74.44891,31.67843],[74.4412,31.68004],[74.43759,31.68281],[74.43658,31.68808],[74.43101,31.68919],[74.43088,31.69127],[74.43689,31.69656],[74.44077,31.69758],[74.44342,31.69196],[74.45062,31.69165],[74.45485,31.69457],[74.45947,31.70155],[74.47352,31.70661],[74.48179,31.71628],[74.52038,31.71657],[74.51728,31.72291],[74.51715,31.76042],[74.5206,31.76197],[74.52551,31.76155],[74.53358,31.75694],[74.54164,31.75606],[74.54547,31.75761],[74.546,31.76309],[74.54163,31.76932],[74.53792,31.78621],[74.54147,31.80553],[74.54184,31.81878],[74.54382,31.8223],[74.56728,31.82087],[74.57302,31.82302],[74.58138,31.84129],[74.58993,31.84841],[74.61986,31.86167],[74.67857,31.90902],[74.69378,31.9188]]]},"properties":{"district":"Sheikhupura","province":"Punjab","pcode":"PK633","pop_2023":4049418,"area_km2":3628.4}},{"type":"Feature","geometry":{"type":"Polygon","coordinates":[[[74.93682,32.46537],[74.93363,32.46757],[74.92412,32.46825],[74.89966,32.46613],[74.891,32.47006],[74.88287,32.48182],[74.87665,32.48564],[74.86151,32.48948],[74.85642,32.49267],[74.83533,32.49621],[74.81857,32.49606],[74.79886,32.48406],[74.76138,32.48217],[74.75802,32.47994],[74.74769,32.4792],[74.74358,32.4815],[74.7211,32.48174],[74.69842,32.48494],[74.68674,32.49307],[74.68137,32.50381],[74.67918,32.5154],[74.68303,32.5296],[74.68051,32.53819],[74.65239,32.56016],[74.64803,32.57187],[74.64329,32.59595],[74.6422,32.61104],[74.64925,32.62587],[74.65845,32.63736],[74.66921,32.64594],[74.67621,32.658],[74.67532,32.66625],[74.66935,32.67499],[74.66205,32.68055],[74.65419,32.69245],[74.65014,32.71841],[74.66188,32.75482],[74.66804,32.7634],[74.66754,32.76659],[74.68768,32.79608],[74.69458,32.80952],[74.70039,32.82703],[74.69702,32.83971],[74.68083,32.8382],[74.66146,32.82803],[74.642,32.8229],[74.638,32.8181],[74.63723,32.81081],[74.64154,32.79188],[74.6328,32.77766],[74.61471,32.75768],[74.59414,32.75684],[74.57919,32.75331],[74.5736,32.75555],[74.56711,32.75521],[74.53153,32.74073],[74.50269,32.75988],[74.47975,32.77267],[74.47792,32.77533],[74.46607,32.78136],[74.46167,32.79169],[74.45445,32.79306],[74.44193,32.79192],[74.45326,32.77672],[74.44626,32.77094],[74.44576,32.76261],[74.43055,32.76182],[74.4294,32.75968],[74.44771,32.74722],[74.44672,32.7444],[74.4382,32.73698],[74.43784,32.73223],[74.44369,32.73048],[74.45696,32.73039],[74.45954,32.72743],[74.46088,32.72076],[74.45683,32.71374],[74.45053,32.71278],[74.44094,32.7143],[74.43908,32.71398],[74.43948,32.71089],[74.44355,32.70507],[74.4623,32.70684],[74.4649,32.70296],[74.45732,32.67771],[74.44905,32.66744],[74.43767,32.65876],[74.42799,32.65617],[74.41792,32.65062],[74.35672,32.60861],[74.34625,32.59828],[74.33811,32.59498],[74.33622,32.59194],[74.3237,32.59017],[74.31149,32.59076],[74.30646,32.58788],[74.29708,32.58571],[74.28988,32.59018],[74.27995,32.59121],[74.2593,32.5799],[74.23517,32.57421],[74.22711,32.55937],[74.21818,32.55474],[74.20976,32.55367],[74.20979,32.53566],[74.20614,32.53299],[74.20368,32.5271],[74.1964,32.52185],[74.20465,32.51992],[74.20839,32.50053],[74.20575,32.49433],[74.20605,32.4833],[74.20819,32.48052],[74.20699,32.47642],[74.20191,32.47263],[74.19747,32.4569],[74.20039,32.45042],[74.20397,32.44865],[74.20326,32.44224],[74.2002,32.43789],[74.21024,32.41546],[74.2022,32.40334],[74.20907,32.3917],[74.21391,32.38864],[74.22164,32.38733],[74.22307,32.38515],[74.22628,32.36335],[74.21862,32.35688],[74.21944,32.35456],[74.22559,32.35152],[74.22829,32.34385],[74.2328,32.33816],[74.23432,32.32841],[74.23647,32.32481],[74.23659,32.32327],[74.23402,32.32222],[74.23531,32.31942],[74.24215,32.31533],[74.24336,32.31283],[74.2433,32.3101],[74.23582,32.30333],[74.24173,32.29686],[74.24084,32.29414],[74.23531,32.29065],[74.23572,32.28889],[74.23933,32.28765],[74.24173,32.28397],[74.24936,32.27889],[74.25647,32.2624],[74.26281,32.25892],[74.28722,32.2508],[74.313,32.25102],[74.32165,32.24765],[74.32721,32.22983],[74.32652,32.21818],[74.32916,32.20695],[74.34235,32.20084],[74.34499,32.19399],[74.35734,32.18555],[74.36056,32.18516],[74.36597,32.1889],[74.36817,32.18861],[74.37692,32.1664],[74.38997,32.16723],[74.39967,32.16567],[74.41086,32.16998],[74.4124,32.16438],[74.41437,32.16272],[74.42541,32.16047],[74.42776,32.16271],[74.42548,32.16858],[74.42634,32.17008],[74.44338,32.16823],[74.4461,32.16619],[74.44628,32.15913],[74.45253,32.1585],[74.46903,32.15238],[74.47576,32.15371],[74.48874,32.1503],[74.49176,32.14438],[74.48431,32.13564],[74.48436,32.13132],[74.49067,32.12888],[74.48936,32.12265],[74.49107,32.12101],[74.50158,32.11677],[74.51482,32.10363],[74.514,32.0995],[74.5056,32.0968],[74.50391,32.09488],[74.50295,32.09196],[74.50561,32.08586],[74.51723,32.07844],[74.51881,32.07403],[74.5267,32.06352],[74.54506,32.06102],[74.54935,32.05889],[74.553,32.0553],[74.5588,32.04472],[74.56539,32.05493],[74.57245,32.06044],[74.5804,32.06223],[74.58804,32.06025],[74.60063,32.06216],[74.60419,32.06524],[74.6068,32.07076],[74.61149,32.06843],[74.61699,32.07031],[74.6226,32.06827],[74.6237,32.07348],[74.62127,32.08146],[74.62528,32.08829],[74.62388,32.09283],[74.6248,32.09479],[74.63834,32.10143],[74.65857,32.12359],[74.6747,32.13516],[74.67761,32.1361],[74.68903,32.13477],[74.69781,32.14071],[74.70781,32.14041],[74.7128,32.14413],[74.71808,32.14506],[74.72505,32.15055],[74.73415,32.15158],[74.74103,32.15707],[74.74883,32.156],[74.75238,32.1575],[74.75725,32.17479],[74.75699,32.18324],[74.76023,32.18679],[74.76071,32.18981],[74.75096,32.20504],[74.74061,32.21725],[74.73926,32.22626],[74.75044,32.24202],[74.75282,32.25381],[74.76173,32.25254],[74.76532,32.25384],[74.76493,32.26777],[74.7717,32.2725],[74.77104,32.27661],[74.76711,32.28242],[74.7672,32.28651],[74.77244,32.29434],[74.77611,32.29469],[74.77928,32.29701],[74.78464,32.29414],[74.79693,32.29233],[74.80444,32.28744],[74.80962,32.28816],[74.81659,32.29422],[74.82272,32.29208],[74.82469,32.29313],[74.82232,32.30365],[74.82406,32.30661],[74.82667,32.30758],[74.83112,32.30524],[74.83577,32.30558],[74.84861,32.30309],[74.85224,32.30419],[74.85417,32.31206],[74.84866,32.31903],[74.85172,32.32348],[74.85531,32.32444],[74.85889,32.32359],[74.86007,32.32502],[74.86941,32.35788],[74.8657,32.36173],[74.86572,32.3638],[74.87655,32.36538],[74.87714,32.36692],[74.87855,32.37612],[74.87562,32.37862],[74.87547,32.38304],[74.87962,32.38726],[74.89089,32.38616],[74.8988,32.38783],[74.90329,32.39119],[74.91085,32.40158],[74.9256,32.41255],[74.93317,32.42891],[74.93337,32.44386],[74.93682,32.46537]]]},"properties":{"district":"Sialkot","province":"Punjab","pcode":"PK634","pop_2023":4499394,"area_km2":3068.2}},{"type":"Feature","geometry":{"type":"Polygon","coordinates":[[[72.78343,30.68016],[72.78054,30.68375],[72.77958,30.68816],[72.78505,30.69386],[72.78512,30.69614],[72.77937,30.69709],[72.77972,30.70013],[72.78299,30.70473],[72.79209,30.70279],[72.79582,30.70418],[72.79412,30.71273],[72.79627,30.7154],[72.80252,30.7133],[72.80451,30.71895],[72.81105,30.72013],[72.81469,30.71948],[72.81887,30.71371],[72.82334,30.71242],[72.82966,30.71729],[72.83302,30.71801],[72.84355,30.71363],[72.84679,30.7141],[72.84717,30.71662],[72.83769,30.72413],[72.83517,30.73651],[72.8309,30.74195],[72.82386,30.74628],[72.81644,30.74834],[72.8037,30.75142],[72.78813,30.75251],[72.78508,30.75002],[72.78288,30.73971],[72.77334,30.74025],[72.76261,30.73776],[72.75756,30.73826],[72.75072,30.74143],[72.73857,30.7425],[72.73413,30.74551],[72.73013,30.76582],[72.7326,30.7721],[72.73481,30.77382],[72.74397,30.77277],[72.7436,30.77846],[72.74564,30.78177],[72.74368,30.78637],[72.77183,30.80175],[72.77234,30.80407],[72.75978,30.82081],[72.76197,30.82495],[72.7693,30.82824],[72.76946,30.8334],[72.77304,30.83752],[72.77296,30.83975],[72.76361,30.84954],[72.76014,30.84716],[72.75402,30.84593],[72.73292,30.86368],[72.72094,30.86397],[72.71577,30.86653],[72.70413,30.8771],[72.70206,30.88626],[72.70297,30.89018],[72.71054,30.9018],[72.72658,30.90821],[72.73656,30.93151],[72.73473,30.93579],[72.74024,30.9371],[72.7511,30.93518],[72.75359,30.93659],[72.75425,30.94313],[72.75966,30.94191],[72.76894,30.94432],[72.77085,30.94871],[72.7698,30.95517],[72.77606,30.95664],[72.77798,30.95946],[72.77171,30.96701],[72.77241,30.97408],[72.79538,30.99047],[72.7942,30.99871],[72.79704,31.00271],[72.79405,31.00979],[72.79767,31.01412],[72.79811,31.01984],[72.80182,31.02203],[72.80052,31.02735],[72.80482,31.03006],[72.813,31.0298],[72.81823,31.03497],[72.81331,31.04591],[72.81728,31.05388],[72.81124,31.05925],[72.81082,31.06212],[72.81708,31.06467],[72.81726,31.06725],[72.79851,31.08511],[72.79144,31.08845],[72.7872,31.08781],[72.77673,31.076],[72.77206,31.0722],[72.76802,31.07161],[72.75692,31.07711],[72.74018,31.09116],[72.75778,31.09532],[72.76463,31.0986],[72.77124,31.10588],[72.77508,31.11421],[72.77718,31.13377],[72.77629,31.14679],[72.77827,31.15379],[72.78401,31.15995],[72.78253,31.16613],[72.77841,31.16874],[72.77374,31.17512],[72.77444,31.19858],[72.77633,31.20119],[72.78175,31.20334],[72.79908,31.20651],[72.81673,31.2208],[72.82267,31.22623],[72.83232,31.23957],[72.83785,31.25571],[72.85004,31.26367],[72.85431,31.27048],[72.85372,31.28381],[72.85202,31.28859],[72.84644,31.29315],[72.83972,31.29581],[72.83678,31.30215],[72.82678,31.30914],[72.81945,31.32141],[72.81222,31.32774],[72.80486,31.3318],[72.77351,31.30334],[72.75245,31.27607],[72.71363,31.25846],[72.6977,31.24901],[72.6872,31.24004],[72.68226,31.23761],[72.6643,31.23686],[72.64189,31.24199],[72.62633,31.242],[72.61256,31.24587],[72.58995,31.23857],[72.58038,31.24179],[72.57889,31.24667],[72.5729,31.24834],[72.56696,31.24446],[72.55693,31.24165],[72.55415,31.23561],[72.54951,31.23304],[72.54943,31.22585],[72.5442,31.22303],[72.53507,31.22431],[72.5175,31.21736],[72.51226,31.22225],[72.50306,31.22058],[72.49716,31.22366],[72.49431,31.22315],[72.49268,31.21977],[72.49531,31.21602],[72.48802,31.21403],[72.48533,31.21133],[72.48533,31.20773],[72.49109,31.20169],[72.48638,31.1954],[72.48584,31.19113],[72.48905,31.18734],[72.50162,31.18156],[72.50334,31.17125],[72.50084,31.16584],[72.49778,31.16378],[72.47473,31.16059],[72.47261,31.15586],[72.47785,31.14753],[72.48443,31.14304],[72.49206,31.14072],[72.49217,31.13767],[72.48862,31.13546],[72.48742,31.12891],[72.48357,31.12568],[72.46797,31.12655],[72.46565,31.12055],[72.46193,31.11751],[72.45059,31.11265],[72.43916,31.10974],[72.43491,31.09295],[72.43514,31.08296],[72.43881,31.07699],[72.43925,31.07233],[72.43582,31.05628],[72.43057,31.04975],[72.41885,31.04558],[72.41318,31.03585],[72.40041,31.03269],[72.39629,31.02865],[72.37831,31.02065],[72.37641,31.0059],[72.37237,31.00193],[72.3723,30.98694],[72.36807,30.98037],[72.35665,30.97277],[72.35474,30.96998],[72.35314,30.96038],[72.35416,30.94794],[72.34863,30.94179],[72.34579,30.93305],[72.3334,30.92468],[72.33328,30.91687],[72.33045,30.91503],[72.31557,30.91394],[72.31415,30.91272],[72.31443,30.90416],[72.31259,30.9],[72.30823,30.89654],[72.30418,30.89601],[72.29616,30.89827],[72.28696,30.89659],[72.27448,30.89265],[72.26988,30.88937],[72.26619,30.88613],[72.25373,30.86738],[72.25063,30.85805],[72.24471,30.848],[72.24826,30.84462],[72.26515,30.84111],[72.27572,30.83495],[72.2831,30.84088],[72.2863,30.84],[72.30966,30.81226],[72.31327,30.81051],[72.3198,30.8128],[72.32564,30.80872],[72.33082,30.80929],[72.33625,30.81248],[72.3393,30.82654],[72.34214,30.82818],[72.34675,30.82639],[72.34786,30.81688],[72.34176,30.80206],[72.34091,30.79599],[72.34369,30.77703],[72.34984,30.77025],[72.36936,30.76134],[72.36979,30.75941],[72.36019,30.75328],[72.35542,30.7539],[72.35118,30.75269],[72.34838,30.7496],[72.34824,30.7453],[72.34479,30.74313],[72.34789,30.73957],[72.35662,30.74104],[72.36015,30.73969],[72.3631,30.73632],[72.36178,30.73335],[72.34666,30.71804],[72.33826,30.71414],[72.33238,30.71471],[72.32024,30.72422],[72.31678,30.72412],[72.30925,30.7184],[72.29717,30.72394],[72.28498,30.71906],[72.2696,30.72583],[72.25654,30.72264],[72.24493,30.73147],[72.23909,30.73257],[72.23559,30.73202],[72.22728,30.71669],[72.21039,30.68261],[72.18429,30.6434],[72.17409,30.63482],[72.17418,30.63282],[72.17852,30.6324],[72.17953,30.63108],[72.17813,30.62447],[72.16545,30.59469],[72.15859,30.58965],[72.15387,30.58395],[72.15113,30.57401],[72.15207,30.57302],[72.19254,30.56499],[72.21168,30.56275],[72.22809,30.56256],[72.24067,30.5677],[72.24262,30.56709],[72.2469,30.55887],[72.2527,30.55328],[72.2648,30.54841],[72.27498,30.54933],[72.28896,30.55553],[72.29594,30.55611],[72.30853,30.56352],[72.32139,30.56828],[72.32137,30.56515],[72.30976,30.55845],[72.29598,30.53996],[72.29525,30.53295],[72.29791,30.52693],[72.30237,30.52508],[72.30433,30.52748],[72.30593,30.53844],[72.31362,30.54202],[72.32525,30.55136],[72.33183,30.5695],[72.3352,30.5737],[72.3429,30.57812],[72.35448,30.57843],[72.35384,30.5649],[72.35576,30.56064],[72.36118,30.57514],[72.36283,30.57525],[72.37517,30.56567],[72.38005,30.56504],[72.3879,30.57114],[72.39746,30.58306],[72.41632,30.59082],[72.42143,30.58864],[72.4247,30.58945],[72.43005,30.59537],[72.44877,30.59944],[72.45758,30.59821],[72.46942,30.59908],[72.47579,30.59386],[72.4775,30.58397],[72.48013,30.58034],[72.49205,30.57786],[72.49722,30.57809],[72.51827,30.58086],[72.5244,30.58571],[72.5254,30.59415],[72.5164,30.59939],[72.51573,30.6024],[72.5201,30.60611],[72.53952,30.59826],[72.54395,30.59898],[72.548,30.61063],[72.54385,30.61114],[72.53391,30.60822],[72.53239,30.6112],[72.54227,30.61664],[72.55135,30.61815],[72.55777,30.61811],[72.55999,30.61628],[72.55902,30.6124],[72.55263,30.60417],[72.55293,30.59776],[72.55683,30.59719],[72.56012,30.59933],[72.56584,30.6127],[72.57228,30.61598],[72.57672,30.61166],[72.58648,30.60658],[72.58635,30.5968],[72.58954,30.59595],[72.5966,30.59715],[72.60456,30.59336],[72.60741,30.58946],[72.60648,30.5879],[72.60262,30.58742],[72.59174,30.59095],[72.58756,30.5896],[72.58662,30.58733],[72.59037,30.58129],[72.60121,30.57692],[72.62185,30.57678],[72.63672,30.57912],[72.64067,30.57488],[72.64591,30.57402],[72.64997,30.57612],[72.65619,30.59059],[72.66069,30.59263],[72.66451,30.59026],[72.66444,30.58563],[72.66039,30.57839],[72.66039,30.57501],[72.66195,30.57396],[72.67028,30.57528],[72.68715,30.58151],[72.70888,30.57844],[72.71481,30.57894],[72.71898,30.58071],[72.72689,30.58775],[72.73307,30.58217],[72.73707,30.58228],[72.74094,30.58515],[72.74286,30.58963],[72.74038,30.59234],[72.7276,30.59452],[72.72556,30.598],[72.7264,30.60241],[72.72915,30.60332],[72.75231,30.60041],[72.75664,30.60079],[72.75899,30.60264],[72.76455,30.61398],[72.76549,30.61924],[72.76487,30.62118],[72.76073,30.62316],[72.76027,30.62709],[72.76324,30.62878],[72.77286,30.62995],[72.78177,30.63514],[72.78165,30.64278],[72.77944,30.64621],[72.77672,30.64623],[72.77219,30.64185],[72.76898,30.64132],[72.77191,30.65238],[72.77409,30.65414],[72.785,30.65597],[72.78775,30.65803],[72.78927,30.66202],[72.78834,30.66438],[72.77111,30.66025],[72.76664,30.66084],[72.75694,30.66742],[72.75195,30.66538],[72.75148,30.66951],[72.75554,30.67295],[72.759,30.68149],[72.76373,30.68355],[72.77169,30.68401],[72.78234,30.67646],[72.78408,30.67827],[72.78343,30.68016]]]},"properties":{"district":"Toba Tek Singh","province":"Punjab","pcode":"PK635","pop_2023":2511963,"area_km2":3081.5}},{"type":"Feature","geometry":{"type":"Polygon","coordinates":[[[72.97099,29.96313],[72.96175,29.98873],[72.96624,29.99943],[72.96902,30.01465],[72.97716,30.01966],[72.97947,30.02466],[72.95279,30.03626],[72.93935,30.03389],[72.93554,30.02411],[72.93191,30.02279],[72.92896,30.02444],[72.92784,30.03677],[72.93661,30.04779],[72.93866,30.05255],[72.93726,30.0623],[72.93156,30.07497],[72.92982,30.08564],[72.94222,30.1029],[72.94479,30.13724],[72.94179,30.16308],[72.94233,30.17471],[72.94703,30.18163],[72.95454,30.18732],[72.95704,30.20121],[72.9572,30.22363],[72.95127,30.23197],[72.95126,30.24044],[72.96217,30.26816],[72.96926,30.27165],[72.97584,30.26989],[72.99211,30.27688],[72.99306,30.2813],[72.98951,30.28746],[72.98964,30.29581],[72.98585,30.29898],[72.97018,30.29516],[72.94117,30.29388],[72.9381,30.29466],[72.92984,30.30498],[72.92201,30.30978],[72.90971,30.31036],[72.88663,30.30824],[72.88058,30.30937],[72.87614,30.31378],[72.8559,30.31228],[72.84839,30.31434],[72.84166,30.32843],[72.84119,30.35195],[72.84425,30.37357],[72.84016,30.37044],[72.8268,30.37106],[72.82278,30.36741],[72.81216,30.37023],[72.8033,30.36694],[72.79972,30.35737],[72.80172,30.35532],[72.80428,30.35544],[72.80864,30.35914],[72.81034,30.35276],[72.8091,30.34671],[72.79444,30.34605],[72.79593,30.3358],[72.79146,30.33184],[72.78771,30.3339],[72.78523,30.34034],[72.78094,30.34014],[72.77613,30.33636],[72.77838,30.32794],[72.77287,30.32487],[72.7657,30.32473],[72.7597,30.32795],[72.74534,30.32601],[72.7422,30.32749],[72.73573,30.33897],[72.73231,30.3398],[72.72851,30.33864],[72.7188,30.33084],[72.71999,30.31371],[72.71293,30.30286],[72.70464,30.29413],[72.70198,30.29406],[72.69516,30.30066],[72.68484,30.30412],[72.68747,30.31863],[72.67744,30.32756],[72.67273,30.32795],[72.67014,30.32412],[72.67025,30.31641],[72.6651,30.30906],[72.66069,30.3097],[72.6542,30.31402],[72.64887,30.31334],[72.65108,30.30434],[72.647,30.30099],[72.64164,30.30024],[72.64373,30.29394],[72.6425,30.29144],[72.63645,30.28942],[72.63804,30.28419],[72.6294,30.28296],[72.62673,30.28471],[72.62438,30.28432],[72.62419,30.27912],[72.62782,30.27666],[72.62778,30.27436],[72.62316,30.26978],[72.62888,30.26776],[72.6288,30.26527],[72.61825,30.25944],[72.61807,30.25819],[72.62184,30.25656],[72.62169,30.25392],[72.6185,30.25256],[72.60745,30.25258],[72.60246,30.24865],[72.60031,30.24421],[72.60239,30.23938],[72.60078,30.23635],[72.59688,30.23695],[72.59316,30.24079],[72.58955,30.24086],[72.58823,30.23938],[72.59031,30.23044],[72.58688,30.22896],[72.58291,30.22883],[72.58026,30.23088],[72.58026,30.23785],[72.57217,30.24583],[72.57364,30.24822],[72.57812,30.2478],[72.5783,30.24957],[72.5731,30.25862],[72.57444,30.26387],[72.57335,30.26627],[72.55456,30.26869],[72.54634,30.26274],[72.54286,30.26419],[72.54134,30.27075],[72.53396,30.26746],[72.53198,30.26076],[72.52279,30.26403],[72.51741,30.26237],[72.51558,30.257],[72.5165,30.2393],[72.51321,30.2334],[72.50576,30.2303],[72.50455,30.22809],[72.51294,30.22576],[72.51477,30.22263],[72.5136,30.22087],[72.50865,30.21914],[72.50568,30.21116],[72.49089,30.2012],[72.48602,30.19575],[72.48506,30.18049],[72.48391,30.17579],[72.4813,30.17278],[72.47102,30.17315],[72.46488,30.16452],[72.46173,30.16242],[72.44265,30.1685],[72.44135,30.17014],[72.44241,30.17272],[72.44611,30.17694],[72.44538,30.17929],[72.44297,30.18037],[72.41757,30.18229],[72.4027,30.18474],[72.39794,30.18746],[72.39641,30.19343],[72.40652,30.20738],[72.40767,30.21155],[72.4042,30.21628],[72.39882,30.218],[72.38896,30.2175],[72.37916,30.2088],[72.35421,30.20013],[72.3379,30.20531],[72.32989,30.21031],[72.32562,30.21498],[72.32243,30.21599],[72.31777,30.21148],[72.3077,30.21024],[72.30305,30.20741],[72.29933,30.20251],[72.29025,30.20069],[72.28694,30.19757],[72.28609,30.19347],[72.28911,30.18658],[72.28566,30.18297],[72.28207,30.1832],[72.27506,30.17912],[72.27189,30.17898],[72.26334,30.18365],[72.25176,30.17907],[72.23913,30.17926],[72.23637,30.1708],[72.22604,30.167],[72.2189,30.15906],[72.20076,30.15508],[72.18743,30.15884],[72.18128,30.15326],[72.17696,30.15365],[72.17392,30.1458],[72.17471,30.14182],[72.17811,30.13132],[72.18609,30.1207],[72.18538,30.11609],[72.18076,30.11568],[72.17047,30.1223],[72.16742,30.12285],[72.15882,30.12203],[72.14658,30.11798],[72.13948,30.1139],[72.12988,30.10345],[72.12674,30.09371],[72.11745,30.07526],[72.10874,30.06758],[72.10338,30.06602],[72.10097,30.06683],[72.0965,30.07516],[72.08819,30.07566],[72.0836,30.08031],[72.08016,30.08111],[72.07464,30.07441],[72.07002,30.07336],[72.06731,30.07631],[72.0644,30.07657],[72.06061,30.07155],[72.05445,30.07057],[72.03777,30.07605],[72.01265,30.08687],[71.99364,30.09157],[71.99001,30.0907],[71.98578,30.0815],[71.97845,30.07255],[71.9756,30.07222],[71.96928,30.07895],[71.96693,30.07928],[71.96461,30.07718],[71.95718,30.06602],[71.95725,30.06118],[71.9607,30.05264],[71.96008,30.04999],[71.95704,30.04684],[71.94694,30.04344],[71.94041,30.03779],[71.92768,30.03768],[71.90156,30.05026],[71.89626,30.05114],[71.88692,30.03659],[71.87685,30.0262],[71.87263,30.02508],[71.87025,30.02623],[71.86735,30.03406],[71.86676,30.04336],[71.86441,30.04343],[71.86193,30.0426],[71.85864,30.03795],[71.85752,30.03094],[71.84809,30.02573],[71.84588,30.01621],[71.84173,30.01152],[71.82982,30.00526],[71.82082,30.00451],[71.81325,30.00596],[71.80798,30.01209],[71.7983,30.01362],[71.79529,30.01957],[71.78999,30.02205],[71.77779,30.02208],[71.77095,30.0202],[71.76818,30.01461],[71.77284,30.00818],[71.77311,30.00285],[71.76287,29.9943],[71.76196,29.98885],[71.75177,29.97938],[71.75094,29.96787],[71.74918,29.96524],[71.7459,29.96385],[71.73953,29.96722],[71.73771,29.96621],[71.73498,29.96337],[71.73405,29.95534],[71.73216,29.95232],[71.73442,29.93865],[71.74666,29.93815],[71.75288,29.94324],[71.75525,29.94335],[71.75384,29.93821],[71.74867,29.93233],[71.75392,29.92104],[71.77233,29.91536],[71.78017,29.91204],[71.78274,29.90926],[71.79492,29.90669],[71.79641,29.90011],[71.79893,29.89846],[71.8041,29.90058],[71.80837,29.90804],[71.81237,29.91099],[71.82037,29.912],[71.82523,29.91906],[71.82967,29.91787],[71.8324,29.92332],[71.83489,29.92346],[71.85119,29.91381],[71.87283,29.90804],[71.8831,29.91059],[71.8894,29.9156],[71.89286,29.91541],[71.89205,29.9116],[71.8835,29.90495],[71.88008,29.89312],[71.88253,29.88708],[71.8929,29.88891],[71.89516,29.88368],[71.88951,29.87532],[71.88795,29.86936],[71.88109,29.86584],[71.87969,29.86349],[71.87962,29.85638],[71.88242,29.85381],[71.8855,29.8541],[71.88709,29.86173],[71.89264,29.85801],[71.89445,29.8584],[71.89607,29.87269],[71.89962,29.88092],[71.90899,29.88117],[71.91411,29.87923],[71.91619,29.87707],[71.91575,29.87261],[71.91062,29.86873],[71.90518,29.86735],[71.90259,29.85998],[71.90488,29.85784],[71.91043,29.85712],[71.91098,29.85555],[71.90618,29.84657],[71.90698,29.84338],[71.91025,29.84253],[71.92023,29.85073],[71.92429,29.85091],[71.9261,29.84798],[71.92438,29.8399],[71.92547,29.8364],[71.93767,29.83652],[71.94064,29.82937],[71.94486,29.82767],[71.9476,29.82051],[71.95525,29.81355],[71.95495,29.80955],[71.96036,29.80703],[71.96082,29.8007],[71.9737,29.80094],[71.97613,29.79774],[71.98402,29.79374],[71.98118,29.7902],[71.96613,29.78627],[71.96313,29.77879],[71.95633,29.77156],[71.94903,29.7678],[71.94065,29.7657],[71.93276,29.76089],[71.92995,29.75715],[71.93201,29.746],[71.93746,29.74435],[71.94293,29.74801],[71.9483,29.74733],[71.95143,29.74361],[71.9526,29.73789],[71.954,29.73759],[71.9566,29.74003],[71.95522,29.74228],[71.95598,29.74457],[71.96182,29.74337],[71.96566,29.74677],[71.96869,29.73277],[71.98724,29.72987],[71.98581,29.72007],[71.98863,29.71356],[71.98808,29.70425],[71.99004,29.69905],[72.00061,29.70148],[72.00423,29.69913],[72.00792,29.68956],[72.02784,29.69131],[72.03973,29.68032],[72.0634,29.67887],[72.0647,29.67383],[72.05995,29.67207],[72.05898,29.6692],[72.04778,29.66995],[72.04533,29.6671],[72.04576,29.66454],[72.05192,29.66123],[72.05713,29.65499],[72.06742,29.65468],[72.07368,29.65655],[72.08169,29.65282],[72.08417,29.65469],[72.08324,29.66068],[72.09759,29.66149],[72.10483,29.65262],[72.10365,29.65068],[72.09696,29.64758],[72.09166,29.63425],[72.09213,29.62723],[72.09673,29.62169],[72.10111,29.61043],[72.09271,29.60177],[72.09346,29.59602],[72.09763,29.59172],[72.11371,29.5924],[72.11763,29.59462],[72.12283,29.59323],[72.147,29.61264],[72.15508,29.61573],[72.15787,29.61899],[72.1634,29.61953],[72.16443,29.62165],[72.1607,29.62832],[72.16124,29.63302],[72.15797,29.6373],[72.15779,29.64222],[72.1619,29.64618],[72.16788,29.64763],[72.17525,29.64666],[72.17986,29.64983],[72.18031,29.65313],[72.17636,29.66566],[72.17748,29.6682],[72.18324,29.67121],[72.18299,29.68093],[72.18872,29.69372],[72.18906,29.70332],[72.191,29.70915],[72.19505,29.71047],[72.20544,29.70506],[72.21882,29.70334],[72.22921,29.70635],[72.23637,29.70683],[72.24215,29.71362],[72.24472,29.72254],[72.23766,29.72416],[72.2359,29.727],[72.23158,29.72944],[72.22829,29.73322],[72.22781,29.74267],[72.21901,29.75031],[72.21718,29.75381],[72.20916,29.75932],[72.20872,29.76259],[72.21375,29.76708],[72.22088,29.76674],[72.22639,29.76933],[72.22767,29.78573],[72.22668,29.79263],[72.22805,29.79473],[72.23618,29.79767],[72.24434,29.80991],[72.25009,29.81464],[72.25582,29.81445],[72.25845,29.8111],[72.26364,29.80814],[72.27916,29.80386],[72.28501,29.80715],[72.29031,29.8139],[72.29675,29.815],[72.29944,29.81205],[72.30463,29.8097],[72.30464,29.80425],[72.30831,29.80429],[72.31044,29.80885],[72.30984,29.81579],[72.3119,29.82219],[72.32364,29.83425],[72.33199,29.83586],[72.33187,29.83971],[72.33449,29.84356],[72.34104,29.84277],[72.34667,29.84428],[72.3536,29.84391],[72.36434,29.8379],[72.37016,29.83754],[72.37393,29.84893],[72.39264,29.86346],[72.39794,29.86205],[72.40056,29.8575],[72.41838,29.84336],[72.42938,29.84025],[72.43421,29.84061],[72.44326,29.84495],[72.44972,29.84092],[72.45193,29.8428],[72.45403,29.84956],[72.4606,29.85102],[72.46145,29.84951],[72.45871,29.83685],[72.45542,29.82884],[72.4561,29.82473],[72.45926,29.8216],[72.46218,29.82116],[72.47704,29.83035],[72.48755,29.83386],[72.48914,29.83167],[72.48855,29.82534],[72.49045,29.81933],[72.4922,29.81711],[72.49821,29.81829],[72.50024,29.82062],[72.50245,29.83612],[72.50465,29.8403],[72.51022,29.84369],[72.51283,29.84339],[72.52919,29.83181],[72.53294,29.82654],[72.53664,29.81583],[72.54181,29.81037],[72.54619,29.80823],[72.5525,29.80759],[72.56252,29.80866],[72.5611,29.82928],[72.56278,29.83589],[72.56784,29.84002],[72.59867,29.83958],[72.6022,29.84099],[72.61015,29.85317],[72.61506,29.85435],[72.61678,29.85662],[72.62438,29.85983],[72.63823,29.86001],[72.64129,29.86123],[72.64839,29.87029],[72.65387,29.87395],[72.66122,29.87257],[72.66924,29.86576],[72.67465,29.86412],[72.6779,29.85885],[72.6818,29.85815],[72.68668,29.86778],[72.6888,29.88098],[72.67703,29.89309],[72.67599,29.89582],[72.67782,29.9008],[72.68293,29.90655],[72.68467,29.90643],[72.68779,29.89582],[72.68977,29.89348],[72.69434,29.89214],[72.69525,29.89714],[72.69207,29.90951],[72.69618,29.91361],[72.69875,29.91418],[72.7027,29.92016],[72.70766,29.92257],[72.71383,29.92394],[72.72007,29.92268],[72.73154,29.92374],[72.74346,29.89759],[72.75277,29.89147],[72.7593,29.89109],[72.76406,29.89394],[72.76872,29.89856],[72.76942,29.90349],[72.7571,29.91888],[72.75783,29.92378],[72.77041,29.93402],[72.77223,29.93779],[72.76299,29.95507],[72.7621,29.95969],[72.76717,29.96969],[72.77944,29.97825],[72.7919,29.9802],[72.81384,29.98067],[72.8231,29.97893],[72.82936,29.97067],[72.83493,29.96667],[72.83726,29.95339],[72.84489,29.94291],[72.84656,29.93505],[72.85299,29.92873],[72.86442,29.92513],[72.86898,29.92873],[72.87035,29.93239],[72.86889,29.93392],[72.86284,29.93519],[72.85752,29.93942],[72.85495,29.94971],[72.85622,29.9542],[72.86493,29.96639],[72.8801,29.97878],[72.88264,29.98199],[72.88671,29.99548],[72.89408,30.0004],[72.9071,30.00114],[72.92165,29.99512],[72.93578,29.97566],[72.94067,29.96549],[72.94399,29.96287],[72.94903,29.96126],[72.97099,29.96313]]]},"properties":{"district":"Vehari","province":"Punjab","pcode":"PK636","pop_2023":3430421,"area_km2":4499.6}},{"type":"Feature","geometry":{"type":"Polygon","coordinates":[[[69.32388,24.80067],[69.32276,24.81037],[69.32099,24.81372],[69.31339,24.81592],[69.30489,24.82144],[69.30154,24.82524],[69.30049,24.83077],[69.30577,24.83709],[69.3075,24.84601],[69.31267,24.84883],[69.31938,24.85538],[69.31877,24.861],[69.32272,24.86712],[69.32649,24.8913],[69.31503,24.90642],[69.31316,24.92311],[69.30972,24.92913],[69.29081,24.94846],[69.29222,24.96617],[69.2908,24.96926],[69.28804,24.96851],[69.28648,24.96467],[69.284,24.96307],[69.27308,24.95821],[69.25721,24.95772],[69.22521,24.96028],[69.21603,24.95905],[69.18835,24.95075],[69.17496,24.9513],[69.1716,24.95416],[69.16081,24.97652],[69.15376,24.98466],[69.13888,24.99226],[69.12924,24.99489],[69.12904,24.99986],[69.13303,25.01041],[69.12988,25.01929],[69.1182,25.02812],[69.10092,25.03749],[69.08898,25.04709],[69.08694,25.05074],[69.08533,25.0674],[69.08084,25.07347],[69.06339,25.08299],[69.03681,25.09069],[69.01898,25.0996],[68.99117,25.11862],[68.98107,25.13004],[68.97737,25.13913],[68.97511,25.15126],[68.9747,25.17377],[68.96585,25.29862],[68.95043,25.29338],[68.93405,25.27308],[68.92997,25.27054],[68.92094,25.26934],[68.90163,25.25872],[68.89755,25.25889],[68.88753,25.26645],[68.88629,25.26488],[68.88744,25.25555],[68.88577,25.24905],[68.88899,25.23607],[68.88498,25.22872],[68.8636,25.22445],[68.85194,25.22062],[68.83415,25.21991],[68.78845,25.20653],[68.77631,25.2067],[68.77142,25.2101],[68.76939,25.21394],[68.76925,25.22447],[68.77512,25.2381],[68.77532,25.24231],[68.76144,25.24473],[68.73928,25.25609],[68.73227,25.25717],[68.73187,25.24969],[68.72926,25.24312],[68.72141,25.232],[68.70851,25.22369],[68.69271,25.21814],[68.69194,25.21448],[68.69417,25.21198],[68.70234,25.20947],[68.70401,25.20613],[68.70327,25.203],[68.68854,25.19694],[68.67281,25.19408],[68.66106,25.1882],[68.6525,25.18774],[68.65101,25.18583],[68.65082,25.17811],[68.64725,25.17598],[68.63313,25.17235],[68.62708,25.16806],[68.61593,25.16436],[68.61117,25.15735],[68.6134,25.15473],[68.6216,25.15307],[68.62739,25.14769],[68.63061,25.14714],[68.65376,25.15597],[68.66296,25.15701],[68.66579,25.15155],[68.6627,25.14608],[68.63681,25.12479],[68.62094,25.11555],[68.59978,25.0998],[68.58369,25.09228],[68.57827,25.09141],[68.56717,25.09286],[68.56598,25.09096],[68.57113,25.08278],[68.57454,25.08],[68.58974,25.07653],[68.60039,25.07141],[68.60618,25.06565],[68.61888,25.04528],[68.63333,25.03854],[68.63067,25.03163],[68.63513,25.0268],[68.63887,25.02549],[68.64245,25.02609],[68.64471,25.03289],[68.64767,25.03242],[68.68046,25.01465],[68.69776,24.99565],[68.71238,24.98823],[68.73859,24.98104],[68.74268,24.97302],[68.75689,24.9667],[68.77125,24.96398],[68.77868,24.96591],[68.7831,24.96954],[68.78467,24.96077],[68.78294,24.94383],[68.78442,24.93776],[68.78721,24.93392],[68.80138,24.92264],[68.80457,24.91803],[68.80689,24.91232],[68.80775,24.89909],[68.8093,24.89566],[68.82027,24.88823],[68.82931,24.88574],[68.83521,24.88036],[68.84275,24.87825],[68.84669,24.87174],[68.84199,24.86207],[68.8392,24.85118],[68.83097,24.83848],[68.82095,24.83269],[68.8037,24.83226],[68.79321,24.83568],[68.77327,24.83577],[68.76373,24.84105],[68.75503,24.84285],[68.74999,24.84617],[68.7448,24.8447],[68.73885,24.8472],[68.73749,24.8449],[68.73858,24.83153],[68.70486,24.83123],[68.69791,24.83681],[68.69349,24.84478],[68.69437,24.84903],[68.70249,24.86385],[68.70527,24.87343],[68.70415,24.8766],[68.6972,24.88263],[68.6979,24.8889],[68.70048,24.89215],[68.6897,24.89262],[68.68761,24.89511],[68.68966,24.91224],[68.68874,24.91829],[68.6861,24.9204],[68.66211,24.91894],[68.65526,24.91418],[68.64012,24.91106],[68.63896,24.90803],[68.64105,24.90541],[68.64665,24.90333],[68.64847,24.90109],[68.64878,24.89704],[68.64475,24.89209],[68.62688,24.88781],[68.57565,24.86555],[68.57263,24.86843],[68.56832,24.87955],[68.56555,24.88169],[68.54334,24.88127],[68.52762,24.88759],[68.52409,24.88619],[68.52044,24.87977],[68.50894,24.87142],[68.5042,24.86416],[68.50344,24.85498],[68.50111,24.85319],[68.49227,24.86022],[68.48941,24.86445],[68.48882,24.87377],[68.48726,24.87589],[68.4851,24.87581],[68.48224,24.86826],[68.48389,24.85867],[68.47845,24.85608],[68.47492,24.84735],[68.4704,24.84533],[68.46459,24.83821],[68.46248,24.83763],[68.45028,24.84756],[68.44729,24.84602],[68.4475,24.84192],[68.45044,24.83702],[68.44833,24.8304],[68.43534,24.81257],[68.43439,24.80622],[68.43553,24.79713],[68.43328,24.79278],[68.42218,24.78954],[68.4119,24.79231],[68.40794,24.78957],[68.39959,24.78899],[68.39498,24.78712],[68.38162,24.77879],[68.36189,24.76151],[68.35406,24.7572],[68.35026,24.74097],[68.3518,24.73649],[68.36804,24.72667],[68.37081,24.72442],[68.37139,24.72121],[68.36625,24.70435],[68.36384,24.68516],[68.3673,24.67412],[68.36677,24.66945],[68.36271,24.6633],[68.35261,24.65674],[68.35199,24.65352],[68.35493,24.64809],[68.36332,24.64603],[68.37064,24.64168],[68.37572,24.63314],[68.37947,24.62052],[68.38205,24.61855],[68.38294,24.61256],[68.37332,24.60101],[68.38794,24.56427],[68.39115,24.5633],[68.40377,24.56409],[68.40726,24.55905],[68.40617,24.55548],[68.4,24.55317],[68.39847,24.55025],[68.39371,24.51766],[68.39489,24.51294],[68.39754,24.50986],[68.40666,24.50567],[68.40836,24.5022],[68.40893,24.49073],[68.40479,24.47174],[68.4056,24.45895],[68.40727,24.44484],[68.41564,24.42452],[68.41861,24.42199],[68.42255,24.42298],[68.43612,24.43479],[68.4419,24.43713],[68.45365,24.43868],[68.45859,24.43774],[68.4612,24.43381],[68.45931,24.42324],[68.45621,24.41656],[68.44483,24.40211],[68.44591,24.39526],[68.45461,24.39237],[68.45767,24.3931],[68.46043,24.39746],[68.4643,24.39561],[68.46981,24.38967],[68.47982,24.38458],[68.48707,24.38261],[68.49647,24.38264],[68.51042,24.37622],[68.52937,24.37028],[68.56109,24.36263],[68.57872,24.36193],[68.58762,24.36327],[68.60017,24.37297],[68.64779,24.37855],[68.70175,24.37889],[68.72819,24.37733],[68.73421,24.36776],[68.74126,24.35045],[68.75263,24.2985],[68.75571,24.29604],[68.75516,24.29329],[68.76422,24.28428],[68.7675,24.28969],[68.77265,24.29414],[68.82635,24.3084],[68.83205,24.29933],[68.83105,24.28785],[68.83585,24.24988],[68.84031,24.22819],[68.84773,24.20838],[68.85253,24.20571],[68.86751,24.2062],[68.87359,24.21433],[68.88097,24.23142],[68.88106,24.23945],[68.88902,24.26548],[68.89728,24.27686],[68.91034,24.28625],[68.92668,24.29387],[68.93394,24.29353],[68.939,24.29087],[68.97057,24.23753],[68.98149,24.22855],[68.98628,24.22633],[69.00053,24.22588],[69.01372,24.22908],[69.03945,24.2421],[69.07004,24.2602],[69.07234,24.28125],[69.07139,24.28473],[69.05361,24.3165],[69.05081,24.32926],[69.05675,24.34581],[69.05388,24.3664],[69.05922,24.388],[69.06461,24.3969],[69.06863,24.42991],[69.07523,24.44021],[69.07814,24.45908],[69.07994,24.46214],[69.08266,24.46326],[69.08935,24.4608],[69.09692,24.46306],[69.10291,24.47419],[69.10636,24.48444],[69.11149,24.48945],[69.12115,24.49644],[69.12751,24.49869],[69.13928,24.50817],[69.15682,24.51852],[69.16165,24.52298],[69.1807,24.53416],[69.18886,24.54058],[69.19219,24.5417],[69.19433,24.54033],[69.19586,24.53327],[69.19848,24.52912],[69.20258,24.52955],[69.21895,24.54609],[69.21445,24.55296],[69.20332,24.56024],[69.20619,24.56411],[69.22063,24.57269],[69.2243,24.57879],[69.21319,24.59243],[69.19962,24.60514],[69.197,24.60977],[69.19691,24.61584],[69.203,24.62018],[69.20573,24.62035],[69.21724,24.61],[69.22492,24.59765],[69.22749,24.59652],[69.22954,24.59725],[69.23165,24.6001],[69.23368,24.63489],[69.23744,24.64092],[69.2415,24.6444],[69.24912,24.64736],[69.24995,24.65037],[69.2482,24.65424],[69.24284,24.65862],[69.21458,24.66979],[69.21534,24.67523],[69.22927,24.69385],[69.24755,24.70769],[69.24958,24.71115],[69.25725,24.71543],[69.27975,24.72167],[69.2833,24.72407],[69.28503,24.72825],[69.28264,24.73029],[69.25391,24.73229],[69.2501,24.73603],[69.24646,24.74768],[69.24744,24.75082],[69.25011,24.75286],[69.26083,24.75309],[69.27254,24.75698],[69.28023,24.76179],[69.29634,24.7674],[69.3073,24.77305],[69.31749,24.78332],[69.32388,24.80067]]]},"properties":{"district":"Badin","province":"Sindh","pcode":"PK701","pop_2023":1947081,"area_km2":6575}},{"type":"Feature","geometry":{"type":"Polygon","coordinates":[[[67.02634,24.88699],[67.03733,24.89168],[67.04459,24.89221],[67.05957,24.8982],[67.06641,24.90917],[67.07776,24.91323],[67.07965,24.92259],[67.08886,24.92874],[67.09117,24.93477],[67.09082,24.93916],[67.08525,24.94882],[67.08646,24.95864],[67.09159,24.9667],[67.09242,24.98077],[67.0911,24.98766],[67.09286,24.99301],[67.09104,25.00046],[67.09203,25.00901],[67.0515,25.00651],[67.03979,25.00291],[67.04774,25.00087],[67.05035,24.99765],[67.0511,24.99335],[67.04435,24.97053],[67.04349,24.95983],[67.03299,24.94525],[67.02401,24.93631],[67.01129,24.92718],[67.01365,24.92485],[67.01825,24.92441],[67.01788,24.90959],[67.02143,24.904],[67.0203,24.89448],[67.02551,24.88957],[67.02634,24.88699]]]},"properties":{"district":"Central Karachi","province":"Sindh","pcode":"PK702","pop_2023":3822325,"area_km2":65.1}},{"type":"Feature","geometry":{"type":"Polygon","coordinates":[[[67.99543,27.29239],[67.97749,27.29369],[67.93051,27.29338],[67.91594,27.29732],[67.88746,27.31244],[67.8682,27.31767],[67.86187,27.31655],[67.84992,27.30912],[67.82555,27.30308],[67.79362,27.30002],[67.76988,27.30112],[67.71599,27.299],[67.69363,27.29938],[67.65793,27.30234],[67.64979,27.30951],[67.64089,27.32125],[67.6324,27.3244],[67.62652,27.32325],[67.6162,27.31572],[67.60665,27.31228],[67.59626,27.31143],[67.57576,27.3129],[67.56161,27.31771],[67.52964,27.3145],[67.51057,27.3169],[67.50046,27.31924],[67.49109,27.33041],[67.47886,27.33868],[67.46446,27.34325],[67.45985,27.3519],[67.45619,27.35486],[67.43819,27.35724],[67.43447,27.36511],[67.41749,27.37364],[67.39709,27.381],[67.38239,27.38335],[67.37577,27.38305],[67.37205,27.38105],[67.36655,27.37543],[67.36297,27.35982],[67.36152,27.35796],[67.35761,27.35693],[67.34892,27.35716],[67.34607,27.37194],[67.34167,27.37545],[67.33839,27.37594],[67.31425,27.36714],[67.30695,27.37973],[67.29841,27.38705],[67.27653,27.39295],[67.26431,27.39292],[67.25635,27.39835],[67.24178,27.40265],[67.23945,27.40454],[67.23798,27.41222],[67.23345,27.41732],[67.21847,27.42417],[67.20534,27.42551],[67.19159,27.43716],[67.17516,27.4472],[67.1674,27.40325],[67.16431,27.37046],[67.16112,27.35446],[67.13692,27.32723],[67.12991,27.31397],[67.12604,27.29583],[67.12686,27.27003],[67.14417,27.19753],[67.15189,27.15589],[67.15662,27.11964],[67.16061,27.06596],[67.1451,27.01227],[67.13889,26.99623],[67.13891,26.98438],[67.14597,26.95636],[67.13928,26.9462],[67.13727,26.93849],[67.13338,26.94035],[67.13377,26.87803],[67.14655,26.76843],[67.1446,26.76255],[67.12647,26.73831],[67.1265,26.71967],[67.13308,26.66325],[67.12379,26.6531],[67.12872,26.63572],[67.13103,26.61992],[67.13844,26.59937],[67.15108,26.54605],[67.17758,26.4715],[67.18964,26.4573],[67.2037,26.44599],[67.21375,26.42832],[67.22516,26.41471],[67.24606,26.37704],[67.26556,26.34696],[67.28732,26.30167],[67.30798,26.26631],[67.32844,26.22162],[67.33787,26.20804],[67.34567,26.17873],[67.35077,26.16529],[67.3595,26.14997],[67.37235,26.14566],[67.38768,26.13606],[67.41315,26.08719],[67.42296,26.10239],[67.45206,26.12323],[67.46721,26.13772],[67.48188,26.16281],[67.48576,26.17883],[67.48914,26.21006],[67.50323,26.2499],[67.50026,26.26178],[67.49307,26.27701],[67.49129,26.29032],[67.49322,26.32161],[67.49502,26.33344],[67.49679,26.33644],[67.49936,26.33851],[67.51888,26.33923],[67.53233,26.34289],[67.53785,26.34295],[67.57133,26.33108],[67.57716,26.33642],[67.59117,26.36783],[67.59953,26.37222],[67.6053,26.38269],[67.62187,26.4014],[67.625,26.4141],[67.62581,26.43358],[67.62771,26.44077],[67.63483,26.45498],[67.64635,26.46897],[67.64568,26.47607],[67.63023,26.51304],[67.62957,26.52035],[67.63132,26.53119],[67.62743,26.53998],[67.63332,26.55823],[67.64716,26.56516],[67.6575,26.55969],[67.67314,26.56064],[67.68298,26.5666],[67.6889,26.57434],[67.69302,26.57591],[67.70183,26.57253],[67.70811,26.57215],[67.71086,26.5732],[67.71362,26.57812],[67.71677,26.58023],[67.73403,26.5784],[67.73639,26.58068],[67.73953,26.5812],[67.74344,26.57731],[67.74853,26.57553],[67.75516,26.57548],[67.75877,26.57775],[67.75934,26.58112],[67.75368,26.58573],[67.75213,26.58996],[67.75333,26.59454],[67.75727,26.59875],[67.79196,26.60459],[67.79631,26.60423],[67.79943,26.60193],[67.79989,26.59806],[67.80759,26.59724],[67.81837,26.60361],[67.82981,26.61554],[67.83536,26.62468],[67.84789,26.63224],[67.85353,26.64363],[67.86934,26.66082],[67.87053,26.66704],[67.86942,26.67421],[67.8667,26.67951],[67.84438,26.69055],[67.83624,26.70997],[67.83573,26.72302],[67.84222,26.72405],[67.85209,26.72845],[67.85896,26.74539],[67.86458,26.76511],[67.86152,26.77852],[67.85643,26.78313],[67.85137,26.79091],[67.85166,26.80747],[67.84601,26.81561],[67.83788,26.83892],[67.83408,26.85581],[67.83529,26.86003],[67.83966,26.86741],[67.86064,26.88882],[67.86811,26.8992],[67.88437,26.91181],[67.89914,26.91305],[67.91065,26.92143],[67.9211,26.92189],[67.92747,26.92486],[67.93036,26.92887],[67.93137,26.93641],[67.92919,26.94058],[67.92127,26.94695],[67.9164,26.95683],[67.91705,26.96611],[67.92654,26.9717],[67.93325,26.97378],[67.96952,26.97781],[67.97782,26.98227],[67.97982,26.98649],[67.97717,27.00131],[67.97138,27.01828],[67.96942,27.01935],[67.96232,27.01833],[67.95918,27.02011],[67.95528,27.02613],[67.94032,27.02833],[67.9179,27.03656],[67.91168,27.04015],[67.91006,27.0426],[67.90977,27.05065],[67.91114,27.05652],[67.93372,27.06161],[67.94716,27.07154],[67.97624,27.06831],[67.98415,27.06995],[68.00031,27.0694],[68.00739,27.07078],[68.01316,27.07708],[68.01998,27.08981],[68.02419,27.0935],[68.03657,27.0989],[68.03862,27.11494],[68.04257,27.12264],[68.04825,27.12902],[68.03561,27.13463],[68.01288,27.15038],[68.00054,27.16036],[67.99034,27.17202],[67.94109,27.20222],[67.93968,27.22113],[67.95294,27.22591],[67.95593,27.22947],[67.95633,27.23557],[67.9528,27.24387],[67.95356,27.24937],[67.98072,27.2715],[67.98796,27.27975],[67.99543,27.29239]]]},"properties":{"district":"Dadu","province":"Sindh","pcode":"PK703","pop_2023":1742320,"area_km2":8017.5}},{"type":"Feature","geometry":{"type":"Polygon","coordinates":[[[67.17045,24.88545],[67.17853,24.90595],[67.20719,24.90651],[67.21274,24.90542],[67.2207,24.90682],[67.22437,24.90629],[67.22645,24.90394],[67.23098,24.92391],[67.23822,24.93414],[67.21377,24.93813],[67.20035,24.94542],[67.19229,24.95577],[67.19229,24.96728],[67.2061,24.97611],[67.21953,24.97879],[67.22574,24.98221],[67.19926,25.00353],[67.1961,25.00767],[67.19851,25.00833],[67.19201,25.01063],[67.17911,25.01227],[67.15708,25.01045],[67.12048,25.0128],[67.09203,25.00901],[67.09104,25.00046],[67.09286,24.99301],[67.0911,24.98766],[67.09242,24.98077],[67.09159,24.9667],[67.08646,24.95864],[67.08525,24.94882],[67.09082,24.93916],[67.09117,24.93477],[67.08886,24.92874],[67.07965,24.92259],[67.07776,24.91323],[67.06641,24.90917],[67.05957,24.8982],[67.04459,24.89221],[67.03733,24.89168],[67.02634,24.88699],[67.0218,24.88243],[67.02376,24.87862],[67.02379,24.87294],[67.02563,24.87366],[67.02668,24.87212],[67.03083,24.87381],[67.03234,24.87041],[67.03145,24.8683],[67.03774,24.86165],[67.04941,24.8567],[67.05298,24.8575],[67.0546,24.85248],[67.06291,24.85535],[67.06583,24.85105],[67.07771,24.85761],[67.07631,24.86066],[67.08534,24.86541],[67.09002,24.85909],[67.10097,24.86424],[67.11247,24.86302],[67.11737,24.86509],[67.11796,24.86704],[67.12875,24.87419],[67.12925,24.88007],[67.13244,24.88458],[67.13239,24.88732],[67.16441,24.88699],[67.17045,24.88545]]]},"properties":{"district":"East Karachi","province":"Sindh","pcode":"PK704","pop_2023":3950031,"area_km2":202.9}},{"type":"Feature","geometry":{"type":"Polygon","coordinates":[[[70.18051,27.8549],[70.12357,27.88201],[70.09052,27.88839],[70.07616,27.89439],[70.06916,27.89539],[70.04784,27.91312],[70.04333,27.91984],[70.03515,27.92713],[70.00082,27.93743],[69.99166,27.94443],[69.97391,27.96692],[69.96786,27.98072],[69.94529,28.00481],[69.92273,28.02544],[69.87879,28.0802],[69.87322,28.09403],[69.84464,28.13431],[69.84767,28.15261],[69.84294,28.16378],[69.84386,28.16981],[69.84129,28.17002],[69.83862,28.16624],[69.8377,28.1697],[69.84236,28.17994],[69.84692,28.18222],[69.85764,28.19705],[69.85232,28.20356],[69.85159,28.20685],[69.84506,28.21344],[69.84209,28.22732],[69.83614,28.23212],[69.83165,28.24113],[69.83306,28.24961],[69.83652,28.25366],[69.83115,28.26],[69.83672,28.26877],[69.82231,28.27008],[69.81828,28.27246],[69.81548,28.27718],[69.81019,28.30252],[69.81049,28.30583],[69.81277,28.30856],[69.81271,28.3128],[69.81797,28.32082],[69.81497,28.32456],[69.81979,28.33257],[69.82076,28.33748],[69.81968,28.34225],[69.81602,28.34739],[69.81593,28.35807],[69.8119,28.36237],[69.80527,28.36197],[69.79907,28.36372],[69.79684,28.36566],[69.79534,28.37179],[69.79372,28.37164],[69.79326,28.36808],[69.7919,28.3679],[69.78992,28.3728],[69.7943,28.37988],[69.78417,28.38004],[69.7619,28.38471],[69.75139,28.40293],[69.74968,28.40422],[69.74085,28.39853],[69.72836,28.39317],[69.71159,28.39246],[69.70373,28.3896],[69.69481,28.38354],[69.68196,28.36676],[69.6734,28.35249],[69.66554,28.3482],[69.65077,28.34561],[69.67002,28.33084],[69.6963,28.29926],[69.70259,28.29381],[69.70789,28.29215],[69.71891,28.293],[69.74579,28.31216],[69.75152,28.31357],[69.75783,28.31155],[69.75799,28.30523],[69.75318,28.29284],[69.75024,28.27855],[69.74735,28.24921],[69.74322,28.24128],[69.73808,28.23662],[69.73277,28.23466],[69.72244,28.23576],[69.71452,28.24068],[69.70563,28.253],[69.69405,28.2592],[69.6875,28.25761],[69.67256,28.2501],[69.67008,28.24597],[69.67365,28.22916],[69.67219,28.2243],[69.66891,28.22251],[69.66258,28.22056],[69.63976,28.22536],[69.62305,28.22671],[69.61631,28.22583],[69.60567,28.22029],[69.60345,28.22301],[69.59725,28.24521],[69.58538,28.24972],[69.56333,28.24783],[69.5477,28.25793],[69.54233,28.26445],[69.53795,28.26664],[69.52428,28.26759],[69.52195,28.26558],[69.52137,28.25551],[69.51461,28.24078],[69.52536,28.22982],[69.531,28.21482],[69.53627,28.20938],[69.55156,28.20751],[69.57253,28.20255],[69.58056,28.20004],[69.58177,28.19823],[69.58031,28.1921],[69.56984,28.17861],[69.56798,28.17356],[69.5667,28.16364],[69.56237,28.15428],[69.56514,28.1382],[69.56238,28.13004],[69.55927,28.12678],[69.55419,28.12376],[69.54278,28.12254],[69.53323,28.12727],[69.52938,28.13234],[69.52819,28.13848],[69.52609,28.16808],[69.51613,28.17353],[69.51311,28.18221],[69.50392,28.1905],[69.49641,28.19576],[69.47924,28.20371],[69.47446,28.20209],[69.47224,28.19473],[69.46711,28.19144],[69.45927,28.18305],[69.45192,28.17208],[69.44282,28.15097],[69.44001,28.14839],[69.4265,28.15037],[69.40021,28.15714],[69.38502,28.16688],[69.38247,28.16711],[69.37819,28.16356],[69.37393,28.16368],[69.36543,28.1593],[69.35662,28.14617],[69.33402,28.12336],[69.31661,28.12426],[69.31052,28.12018],[69.30636,28.11307],[69.30319,28.11178],[69.28242,28.10983],[69.27445,28.10601],[69.2703,28.10149],[69.23791,28.09599],[69.22335,28.09099],[69.19985,28.06623],[69.20349,28.04996],[69.1942,28.02816],[69.1973,28.01985],[69.20015,28.00253],[69.19565,27.99665],[69.18645,27.99332],[69.18842,27.99089],[69.18273,27.98459],[69.17735,27.98036],[69.1652,27.97553],[69.16438,27.97253],[69.17388,27.96963],[69.17725,27.96708],[69.18059,27.96089],[69.1835,27.94664],[69.18286,27.94304],[69.17953,27.94082],[69.17808,27.93696],[69.1837,27.91386],[69.18954,27.90964],[69.1917,27.90097],[69.20171,27.88379],[69.20237,27.87692],[69.2112,27.86148],[69.21392,27.84581],[69.21655,27.84121],[69.23356,27.82429],[69.24355,27.80473],[69.24805,27.80038],[69.26287,27.79196],[69.26232,27.78777],[69.25381,27.77601],[69.25342,27.77075],[69.25509,27.76693],[69.27311,27.75093],[69.29278,27.75554],[69.298,27.74799],[69.31021,27.73727],[69.31437,27.73179],[69.29391,27.72698],[69.29098,27.72564],[69.28557,27.71573],[69.28062,27.71247],[69.27497,27.70982],[69.27017,27.71179],[69.27022,27.70208],[69.24856,27.66512],[69.24091,27.64614],[69.26118,27.62034],[69.26444,27.61348],[69.28949,27.57994],[69.31563,27.55309],[69.32956,27.54373],[69.33925,27.53965],[69.36509,27.53458],[69.42294,27.53029],[69.42736,27.52852],[69.43369,27.52163],[69.44682,27.51248],[69.5301,27.51462],[69.53529,27.51583],[69.54199,27.52191],[69.55319,27.52178],[69.55633,27.51995],[69.55793,27.51602],[69.55345,27.49767],[69.54374,27.48066],[69.52833,27.46049],[69.57511,27.43276],[69.61076,27.40477],[69.61835,27.40043],[69.63531,27.39407],[69.66153,27.38855],[69.72206,27.36318],[69.77038,27.32891],[69.81254,27.35961],[69.83253,27.37876],[69.86197,27.40278],[69.90762,27.45958],[69.93625,27.50211],[70.01627,27.55599],[70.02457,27.56969],[70.10781,27.76687],[70.15695,27.83405],[70.18051,27.8549]]]},"properties":{"district":"Ghotki","province":"Sindh","pcode":"PK705","pop_2023":1772609,"area_km2":6366.9}},{"type":"Feature","geometry":{"type":"Polygon","coordinates":[[[68.61703,25.29216],[68.61696,25.30377],[68.61412,25.31247],[68.6075,25.31804],[68.58644,25.32796],[68.56949,25.36625],[68.57175,25.36715],[68.57466,25.36526],[68.58112,25.3548],[68.59254,25.34684],[68.61568,25.34445],[68.62211,25.34636],[68.62549,25.35083],[68.62501,25.3576],[68.60642,25.38027],[68.60764,25.38672],[68.61456,25.39354],[68.61598,25.39966],[68.61127,25.40664],[68.58846,25.43128],[68.58647,25.43581],[68.58374,25.43875],[68.50395,25.47095],[68.47971,25.48234],[68.47137,25.48811],[68.45087,25.50828],[68.44471,25.53388],[68.44001,25.53818],[68.4107,25.54941],[68.38651,25.5504],[68.37885,25.55268],[68.38606,25.5346],[68.39168,25.52552],[68.39047,25.5226],[68.38549,25.52079],[68.3658,25.519],[68.34818,25.51466],[68.31886,25.5038],[68.31213,25.49909],[68.30226,25.48411],[68.30202,25.46486],[68.30723,25.43515],[68.30527,25.42732],[68.29337,25.4135],[68.29221,25.4006],[68.29356,25.39364],[68.30608,25.36652],[68.31552,25.35419],[68.32262,25.33606],[68.33728,25.3146],[68.34268,25.29412],[68.34143,25.28543],[68.33517,25.26831],[68.32128,25.24582],[68.32343,25.24079],[68.34419,25.21894],[68.34858,25.21306],[68.36305,25.18498],[68.36524,25.18203],[68.37324,25.17773],[68.38565,25.1784],[68.39606,25.17054],[68.40304,25.16971],[68.40729,25.17182],[68.41676,25.16603],[68.41889,25.16617],[68.42502,25.17188],[68.43011,25.17434],[68.43884,25.17291],[68.45366,25.17859],[68.46494,25.17993],[68.46896,25.17924],[68.47225,25.17674],[68.4762,25.16485],[68.48791,25.15938],[68.50553,25.15945],[68.51762,25.1619],[68.52385,25.15816],[68.52974,25.1579],[68.53002,25.16571],[68.54179,25.16778],[68.54334,25.17092],[68.54333,25.17802],[68.54584,25.17937],[68.55246,25.17284],[68.55525,25.17378],[68.55875,25.18207],[68.55798,25.19286],[68.55295,25.20203],[68.53771,25.2132],[68.53657,25.21733],[68.53915,25.22122],[68.54669,25.22152],[68.55521,25.21744],[68.5592,25.2134],[68.56536,25.20232],[68.57873,25.19221],[68.58036,25.18991],[68.58094,25.18299],[68.58329,25.17939],[68.59071,25.17907],[68.60407,25.19191],[68.6077,25.19762],[68.60567,25.21675],[68.59975,25.23499],[68.60172,25.23801],[68.631,25.24232],[68.64064,25.24609],[68.64321,25.25029],[68.64189,25.25762],[68.62204,25.27903],[68.61861,25.28479],[68.61703,25.29216]]]},"properties":{"district":"Hyderabad","province":"Sindh","pcode":"PK706","pop_2023":2432540,"area_km2":1018.9}},{"type":"Feature","geometry":{"type":"Polygon","coordinates":[[[68.92007,28.43022],[68.88446,28.432],[68.75715,28.42981],[68.47069,28.43147],[68.46463,28.43013],[68.43421,28.40901],[68.41286,28.3945],[68.40523,28.38762],[68.35912,28.29103],[68.35344,28.28482],[68.35037,28.28287],[68.209,28.24252],[68.01778,28.09205],[67.97472,28.07525],[67.96442,28.0696],[67.94286,28.04377],[67.93017,28.02046],[67.91296,27.9943],[67.93998,27.97787],[67.96436,27.98297],[67.98559,27.9824],[68.00464,27.97878],[68.01025,27.9809],[68.02387,27.98974],[68.0353,27.99088],[68.04736,27.99057],[68.04999,27.98877],[68.05424,27.9806],[68.05777,27.97987],[68.07423,27.98156],[68.08605,27.9808],[68.09474,27.97372],[68.11601,27.9428],[68.12007,27.93466],[68.12281,27.93023],[68.12875,27.92864],[68.13689,27.9294],[68.14186,27.9372],[68.14428,27.9378],[68.19337,27.934],[68.19894,27.92415],[68.20098,27.92197],[68.20366,27.92173],[68.20986,27.92511],[68.21555,27.92447],[68.21911,27.93198],[68.22956,27.933],[68.24045,27.92892],[68.24487,27.92417],[68.27281,27.92296],[68.28874,27.92459],[68.2911,27.92628],[68.28848,27.93695],[68.29745,27.93545],[68.30922,27.93071],[68.31161,27.93105],[68.31245,27.94371],[68.30927,27.99989],[68.32091,28.09585],[68.32087,28.11401],[68.32354,28.12023],[68.36549,28.11494],[68.37971,28.11191],[68.40096,28.11357],[68.44361,28.12693],[68.46986,28.14486],[68.48706,28.15303],[68.50736,28.15835],[68.52693,28.16066],[68.56495,28.15406],[68.59419,28.15211],[68.62308,28.15528],[68.64131,28.15355],[68.66695,28.14654],[68.67898,28.14162],[68.68783,28.13593],[68.70461,28.12975],[68.7209,28.12756],[68.73837,28.1289],[68.7585,28.12503],[68.78751,28.11082],[68.81579,28.10632],[68.84175,28.09768],[68.85519,28.09597],[68.88271,28.08272],[68.89938,28.09044],[68.91715,28.09491],[68.9291,28.08821],[68.92555,28.09738],[68.91002,28.1102],[68.90705,28.11604],[68.91053,28.13838],[68.90894,28.16042],[68.90336,28.18006],[68.90341,28.18844],[68.8668,28.19169],[68.85877,28.18931],[68.85014,28.18395],[68.83461,28.18358],[68.82426,28.20061],[68.81756,28.20768],[68.81987,28.2136],[68.85066,28.22046],[68.8572,28.24068],[68.8876,28.29501],[68.92244,28.27678],[68.92671,28.28552],[68.92895,28.31361],[68.92419,28.37723],[68.92424,28.39937],[68.92007,28.43022]]]},"properties":{"district":"Jacobabad","province":"Sindh","pcode":"PK707","pop_2023":1174097,"area_km2":2691.2}},{"type":"Feature","geometry":{"type":"Polygon","coordinates":[[[67.91136,26.54915],[67.90707,26.55029],[67.90248,26.54957],[67.87323,26.54105],[67.86203,26.54064],[67.85843,26.54214],[67.83652,26.56006],[67.80705,26.57113],[67.8015,26.58755],[67.80162,26.58995],[67.80759,26.59724],[67.79989,26.59806],[67.79943,26.60193],[67.79631,26.60423],[67.79196,26.60459],[67.75727,26.59875],[67.75333,26.59454],[67.75213,26.58996],[67.75368,26.58573],[67.75934,26.58112],[67.75877,26.57775],[67.75516,26.57548],[67.74853,26.57553],[67.74344,26.57731],[67.73953,26.5812],[67.73639,26.58068],[67.73403,26.5784],[67.71677,26.58023],[67.71362,26.57812],[67.71086,26.5732],[67.70811,26.57215],[67.70183,26.57253],[67.69302,26.57591],[67.6889,26.57434],[67.68298,26.5666],[67.67314,26.56064],[67.6575,26.55969],[67.64716,26.56516],[67.63332,26.55823],[67.62743,26.53998],[67.63132,26.53119],[67.62957,26.52035],[67.63023,26.51304],[67.64568,26.47607],[67.64635,26.46897],[67.63483,26.45498],[67.62771,26.44077],[67.62581,26.43358],[67.625,26.4141],[67.62187,26.4014],[67.6053,26.38269],[67.59953,26.37222],[67.59117,26.36783],[67.57716,26.33642],[67.57133,26.33108],[67.53785,26.34295],[67.53233,26.34289],[67.51888,26.33923],[67.49936,26.33851],[67.49679,26.33644],[67.49502,26.33344],[67.49322,26.32161],[67.49129,26.29032],[67.49307,26.27701],[67.50026,26.26178],[67.50323,26.2499],[67.48914,26.21006],[67.48576,26.17883],[67.48188,26.16281],[67.46721,26.13772],[67.45206,26.12323],[67.42296,26.10239],[67.41315,26.08719],[67.42204,26.08004],[67.42642,26.07296],[67.42756,26.06594],[67.42677,26.05954],[67.41718,26.03462],[67.40529,25.9625],[67.40411,25.90833],[67.40244,25.89086],[67.39904,25.88275],[67.40131,25.86813],[67.41464,25.82825],[67.41314,25.81836],[67.41099,25.80849],[67.40291,25.7923],[67.37983,25.76822],[67.35797,25.74002],[67.34668,25.72389],[67.33714,25.70605],[67.32115,25.64919],[67.32097,25.64045],[67.35712,25.6393],[67.37157,25.64319],[67.37712,25.64312],[67.38104,25.63912],[67.38454,25.6186],[67.39348,25.59583],[67.39197,25.57519],[67.39304,25.54431],[67.39741,25.51501],[67.39783,25.49745],[67.40472,25.47458],[67.41106,25.46107],[67.41296,25.45111],[67.41172,25.44715],[67.40163,25.43605],[67.3902,25.41129],[67.38405,25.38936],[67.37662,25.37505],[67.37992,25.363],[67.37933,25.35966],[67.35921,25.30868],[67.35374,25.3007],[67.35075,25.30003],[67.34694,25.306],[67.34361,25.30564],[67.33274,25.30028],[67.33083,25.2963],[67.3298,25.28386],[67.32136,25.26921],[67.30387,25.2556],[67.30493,25.24653],[67.29403,25.23421],[67.29075,25.23247],[67.28926,25.22829],[67.28448,25.22257],[67.28249,25.20557],[67.28413,25.1994],[67.28165,25.19487],[67.27727,25.19254],[67.27409,25.18647],[67.28274,25.17891],[67.30905,25.16499],[67.31228,25.15927],[67.31183,25.1534],[67.31556,25.15096],[67.35754,25.14793],[67.46119,25.09982],[67.46923,25.0919],[67.4919,25.07817],[67.50371,25.06503],[67.51067,25.05202],[67.5112,25.04303],[67.51441,25.03341],[67.51518,24.99892],[67.51797,24.98475],[67.52269,24.98157],[67.55877,24.96931],[67.57904,24.96743],[67.58707,24.9713],[67.62047,25.00227],[67.63842,25.01592],[67.64794,25.01708],[67.65763,25.01536],[67.7002,25.00132],[67.71034,25.00087],[67.71294,25.0048],[67.72542,25.03962],[67.7362,25.06182],[67.75712,25.07773],[67.76664,25.08322],[67.77574,25.08542],[67.79572,25.08714],[67.80233,25.09038],[67.80643,25.09432],[67.81508,25.11791],[67.82756,25.18998],[67.82655,25.19494],[67.82054,25.2056],[67.82032,25.21417],[67.83467,25.22554],[67.84431,25.23762],[67.85333,25.25862],[67.85635,25.26217],[67.86137,25.2666],[67.8743,25.27091],[67.88599,25.29051],[67.90595,25.30146],[67.90849,25.30546],[67.90904,25.3086],[67.90663,25.31222],[67.90669,25.31582],[67.91383,25.32874],[67.91341,25.33279],[67.90572,25.34637],[67.90436,25.35357],[67.90657,25.36018],[67.92557,25.37114],[67.93009,25.37557],[67.93526,25.39021],[67.93885,25.39566],[67.93929,25.40727],[67.94445,25.40839],[67.95148,25.40719],[67.96792,25.41014],[67.98457,25.43333],[67.99139,25.44102],[67.99655,25.44383],[68.01874,25.44461],[68.0333,25.44119],[68.09028,25.40828],[68.10506,25.39645],[68.13971,25.33659],[68.15724,25.31232],[68.17041,25.30153],[68.20065,25.29659],[68.21798,25.30026],[68.23829,25.29169],[68.25196,25.2937],[68.25986,25.28752],[68.2674,25.28578],[68.30489,25.28551],[68.32071,25.28695],[68.34268,25.29412],[68.33728,25.3146],[68.32262,25.33606],[68.31552,25.35419],[68.30608,25.36652],[68.29356,25.39364],[68.29221,25.4006],[68.29337,25.4135],[68.30527,25.42732],[68.30723,25.43515],[68.30202,25.46486],[68.30226,25.48411],[68.31213,25.49909],[68.31886,25.5038],[68.34818,25.51466],[68.3658,25.519],[68.38549,25.52079],[68.39047,25.5226],[68.39168,25.52552],[68.38606,25.5346],[68.37885,25.55268],[68.36719,25.57872],[68.3533,25.59844],[68.35378,25.6103],[68.36585,25.6252],[68.3792,25.63211],[68.41728,25.64265],[68.45279,25.65674],[68.45851,25.66296],[68.46152,25.67416],[68.41051,25.68933],[68.38638,25.69955],[68.33068,25.72566],[68.31629,25.73405],[68.30855,25.74518],[68.30051,25.76225],[68.30061,25.77868],[68.30302,25.78341],[68.3075,25.78623],[68.32074,25.78924],[68.3269,25.79299],[68.33052,25.80126],[68.33069,25.81856],[68.32887,25.83038],[68.32501,25.84066],[68.31842,25.85545],[68.27144,25.88321],[68.24499,25.90534],[68.23555,25.91554],[68.23474,25.92151],[68.23534,25.92627],[68.263,25.95814],[68.27308,25.97218],[68.27747,25.99266],[68.2678,25.99473],[68.25949,26.00414],[68.24037,25.99905],[68.21191,25.99717],[68.18849,25.99787],[68.17345,26.00118],[68.13341,26.04512],[68.04477,26.12737],[68.0242,26.14878],[68.02113,26.15431],[68.02035,26.16274],[68.02239,26.17306],[68.02078,26.18844],[68.01615,26.1965],[68.01243,26.19958],[67.9911,26.20123],[67.98354,26.20443],[67.96493,26.22032],[67.95846,26.22349],[67.94246,26.23584],[67.92991,26.23771],[67.91756,26.245],[67.91148,26.25185],[67.90746,26.26186],[67.90691,26.29155],[67.90544,26.29442],[67.89879,26.29476],[67.89232,26.28308],[67.89033,26.27375],[67.88557,26.27117],[67.88155,26.27301],[67.88036,26.28641],[67.87268,26.29698],[67.87742,26.30441],[67.87228,26.33378],[67.87294,26.33838],[67.89039,26.35234],[67.89611,26.37884],[67.90305,26.39567],[67.9056,26.40681],[67.90475,26.41083],[67.88753,26.41204],[67.87776,26.41452],[67.87431,26.41834],[67.87451,26.42125],[67.88071,26.43224],[67.91242,26.46798],[67.92085,26.48475],[67.92203,26.4976],[67.92095,26.50957],[67.91673,26.52434],[67.90904,26.54261],[67.90907,26.54592],[67.91136,26.54915]]]},"properties":{"district":"Jamshoro","province":"Sindh","pcode":"PK708","pop_2023":1117308,"area_km2":11230.9}},{"type":"Feature","geometry":{"type":"Polygon","coordinates":[[[68.12007,27.93466],[68.11601,27.9428],[68.09474,27.97372],[68.08605,27.9808],[68.07423,27.98156],[68.05777,27.97987],[68.05424,27.9806],[68.04999,27.98877],[68.04736,27.99057],[68.0353,27.99088],[68.02387,27.98974],[68.01025,27.9809],[68.00464,27.97878],[67.98559,27.9824],[67.96436,27.98297],[67.93998,27.97787],[67.91296,27.9943],[67.88982,27.99956],[67.87725,28.00017],[67.86639,27.99839],[67.85476,27.99121],[67.81239,27.98547],[67.79437,27.97616],[67.79044,27.96815],[67.78857,27.95162],[67.77759,27.94426],[67.77259,27.94272],[67.76858,27.94527],[67.76083,27.94574],[67.71015,27.93791],[67.67068,27.93424],[67.57958,27.91925],[67.56071,27.91062],[67.55209,27.902],[67.54939,27.90152],[67.5332,27.90677],[67.41997,27.89274],[67.41618,27.89513],[67.41185,27.90517],[67.40914,27.90803],[67.40428,27.90994],[67.39424,27.90968],[67.39275,27.88999],[67.38486,27.86487],[67.37226,27.84185],[67.36045,27.81533],[67.35471,27.79592],[67.35705,27.768],[67.35154,27.74917],[67.33739,27.72545],[67.30992,27.69894],[67.2699,27.67172],[67.25421,27.65846],[67.24873,27.64799],[67.23611,27.59443],[67.22908,27.5749],[67.22047,27.56303],[67.18679,27.53998],[67.18288,27.5323],[67.17746,27.48696],[67.17516,27.4472],[67.19159,27.43716],[67.20534,27.42551],[67.21847,27.42417],[67.23345,27.41732],[67.23798,27.41222],[67.23945,27.40454],[67.24178,27.40265],[67.25635,27.39835],[67.26431,27.39292],[67.27653,27.39295],[67.29841,27.38705],[67.30695,27.37973],[67.31425,27.36714],[67.33839,27.37594],[67.34167,27.37545],[67.34607,27.37194],[67.34892,27.35716],[67.35761,27.35693],[67.36152,27.35796],[67.36297,27.35982],[67.36655,27.37543],[67.37205,27.38105],[67.37577,27.38305],[67.38239,27.38335],[67.39709,27.381],[67.41749,27.37364],[67.43447,27.36511],[67.43819,27.35724],[67.45619,27.35486],[67.45985,27.3519],[67.46446,27.34325],[67.47886,27.33868],[67.49109,27.33041],[67.50046,27.31924],[67.51057,27.3169],[67.52964,27.3145],[67.56161,27.31771],[67.57576,27.3129],[67.59626,27.31143],[67.60665,27.31228],[67.6162,27.31572],[67.62652,27.32325],[67.6324,27.3244],[67.64089,27.32125],[67.64979,27.30951],[67.65793,27.30234],[67.69363,27.29938],[67.71599,27.299],[67.76988,27.30112],[67.79362,27.30002],[67.82555,27.30308],[67.84992,27.30912],[67.86187,27.31655],[67.8682,27.31767],[67.88746,27.31244],[67.91594,27.29732],[67.93051,27.29338],[67.97749,27.29369],[67.99543,27.29239],[68.00146,27.33581],[68.01293,27.35376],[68.01665,27.36943],[68.02156,27.37332],[68.04923,27.36625],[68.05188,27.3667],[68.05616,27.37273],[68.05802,27.38046],[68.05489,27.3887],[68.04299,27.38326],[68.03293,27.38525],[68.0204,27.39498],[68.00423,27.40254],[68.00188,27.40521],[68.0018,27.40855],[68.00867,27.42082],[68.0214,27.43788],[68.02515,27.44049],[68.03526,27.44322],[68.03087,27.44787],[68.02998,27.45804],[68.03316,27.46467],[68.04157,27.47201],[68.05185,27.49075],[68.05005,27.52226],[68.061,27.53093],[68.05863,27.53338],[68.06156,27.53665],[68.06027,27.53953],[68.07489,27.5388],[68.07734,27.55441],[68.08245,27.55606],[68.08186,27.55773],[68.07455,27.55896],[68.07338,27.5613],[68.07932,27.56248],[68.07737,27.56612],[68.08032,27.57296],[68.08404,27.57669],[68.09184,27.58072],[68.09769,27.58141],[68.11043,27.60602],[68.12203,27.60482],[68.12394,27.60776],[68.12237,27.61296],[68.12278,27.6256],[68.12004,27.63285],[68.12025,27.64181],[68.11731,27.64741],[68.11534,27.67119],[68.10804,27.6887],[68.10988,27.70093],[68.13016,27.69183],[68.12899,27.68382],[68.15601,27.68446],[68.16429,27.68774],[68.18283,27.70647],[68.19557,27.70923],[68.19646,27.71405],[68.19392,27.72294],[68.1861,27.73371],[68.17292,27.74744],[68.17163,27.75523],[68.17712,27.78374],[68.18918,27.79889],[68.18954,27.81038],[68.1856,27.82992],[68.16769,27.86731],[68.14412,27.88789],[68.13996,27.89758],[68.11896,27.92189],[68.1176,27.93226],[68.12007,27.93466]]]},"properties":{"district":"Kambar Shahdad Kot","province":"Sindh","pcode":"PK709","pop_2023":1514869,"area_km2":5597.2}},{"type":"Feature","geometry":{"type":"Polygon","coordinates":[[[69.74968,28.40422],[69.73217,28.41907],[69.71607,28.42429],[69.6871,28.42991],[69.66803,28.42806],[69.64703,28.42838],[69.62701,28.43215],[69.60595,28.43954],[69.60483,28.44045],[69.60558,28.44411],[69.625,28.46301],[69.626,28.46624],[69.62454,28.46754],[69.52128,28.48446],[69.47556,28.48376],[69.4467,28.47782],[69.43103,28.47248],[69.41653,28.44922],[69.39406,28.44642],[69.36376,28.44564],[69.27507,28.44626],[69.1275,28.44061],[69.06615,28.4347],[69.00129,28.43122],[68.92007,28.43022],[68.92424,28.39937],[68.92419,28.37723],[68.92895,28.31361],[68.92671,28.28552],[68.92244,28.27678],[68.8876,28.29501],[68.8572,28.24068],[68.85066,28.22046],[68.81987,28.2136],[68.81756,28.20768],[68.82426,28.20061],[68.83461,28.18358],[68.85014,28.18395],[68.85877,28.18931],[68.8668,28.19169],[68.90341,28.18844],[68.90336,28.18006],[68.90894,28.16042],[68.91053,28.13838],[68.90705,28.11604],[68.91002,28.1102],[68.92555,28.09738],[68.9291,28.08821],[68.93318,28.08767],[68.93751,28.0892],[68.94495,28.09636],[68.94681,28.0943],[68.94868,28.08628],[68.95435,28.07953],[68.96861,28.07973],[68.99325,28.0865],[69.00628,28.08521],[69.01587,28.07967],[69.03361,28.06557],[69.06262,28.03295],[69.06515,28.02939],[69.06469,28.02535],[69.06304,28.01957],[69.06378,28.0138],[69.08371,27.98936],[69.09109,27.99171],[69.10897,28.00913],[69.11584,28.01239],[69.13922,27.99734],[69.15268,27.99128],[69.16334,27.98984],[69.18645,27.99332],[69.19565,27.99665],[69.20015,28.00253],[69.1973,28.01985],[69.1942,28.02816],[69.20349,28.04996],[69.19985,28.06623],[69.22335,28.09099],[69.23791,28.09599],[69.2703,28.10149],[69.27445,28.10601],[69.28242,28.10983],[69.30319,28.11178],[69.30636,28.11307],[69.31052,28.12018],[69.31661,28.12426],[69.33402,28.12336],[69.35662,28.14617],[69.36543,28.1593],[69.37393,28.16368],[69.37819,28.16356],[69.38247,28.16711],[69.38502,28.16688],[69.40021,28.15714],[69.4265,28.15037],[69.44001,28.14839],[69.44282,28.15097],[69.45192,28.17208],[69.45927,28.18305],[69.46711,28.19144],[69.47224,28.19473],[69.47446,28.20209],[69.47924,28.20371],[69.46893,28.20867],[69.46671,28.21139],[69.46796,28.21752],[69.47864,28.23517],[69.4803,28.24274],[69.47953,28.25205],[69.47514,28.26483],[69.48796,28.25865],[69.50198,28.24705],[69.51461,28.24078],[69.52137,28.25551],[69.52195,28.26558],[69.52428,28.26759],[69.53795,28.26664],[69.54233,28.26445],[69.5477,28.25793],[69.56333,28.24783],[69.58538,28.24972],[69.59725,28.24521],[69.59528,28.27318],[69.59169,28.28836],[69.58866,28.29451],[69.57933,28.30484],[69.55341,28.35239],[69.53354,28.38081],[69.53358,28.38875],[69.53994,28.39342],[69.54853,28.39591],[69.55569,28.3966],[69.55915,28.39514],[69.57922,28.36726],[69.58344,28.35316],[69.58804,28.34928],[69.60458,28.34758],[69.61356,28.34808],[69.62707,28.35235],[69.63544,28.35285],[69.65077,28.34561],[69.66554,28.3482],[69.6734,28.35249],[69.68196,28.36676],[69.69481,28.38354],[69.70373,28.3896],[69.71159,28.39246],[69.72836,28.39317],[69.74085,28.39853],[69.74968,28.40422]]]},"properties":{"district":"Kashmore","province":"Sindh","pcode":"PK710","pop_2023":1233957,"area_km2":2614.9}},{"type":"Feature","geometry":{"type":"Polygon","coordinates":[[[68.68975,27.77643],[68.68408,27.77951],[68.67744,27.78097],[68.65801,27.77869],[68.64044,27.78136],[68.63501,27.77742],[68.62638,27.76212],[68.6203,27.75736],[68.61122,27.74653],[68.59874,27.72485],[68.58084,27.7164],[68.56125,27.70924],[68.55295,27.71058],[68.53155,27.71753],[68.51058,27.71852],[68.50199,27.7146],[68.48694,27.70119],[68.46231,27.68495],[68.49716,27.64142],[68.49554,27.62793],[68.48227,27.61956],[68.46593,27.61693],[68.45306,27.61673],[68.44403,27.60782],[68.43413,27.60485],[68.42352,27.60526],[68.40883,27.6028],[68.36875,27.60345],[68.35686,27.60522],[68.35172,27.60908],[68.34254,27.60435],[68.33454,27.59608],[68.33236,27.58699],[68.33417,27.57996],[68.34341,27.56587],[68.34758,27.55215],[68.34635,27.53702],[68.34399,27.5317],[68.33651,27.52437],[68.31753,27.51442],[68.30669,27.50362],[68.30288,27.50209],[68.29054,27.50165],[68.28216,27.49976],[68.27223,27.4926],[68.27782,27.47976],[68.27984,27.46605],[68.29247,27.44846],[68.29779,27.4369],[68.30013,27.42579],[68.32111,27.39964],[68.32857,27.39378],[68.34177,27.38769],[68.34495,27.38492],[68.34749,27.37839],[68.34717,27.37519],[68.33871,27.36475],[68.33202,27.35935],[68.31406,27.35428],[68.29803,27.35471],[68.27787,27.35868],[68.26464,27.35605],[68.25486,27.35235],[68.22364,27.33375],[68.21749,27.32175],[68.21568,27.30034],[68.21319,27.29184],[68.20908,27.2859],[68.18905,27.26735],[68.18151,27.2549],[68.18095,27.23771],[68.18771,27.22878],[68.19426,27.23028],[68.20217,27.23535],[68.20965,27.23138],[68.22072,27.22864],[68.22275,27.22485],[68.22776,27.2209],[68.23168,27.21988],[68.24201,27.22065],[68.25218,27.2148],[68.25954,27.21274],[68.28285,27.20881],[68.28638,27.2098],[68.28902,27.21562],[68.29125,27.21571],[68.30889,27.20757],[68.33704,27.20616],[68.34048,27.20483],[68.34567,27.19558],[68.35393,27.18946],[68.35487,27.18665],[68.35365,27.18031],[68.34824,27.17148],[68.34825,27.16796],[68.36032,27.16638],[68.36217,27.15523],[68.36443,27.15264],[68.40214,27.13482],[68.40959,27.12921],[68.41695,27.12017],[68.42246,27.10421],[68.42859,27.09599],[68.43938,27.08603],[68.44672,27.06811],[68.44855,27.05516],[68.44601,27.03633],[68.43992,27.02307],[68.43255,27.01241],[68.42083,26.9986],[68.41178,26.99122],[68.38719,26.98184],[68.38373,26.9782],[68.37009,26.94427],[68.35367,26.91891],[68.34436,26.90595],[68.33953,26.90192],[68.33594,26.89947],[68.32518,26.89651],[68.32783,26.89365],[68.33777,26.8916],[68.32735,26.87357],[68.32359,26.85478],[68.32247,26.83627],[68.31702,26.81698],[68.328,26.78883],[68.32668,26.78353],[68.31747,26.77114],[68.31476,26.7543],[68.29648,26.69269],[68.28692,26.67926],[68.28749,26.66073],[68.2885,26.6557],[68.29071,26.65434],[68.32716,26.64173],[68.3456,26.64059],[68.35674,26.63812],[68.35676,26.63006],[68.37267,26.62722],[68.40067,26.62704],[68.42042,26.62005],[68.43675,26.62123],[68.46283,26.61635],[68.47646,26.61205],[68.49039,26.61525],[68.51266,26.6145],[68.57585,26.60208],[68.67246,26.5929],[68.71301,26.59323],[68.73833,26.59101],[68.74306,26.58984],[68.75175,26.58391],[68.75828,26.58691],[68.76103,26.58629],[68.78212,26.57603],[68.80411,26.56235],[68.8141,26.55278],[68.82088,26.54285],[68.83506,26.50228],[68.84558,26.48984],[68.84921,26.48219],[68.85224,26.46504],[68.84716,26.43683],[68.87091,26.44545],[68.91477,26.46869],[68.91911,26.4692],[68.92402,26.45565],[68.94344,26.42722],[68.95246,26.38943],[68.95096,26.37622],[68.95246,26.37148],[68.97542,26.36572],[68.98314,26.36166],[68.99765,26.33711],[69.01765,26.29839],[69.06128,26.29295],[69.06203,26.28922],[69.05637,26.27162],[69.05316,26.25453],[69.0556,26.25198],[69.0635,26.24927],[69.06576,26.25705],[69.06877,26.25823],[69.08061,26.25484],[69.08042,26.25061],[69.07292,26.23665],[69.07401,26.23436],[69.08941,26.22791],[69.11673,26.22236],[69.16071,26.22332],[69.1889,26.22767],[69.23516,26.23774],[69.25498,26.23072],[69.33386,26.22394],[69.36393,26.2183],[69.39426,26.21454],[69.43311,26.21464],[69.50015,26.21196],[69.54057,26.20724],[69.55787,26.20163],[69.57005,26.20021],[69.58716,26.20528],[69.60215,26.21245],[69.6265,26.21014],[69.65935,26.21194],[69.68851,26.20568],[69.71049,26.20385],[69.75883,26.20291],[69.80592,26.20675],[69.83707,26.20555],[69.85641,26.20093],[69.86923,26.19602],[69.89452,26.19046],[69.93044,26.18716],[69.94415,26.18225],[69.98034,26.18054],[70.00825,26.17685],[70.04816,26.16038],[70.07434,26.15266],[70.11201,26.14959],[70.12125,26.14541],[70.12715,26.14046],[70.14519,26.16615],[70.15942,26.19449],[70.17267,26.24508],[70.17076,26.25906],[70.16525,26.27715],[70.1646,26.29092],[70.16674,26.307],[70.17831,26.34977],[70.1779,26.36584],[70.17934,26.37526],[70.17599,26.4333],[70.1839,26.48683],[70.17854,26.5141],[70.16774,26.55075],[70.15022,26.56829],[70.13893,26.57439],[70.10688,26.58952],[70.08844,26.59557],[70.06619,26.59929],[70.02485,26.59871],[69.91834,26.58261],[69.87931,26.58109],[69.85555,26.58292],[69.81536,26.59216],[69.79484,26.59998],[69.77194,26.61375],[69.74327,26.63846],[69.72187,26.65384],[69.69898,26.66507],[69.67666,26.67263],[69.60831,26.70031],[69.60184,26.70505],[69.5921,26.70723],[69.58054,26.71192],[69.57461,26.71552],[69.52242,26.73601],[69.51545,26.74006],[69.50765,26.74845],[69.48751,26.79365],[69.48373,26.80623],[69.48551,26.82347],[69.50094,26.90033],[69.50359,26.94329],[69.51321,27.01687],[69.53558,27.06561],[69.51418,27.06941],[69.49655,27.07446],[69.48254,27.0842],[69.46685,27.09793],[69.45275,27.10291],[69.42711,27.10807],[69.40152,27.1156],[69.38039,27.12464],[69.36637,27.13437],[69.328,27.15687],[69.29706,27.16446],[69.25025,27.17861],[69.19975,27.18564],[69.17664,27.18437],[69.17045,27.18604],[69.14317,27.20147],[69.12371,27.20648],[69.10642,27.20829],[69.07843,27.20784],[69.05611,27.20019],[69.02589,27.19897],[69.00816,27.20156],[68.97102,27.2131],[68.95515,27.22122],[68.93217,27.22941],[68.8903,27.25492],[68.83748,27.29277],[68.83223,27.29917],[68.83052,27.30474],[68.83923,27.35861],[68.84194,27.36175],[68.85087,27.36404],[68.86345,27.37343],[68.89185,27.4135],[68.86959,27.43351],[68.86713,27.4379],[68.86702,27.44202],[68.87516,27.45542],[68.88461,27.46529],[68.89101,27.47563],[68.89064,27.47887],[68.88825,27.48092],[68.88271,27.48157],[68.84467,27.47474],[68.83656,27.47512],[68.8329,27.48232],[68.83367,27.49782],[68.83235,27.49993],[68.83021,27.50136],[68.80724,27.50338],[68.79897,27.50928],[68.79533,27.51928],[68.79642,27.52528],[68.80276,27.52628],[68.80337,27.54579],[68.81001,27.55211],[68.80581,27.55531],[68.81464,27.56558],[68.81864,27.58884],[68.8283,27.59546],[68.82884,27.61227],[68.83041,27.61699],[68.83687,27.61439],[68.84072,27.62339],[68.85298,27.62166],[68.86193,27.62404],[68.86741,27.62383],[68.86925,27.63381],[68.85374,27.64265],[68.85151,27.65247],[68.85179,27.65919],[68.84598,27.65979],[68.8456,27.66446],[68.84294,27.66836],[68.81566,27.67237],[68.80986,27.67522],[68.78143,27.70769],[68.77861,27.71268],[68.77877,27.71577],[68.78246,27.72781],[68.78886,27.73573],[68.77791,27.73334],[68.77281,27.72684],[68.7638,27.72846],[68.76142,27.72537],[68.75713,27.72456],[68.75198,27.72846],[68.74668,27.73007],[68.73595,27.72794],[68.71964,27.72866],[68.71601,27.7382],[68.71053,27.74211],[68.70178,27.74531],[68.6995,27.76382],[68.69694,27.76966],[68.68975,27.77643]]]},"properties":{"district":"Khairpur","province":"Sindh","pcode":"PK711","pop_2023":2597535,"area_km2":16005.6}},{"type":"Feature","geometry":{"type":"Polygon","coordinates":[[[67.17045,24.88545],[67.16441,24.88699],[67.13239,24.88732],[67.13244,24.88458],[67.12925,24.88007],[67.12875,24.87419],[67.11796,24.86704],[67.11737,24.86509],[67.11247,24.86302],[67.10097,24.86424],[67.09002,24.85909],[67.09389,24.85292],[67.08552,24.83462],[67.07745,24.83263],[67.07485,24.83035],[67.07843,24.80084],[67.07989,24.79814],[67.09074,24.79214],[67.09328,24.79139],[67.09903,24.7799],[67.1023,24.77814],[67.10444,24.78719],[67.10294,24.79549],[67.10491,24.79765],[67.10882,24.79716],[67.11793,24.7816],[67.12239,24.77883],[67.12921,24.7797],[67.13521,24.78372],[67.13424,24.79374],[67.1377,24.79672],[67.16154,24.80365],[67.16115,24.80846],[67.17392,24.8109],[67.1726,24.82049],[67.18283,24.8137],[67.18518,24.81621],[67.18949,24.81256],[67.19529,24.8201],[67.19204,24.82629],[67.19417,24.8285],[67.19816,24.82955],[67.20454,24.82807],[67.20867,24.82904],[67.21339,24.8333],[67.21695,24.84139],[67.21686,24.84359],[67.20897,24.84749],[67.19633,24.85942],[67.19848,24.8619],[67.2055,24.86316],[67.20276,24.86786],[67.18563,24.88061],[67.17045,24.88545]]]},"properties":{"district":"Korangi Karachi","province":"Sindh","pcode":"PK712","pop_2023":3128971,"area_km2":104.3}},{"type":"Feature","geometry":{"type":"Polygon","coordinates":[[[68.24487,27.92417],[68.24045,27.92892],[68.22956,27.933],[68.21911,27.93198],[68.21555,27.92447],[68.20986,27.92511],[68.20366,27.92173],[68.20098,27.92197],[68.19894,27.92415],[68.19337,27.934],[68.14428,27.9378],[68.14186,27.9372],[68.13689,27.9294],[68.12875,27.92864],[68.12281,27.93023],[68.12007,27.93466],[68.1176,27.93226],[68.11896,27.92189],[68.13996,27.89758],[68.14412,27.88789],[68.16769,27.86731],[68.1856,27.82992],[68.18954,27.81038],[68.18918,27.79889],[68.17712,27.78374],[68.17163,27.75523],[68.17292,27.74744],[68.1861,27.73371],[68.19392,27.72294],[68.19646,27.71405],[68.19557,27.70923],[68.18283,27.70647],[68.16429,27.68774],[68.15601,27.68446],[68.12899,27.68382],[68.13016,27.69183],[68.10988,27.70093],[68.10804,27.6887],[68.11534,27.67119],[68.11731,27.64741],[68.12025,27.64181],[68.12004,27.63285],[68.12278,27.6256],[68.12237,27.61296],[68.12394,27.60776],[68.12203,27.60482],[68.11043,27.60602],[68.09769,27.58141],[68.09184,27.58072],[68.08404,27.57669],[68.08032,27.57296],[68.07737,27.56612],[68.07932,27.56248],[68.07338,27.5613],[68.07455,27.55896],[68.08186,27.55773],[68.08245,27.55606],[68.07734,27.55441],[68.07489,27.5388],[68.06027,27.53953],[68.06156,27.53665],[68.05863,27.53338],[68.061,27.53093],[68.05005,27.52226],[68.05185,27.49075],[68.04157,27.47201],[68.03316,27.46467],[68.02998,27.45804],[68.03087,27.44787],[68.03526,27.44322],[68.02515,27.44049],[68.0214,27.43788],[68.00867,27.42082],[68.0018,27.40855],[68.00188,27.40521],[68.00423,27.40254],[68.0204,27.39498],[68.03293,27.38525],[68.04299,27.38326],[68.05489,27.3887],[68.05802,27.38046],[68.05616,27.37273],[68.05188,27.3667],[68.04923,27.36625],[68.02156,27.37332],[68.01665,27.36943],[68.01293,27.35376],[68.00146,27.33581],[67.99543,27.29239],[67.98796,27.27975],[67.98072,27.2715],[67.95356,27.24937],[67.9528,27.24387],[67.95633,27.23557],[67.95593,27.22947],[67.95294,27.22591],[67.93968,27.22113],[67.94109,27.20222],[67.99034,27.17202],[68.00054,27.16036],[68.01288,27.15038],[68.03561,27.13463],[68.04825,27.12902],[68.07423,27.12395],[68.08423,27.12485],[68.08375,27.12704],[68.06102,27.13083],[68.05923,27.13235],[68.05914,27.13502],[68.06209,27.13776],[68.06536,27.13851],[68.08499,27.1373],[68.09057,27.13921],[68.09329,27.14181],[68.09408,27.14662],[68.09194,27.15098],[68.08055,27.16085],[68.08065,27.16405],[68.08771,27.17663],[68.09919,27.18734],[68.10035,27.19091],[68.09847,27.19399],[68.08827,27.1993],[68.0905,27.20367],[68.09738,27.20685],[68.10112,27.20681],[68.10688,27.20011],[68.11882,27.2037],[68.12248,27.19905],[68.12582,27.19877],[68.13272,27.20339],[68.14583,27.21587],[68.16779,27.2295],[68.17577,27.23042],[68.18771,27.22878],[68.18095,27.23771],[68.18151,27.2549],[68.18905,27.26735],[68.20908,27.2859],[68.21319,27.29184],[68.21568,27.30034],[68.21749,27.32175],[68.22364,27.33375],[68.25486,27.35235],[68.26464,27.35605],[68.27787,27.35868],[68.29803,27.35471],[68.31406,27.35428],[68.33202,27.35935],[68.33871,27.36475],[68.34717,27.37519],[68.34749,27.37839],[68.34495,27.38492],[68.34177,27.38769],[68.32857,27.39378],[68.32111,27.39964],[68.30013,27.42579],[68.29779,27.4369],[68.29247,27.44846],[68.27984,27.46605],[68.27782,27.47976],[68.27223,27.4926],[68.28216,27.49976],[68.29054,27.50165],[68.30288,27.50209],[68.30669,27.50362],[68.31753,27.51442],[68.33651,27.52437],[68.34399,27.5317],[68.34635,27.53702],[68.34758,27.55215],[68.34341,27.56587],[68.33417,27.57996],[68.33236,27.58699],[68.33454,27.59608],[68.34254,27.60435],[68.35172,27.60908],[68.35686,27.60522],[68.36875,27.60345],[68.40883,27.6028],[68.42352,27.60526],[68.43413,27.60485],[68.44403,27.60782],[68.45306,27.61673],[68.46593,27.61693],[68.48227,27.61956],[68.49554,27.62793],[68.49716,27.64142],[68.46231,27.68495],[68.4393,27.69452],[68.43337,27.71032],[68.42842,27.71412],[68.41625,27.7178],[68.3985,27.71614],[68.39439,27.71759],[68.3951,27.72224],[68.39889,27.7284],[68.39812,27.73246],[68.39396,27.73631],[68.38768,27.737],[68.37756,27.73453],[68.3648,27.74196],[68.34936,27.7466],[68.34392,27.74998],[68.34479,27.76567],[68.3419,27.78046],[68.33704,27.79088],[68.31893,27.81329],[68.28997,27.84451],[68.28982,27.8501],[68.29404,27.85708],[68.29266,27.86284],[68.28388,27.86971],[68.27591,27.86657],[68.27278,27.86779],[68.26106,27.88217],[68.25196,27.8993],[68.24487,27.92417]]]},"properties":{"district":"Larkana","province":"Sindh","pcode":"PK713","pop_2023":1784453,"area_km2":1921}},{"type":"Feature","geometry":{"type":"MultiPolygon","coordinates":[[[[67.51797,24.98475],[67.51518,24.99892],[67.51441,25.03341],[67.5112,25.04303],[67.51067,25.05202],[67.50371,25.06503],[67.4919,25.07817],[67.46923,25.0919],[67.46119,25.09982],[67.35754,25.14793],[67.31556,25.15096],[67.31183,25.1534],[67.31228,25.15927],[67.30905,25.16499],[67.28274,25.17891],[67.27409,25.18647],[67.27727,25.19254],[67.28165,25.19487],[67.28413,25.1994],[67.28249,25.20557],[67.28448,25.22257],[67.28926,25.22829],[67.29075,25.23247],[67.29403,25.23421],[67.30493,25.24653],[67.30387,25.2556],[67.32136,25.26921],[67.3298,25.28386],[67.33083,25.2963],[67.33274,25.30028],[67.34361,25.30564],[67.34694,25.306],[67.35075,25.30003],[67.35374,25.3007],[67.35921,25.30868],[67.37933,25.35966],[67.37992,25.363],[67.37662,25.37505],[67.38405,25.38936],[67.3902,25.41129],[67.40163,25.43605],[67.41172,25.44715],[67.41296,25.45111],[67.41106,25.46107],[67.40472,25.47458],[67.39783,25.49745],[67.39741,25.51501],[67.39304,25.54431],[67.39197,25.57519],[67.39348,25.59583],[67.38454,25.6186],[67.38104,25.63912],[67.37712,25.64312],[67.37157,25.64319],[67.35712,25.6393],[67.32097,25.64045],[67.31136,25.61089],[67.30003,25.59184],[67.29212,25.58265],[67.28042,25.57643],[67.26292,25.56973],[67.25705,25.56574],[67.25533,25.54421],[67.24399,25.52341],[67.23158,25.51371],[67.20957,25.50532],[67.2011,25.49963],[67.18816,25.47483],[67.16332,25.45249],[67.16064,25.4467],[67.16035,25.43156],[67.16224,25.39541],[67.15884,25.38497],[67.15351,25.37515],[67.13906,25.35732],[67.13561,25.34455],[67.13462,25.31691],[67.13781,25.31524],[67.12609,25.30622],[67.12089,25.30002],[67.11105,25.27957],[67.11018,25.26714],[67.09817,25.25529],[67.09614,25.24917],[67.08972,25.24121],[67.06989,25.22598],[67.04138,25.20966],[67.03182,25.20103],[67.00833,25.16232],[67.00341,25.12706],[67.00953,25.10502],[67.00507,25.09781],[67.02481,25.09378],[67.04398,25.0957],[67.05213,25.08995],[67.05836,25.08755],[67.0725,25.08683],[67.09,25.06502],[67.10342,25.03818],[67.11301,25.02715],[67.11828,25.01469],[67.12048,25.0128],[67.15708,25.01045],[67.17911,25.01227],[67.19201,25.01063],[67.19851,25.00833],[67.1961,25.00767],[67.19926,25.00353],[67.22574,24.98221],[67.21953,24.97879],[67.2061,24.97611],[67.19229,24.96728],[67.19229,24.95577],[67.20035,24.94542],[67.21377,24.93813],[67.23822,24.93414],[67.23098,24.92391],[67.22645,24.90394],[67.22437,24.90629],[67.2207,24.90682],[67.21274,24.90542],[67.20719,24.90651],[67.17853,24.90595],[67.17045,24.88545],[67.18563,24.88061],[67.20276,24.86786],[67.2055,24.86316],[67.19848,24.8619],[67.19633,24.85942],[67.20897,24.84749],[67.21686,24.84359],[67.21695,24.84139],[67.21339,24.8333],[67.20867,24.82904],[67.20454,24.82807],[67.19816,24.82955],[67.19417,24.8285],[67.19204,24.82629],[67.19529,24.8201],[67.18949,24.81256],[67.18518,24.81621],[67.18283,24.8137],[67.1726,24.82049],[67.17392,24.8109],[67.16115,24.80846],[67.16154,24.80365],[67.1377,24.79672],[67.13424,24.79374],[67.13521,24.78372],[67.1384,24.78398],[67.14906,24.79165],[67.15469,24.79373],[67.15997,24.79328],[67.16304,24.79088],[67.16873,24.78043],[67.17754,24.78282],[67.18304,24.7828],[67.1889,24.7901],[67.1916,24.79144],[67.19498,24.79803],[67.20284,24.80164],[67.20998,24.81149],[67.21378,24.8137],[67.21993,24.81412],[67.22345,24.81194],[67.22365,24.80715],[67.22648,24.80495],[67.23544,24.804],[67.23804,24.80179],[67.23959,24.79745],[67.24499,24.79409],[67.24644,24.79184],[67.24496,24.78908],[67.24558,24.78492],[67.24859,24.78419],[67.26179,24.78962],[67.27464,24.79028],[67.32459,24.77566],[67.32492,24.77316],[67.32957,24.77123],[67.3355,24.77164],[67.34526,24.77906],[67.35026,24.77985],[67.36452,24.7776],[67.3755,24.78339],[67.38054,24.78293],[67.39061,24.77678],[67.39659,24.77594],[67.40858,24.77925],[67.42368,24.77306],[67.42822,24.77362],[67.4439,24.78185],[67.44028,24.79596],[67.44018,24.80607],[67.43597,24.8175],[67.43547,24.82503],[67.4377,24.82811],[67.43869,24.83884],[67.43622,24.84541],[67.46603,24.8458],[67.48125,24.84061],[67.48885,24.83434],[67.50139,24.81048],[67.51804,24.80055],[67.54477,24.79198],[67.57039,24.78821],[67.57531,24.7883],[67.57994,24.79111],[67.58151,24.79507],[67.57846,24.81347],[67.57207,24.83271],[67.52969,24.91632],[67.52568,24.93229],[67.51797,24.98475]]],[[[67.29858,24.66623],[67.29075,24.66242],[67.2834,24.66342],[67.28097,24.66146],[67.28018,24.65831],[67.28321,24.6511],[67.27938,24.64408],[67.28055,24.63786],[67.28386,24.63484],[67.29323,24.63473],[67.30536,24.63973],[67.30701,24.64396],[67.30265,24.65592],[67.30331,24.66221],[67.29858,24.66623]]],[[[67.23705,24.66333],[67.21603,24.66345],[67.20873,24.67448],[67.20305,24.67929],[67.19818,24.68101],[67.19341,24.68064],[67.18307,24.67652],[67.17207,24.66633],[67.1715,24.66339],[67.17554,24.65413],[67.17509,24.64827],[67.18196,24.63682],[67.17934,24.62838],[67.18201,24.62429],[67.19196,24.62672],[67.19552,24.62914],[67.20323,24.6246],[67.21454,24.63856],[67.22,24.63895],[67.22169,24.63671],[67.21711,24.62591],[67.2196,24.62077],[67.22573,24.61597],[67.23801,24.61138],[67.242,24.6088],[67.24615,24.60225],[67.25616,24.59717],[67.26547,24.59831],[67.27281,24.60315],[67.2806,24.61385],[67.28304,24.62709],[67.28176,24.63038],[67.2771,24.63273],[67.26944,24.64709],[67.26587,24.65073],[67.25824,24.65318],[67.25655,24.66106],[67.25352,24.66242],[67.24306,24.66144],[67.23705,24.66333]]],[[[67.32082,24.66968],[67.30814,24.67845],[67.30099,24.68593],[67.29611,24.68807],[67.29111,24.68748],[67.31605,24.66347],[67.32082,24.66968]]],[[[67.13134,24.6737],[67.13356,24.67524],[67.13345,24.67795],[67.12572,24.68228],[67.12112,24.6888],[67.11579,24.69049],[67.11349,24.6854],[67.1159,24.67692],[67.12061,24.67375],[67.13134,24.6737]]],[[[67.24567,24.6703],[67.23879,24.68218],[67.23148,24.68777],[67.22183,24.68912],[67.21993,24.69093],[67.21225,24.71677],[67.20954,24.71605],[67.20284,24.70664],[67.1997,24.70528],[67.19523,24.6974],[67.18955,24.69658],[67.18781,24.69464],[67.18886,24.69113],[67.21373,24.6807],[67.21826,24.67042],[67.22224,24.66784],[67.23159,24.66836],[67.24124,24.66681],[67.24487,24.66756],[67.24567,24.6703]]],[[[67.13708,24.75533],[67.13068,24.75532],[67.12821,24.74876],[67.12435,24.74821],[67.12074,24.75247],[67.11685,24.75275],[67.11343,24.74699],[67.11304,24.73988],[67.11603,24.72307],[67.12325,24.70349],[67.13287,24.69171],[67.14139,24.69012],[67.144,24.69314],[67.15253,24.7354],[67.15146,24.73933],[67.13708,24.75533]]],[[[67.19285,24.70525],[67.19915,24.72426],[67.218,24.72699],[67.2345,24.73715],[67.24822,24.74242],[67.24972,24.74497],[67.23836,24.76025],[67.23058,24.7604],[67.20376,24.74571],[67.18613,24.74073],[67.1788,24.73567],[67.17393,24.72653],[67.17874,24.715],[67.189,24.70429],[67.19285,24.70525]]],[[[67.31741,24.76665],[67.3105,24.77373],[67.30272,24.77389],[67.28566,24.76622],[67.2758,24.75566],[67.27219,24.74886],[67.26755,24.74495],[67.24939,24.73619],[67.24349,24.72952],[67.23799,24.72996],[67.23372,24.72836],[67.23516,24.72089],[67.24422,24.71159],[67.25035,24.71263],[67.26282,24.72057],[67.27863,24.73634],[67.28779,24.74166],[67.31067,24.74659],[67.31649,24.74407],[67.32047,24.73606],[67.32598,24.7352],[67.33221,24.73937],[67.33743,24.74602],[67.34185,24.75556],[67.34122,24.76013],[67.33533,24.76432],[67.32417,24.76333],[67.31741,24.76665]]],[[[67.28593,24.78231],[67.28033,24.78484],[67.27114,24.7862],[67.26065,24.78543],[67.25208,24.78284],[67.24834,24.77896],[67.24485,24.78051],[67.23666,24.77961],[67.23985,24.77429],[67.2517,24.76383],[67.24947,24.76229],[67.24875,24.75768],[67.25053,24.75335],[67.25703,24.75085],[67.26433,24.7511],[67.26741,24.75392],[67.27247,24.76453],[67.2795,24.77165],[67.28624,24.77459],[67.28885,24.77781],[67.28593,24.78231]]],[[[67.21507,24.79329],[67.20951,24.78934],[67.20423,24.78999],[67.19833,24.78332],[67.19386,24.78087],[67.19159,24.77495],[67.18778,24.77294],[67.18178,24.7744],[67.17754,24.77196],[67.16908,24.77752],[67.16524,24.77634],[67.1624,24.77311],[67.16452,24.76066],[67.16904,24.75643],[67.1825,24.75125],[67.18851,24.75521],[67.19049,24.76259],[67.19719,24.76658],[67.22697,24.77615],[67.22924,24.78207],[67.22775,24.78515],[67.21507,24.79329]]],[[[67.23291,24.79305],[67.22643,24.80077],[67.21568,24.80625],[67.21183,24.80529],[67.21172,24.80236],[67.22187,24.8002],[67.22509,24.79425],[67.23182,24.79176],[67.23291,24.79305]]]]},"properties":{"district":"Malir Karachi","province":"Sindh","pcode":"PK714","pop_2023":2403959,"area_km2":2726.9}},{"type":"Feature","geometry":{"type":"Polygon","coordinates":[[[68.66782,25.66991],[68.66534,25.67104],[68.64901,25.68927],[68.64214,25.69103],[68.62965,25.68906],[68.62406,25.69691],[68.62163,25.69222],[68.61877,25.69122],[68.59966,25.7104],[68.5982,25.71667],[68.59278,25.71807],[68.59025,25.7229],[68.58149,25.72459],[68.57678,25.72732],[68.56371,25.73861],[68.55949,25.73918],[68.55575,25.73779],[68.55354,25.73318],[68.55005,25.73108],[68.53501,25.73231],[68.5358,25.73727],[68.54147,25.74],[68.54613,25.73854],[68.55178,25.74199],[68.5571,25.74832],[68.5583,25.75284],[68.55812,25.75721],[68.55566,25.76235],[68.54125,25.77206],[68.54409,25.78978],[68.54302,25.79607],[68.53605,25.80956],[68.53464,25.81891],[68.52222,25.82352],[68.51434,25.82434],[68.4967,25.83169],[68.49344,25.83367],[68.49095,25.8377],[68.49123,25.84809],[68.50384,25.85016],[68.52006,25.85527],[68.52432,25.85863],[68.52457,25.86127],[68.51885,25.86457],[68.50196,25.86613],[68.49808,25.86806],[68.49507,25.87082],[68.49089,25.88156],[68.48332,25.88642],[68.47871,25.90303],[68.47651,25.90399],[68.46971,25.897],[68.46234,25.89669],[68.45298,25.90029],[68.44744,25.9046],[68.44249,25.91157],[68.44529,25.9188],[68.44824,25.92086],[68.46457,25.92274],[68.46855,25.92467],[68.47327,25.9312],[68.47799,25.93467],[68.47734,25.94379],[68.47973,25.95299],[68.47964,25.96353],[68.48481,25.96791],[68.48325,25.97179],[68.49104,25.97857],[68.4944,25.98576],[68.49558,25.99067],[68.49491,25.99958],[68.50251,25.99976],[68.50527,26.00608],[68.50417,26.00957],[68.49605,26.01297],[68.50196,26.0176],[68.50359,26.02072],[68.50463,26.02401],[68.50296,26.03089],[68.5287,26.04401],[68.53584,26.04399],[68.54439,26.04675],[68.54799,26.04914],[68.54891,26.05257],[68.54683,26.05473],[68.54163,26.05485],[68.53326,26.05808],[68.53034,26.06172],[68.52562,26.06335],[68.51972,26.05427],[68.50847,26.04888],[68.48524,26.04354],[68.44949,26.04103],[68.44571,26.04176],[68.44388,26.05592],[68.43275,26.07132],[68.42048,26.08513],[68.41131,26.09053],[68.40441,26.09706],[68.38645,26.1061],[68.38273,26.10543],[68.36862,26.09606],[68.34991,26.07484],[68.34502,26.07207],[68.3292,26.03918],[68.32317,26.01708],[68.31551,26.01834],[68.3079,26.01589],[68.30509,26.01281],[68.30346,26.00377],[68.30183,26.0039],[68.29881,26.00892],[68.2963,26.00903],[68.27747,25.99266],[68.27308,25.97218],[68.263,25.95814],[68.23534,25.92627],[68.23474,25.92151],[68.23555,25.91554],[68.24499,25.90534],[68.27144,25.88321],[68.31842,25.85545],[68.32501,25.84066],[68.32887,25.83038],[68.33069,25.81856],[68.33052,25.80126],[68.3269,25.79299],[68.32074,25.78924],[68.3075,25.78623],[68.30302,25.78341],[68.30061,25.77868],[68.30051,25.76225],[68.30855,25.74518],[68.31629,25.73405],[68.33068,25.72566],[68.38638,25.69955],[68.41051,25.68933],[68.46152,25.67416],[68.45851,25.66296],[68.45279,25.65674],[68.41728,25.64265],[68.3792,25.63211],[68.36585,25.6252],[68.35378,25.6103],[68.3533,25.59844],[68.36719,25.57872],[68.37885,25.55268],[68.38651,25.5504],[68.4107,25.54941],[68.44001,25.53818],[68.44471,25.53388],[68.45087,25.50828],[68.47137,25.48811],[68.47971,25.48234],[68.50395,25.47095],[68.58374,25.43875],[68.58647,25.43581],[68.58798,25.4409],[68.58822,25.46258],[68.60178,25.47947],[68.61166,25.51729],[68.61024,25.52071],[68.60141,25.52638],[68.60086,25.53185],[68.61901,25.54775],[68.63384,25.56405],[68.66705,25.59039],[68.67293,25.59886],[68.67334,25.60188],[68.66536,25.60495],[68.66355,25.60994],[68.65888,25.61533],[68.65848,25.62538],[68.65026,25.63433],[68.65263,25.65003],[68.65467,25.65388],[68.66241,25.65639],[68.66761,25.66541],[68.66782,25.66991]]]},"properties":{"district":"Matiari","province":"Sindh","pcode":"PK715","pop_2023":849383,"area_km2":1457.9}},{"type":"Feature","geometry":{"type":"Polygon","coordinates":[[[69.29431,25.54657],[69.29614,25.55956],[69.29262,25.56819],[69.27555,25.5871],[69.27119,25.59762],[69.27032,25.60801],[69.28729,25.60669],[69.30799,25.60787],[69.31224,25.61102],[69.32356,25.61541],[69.314,25.64561],[69.30649,25.65079],[69.30426,25.65411],[69.30443,25.65788],[69.31182,25.66557],[69.31911,25.69628],[69.32483,25.70309],[69.32443,25.70758],[69.33321,25.70857],[69.33896,25.70671],[69.34777,25.69904],[69.35977,25.70092],[69.36261,25.7001],[69.36536,25.70258],[69.36518,25.71662],[69.35998,25.72503],[69.36024,25.72983],[69.35506,25.73138],[69.34928,25.73088],[69.34627,25.73894],[69.34124,25.74439],[69.32354,25.74942],[69.31544,25.75007],[69.30452,25.76016],[69.30059,25.75989],[69.29586,25.75625],[69.28826,25.74336],[69.28074,25.75068],[69.26622,25.75769],[69.25655,25.755],[69.25083,25.75517],[69.24449,25.76959],[69.24416,25.7842],[69.24533,25.7875],[69.23886,25.79776],[69.23288,25.8024],[69.22575,25.80339],[69.21868,25.80186],[69.19937,25.79424],[69.18293,25.79674],[69.1651,25.80643],[69.15852,25.80014],[69.10054,25.81307],[69.09717,25.81189],[69.09492,25.80834],[69.09602,25.7877],[69.09686,25.78462],[69.10873,25.77822],[69.09635,25.75556],[69.08701,25.75151],[69.05314,25.75658],[69.06388,25.74325],[69.0652,25.74031],[69.0647,25.73493],[69.07231,25.72996],[69.07029,25.72641],[69.06338,25.73377],[69.05802,25.72274],[69.04415,25.7344],[69.03076,25.74086],[69.03217,25.72416],[69.02101,25.72424],[69.02146,25.71889],[69.02006,25.71699],[69.00423,25.71616],[69.00459,25.70903],[68.99691,25.70867],[68.99592,25.70018],[68.9893,25.69977],[68.92332,25.75075],[68.91513,25.75213],[68.91381,25.75014],[68.91478,25.7364],[68.90336,25.73791],[68.8883,25.73677],[68.88126,25.73451],[68.87895,25.73195],[68.88025,25.70271],[68.90067,25.66506],[68.90548,25.64454],[68.89581,25.61422],[68.88916,25.56992],[68.88597,25.55812],[68.88391,25.54277],[68.8867,25.52187],[68.90079,25.48556],[68.9068,25.47395],[68.91044,25.46806],[68.92534,25.45337],[68.93651,25.43874],[68.95521,25.40328],[68.95927,25.38863],[68.96019,25.35443],[68.96281,25.32095],[68.96627,25.3123],[68.96585,25.29862],[68.9747,25.17377],[68.97511,25.15126],[68.97737,25.13913],[68.98107,25.13004],[68.99117,25.11862],[69.01898,25.0996],[69.03681,25.09069],[69.06339,25.08299],[69.08084,25.07347],[69.08533,25.0674],[69.08694,25.05074],[69.08898,25.04709],[69.10092,25.03749],[69.1182,25.02812],[69.12988,25.01929],[69.13303,25.01041],[69.12904,24.99986],[69.12924,24.99489],[69.13888,24.99226],[69.15376,24.98466],[69.16081,24.97652],[69.1716,24.95416],[69.17496,24.9513],[69.18835,24.95075],[69.21603,24.95905],[69.22521,24.96028],[69.25721,24.95772],[69.27308,24.95821],[69.284,24.96307],[69.28648,24.96467],[69.28804,24.96851],[69.2908,24.96926],[69.29222,24.96617],[69.29081,24.94846],[69.30972,24.92913],[69.31316,24.92311],[69.31503,24.90642],[69.32649,24.8913],[69.32272,24.86712],[69.31877,24.861],[69.31938,24.85538],[69.31267,24.84883],[69.3075,24.84601],[69.30577,24.83709],[69.30049,24.83077],[69.30154,24.82524],[69.30489,24.82144],[69.31339,24.81592],[69.32099,24.81372],[69.32276,24.81037],[69.32388,24.80067],[69.35824,24.8109],[69.36237,24.81599],[69.38547,24.82792],[69.40177,24.84793],[69.40527,24.84965],[69.40949,24.84972],[69.41583,24.84669],[69.41936,24.84695],[69.42276,24.84846],[69.42633,24.85267],[69.43122,24.854],[69.44549,24.85359],[69.45163,24.85513],[69.47113,24.8756],[69.47962,24.88257],[69.47386,24.89039],[69.47178,24.89613],[69.4749,24.94312],[69.47432,24.94753],[69.46736,24.9551],[69.4673,24.97181],[69.46315,24.98319],[69.45543,24.99254],[69.44598,24.99912],[69.40107,25.05273],[69.40023,25.06089],[69.39698,25.07025],[69.40033,25.08252],[69.40764,25.09812],[69.4062,25.11228],[69.39979,25.12728],[69.38612,25.14487],[69.38829,25.15113],[69.38317,25.15865],[69.3742,25.18238],[69.37077,25.21441],[69.36294,25.23418],[69.36467,25.25642],[69.3591,25.30211],[69.33041,25.32341],[69.31702,25.33766],[69.31635,25.34625],[69.31028,25.35134],[69.30954,25.35355],[69.31111,25.36365],[69.30961,25.36749],[69.29933,25.36721],[69.29157,25.37332],[69.2856,25.37218],[69.28164,25.36817],[69.26864,25.3701],[69.27683,25.38644],[69.2724,25.39309],[69.26359,25.39903],[69.24944,25.40037],[69.25342,25.4026],[69.25412,25.40593],[69.25193,25.40812],[69.23872,25.41162],[69.21803,25.42407],[69.20386,25.43836],[69.18283,25.45581],[69.1834,25.46724],[69.1881,25.47136],[69.19024,25.47908],[69.19176,25.4935],[69.19085,25.51805],[69.18927,25.52656],[69.17371,25.52738],[69.18141,25.55773],[69.18555,25.56248],[69.18562,25.56638],[69.20401,25.57249],[69.21435,25.57249],[69.21473,25.56871],[69.2279,25.56663],[69.24714,25.55679],[69.25503,25.55091],[69.26652,25.55032],[69.29012,25.54595],[69.29431,25.54657]]]},"properties":{"district":"Mirpur Khas","province":"Sindh","pcode":"PK716","pop_2023":1681386,"area_km2":3463.2}},{"type":"Feature","geometry":{"type":"Polygon","coordinates":[[[68.35676,26.63006],[68.35674,26.63812],[68.3456,26.64059],[68.32716,26.64173],[68.29071,26.65434],[68.2885,26.6557],[68.28749,26.66073],[68.28692,26.67926],[68.29648,26.69269],[68.31476,26.7543],[68.31747,26.77114],[68.32668,26.78353],[68.328,26.78883],[68.31702,26.81698],[68.32247,26.83627],[68.32359,26.85478],[68.32735,26.87357],[68.33777,26.8916],[68.32783,26.89365],[68.32518,26.89651],[68.33594,26.89947],[68.33953,26.90192],[68.34436,26.90595],[68.35367,26.91891],[68.37009,26.94427],[68.38373,26.9782],[68.38719,26.98184],[68.41178,26.99122],[68.42083,26.9986],[68.43255,27.01241],[68.43992,27.02307],[68.44601,27.03633],[68.44855,27.05516],[68.44672,27.06811],[68.43938,27.08603],[68.42859,27.09599],[68.42246,27.10421],[68.41695,27.12017],[68.40959,27.12921],[68.40214,27.13482],[68.36443,27.15264],[68.36217,27.15523],[68.36032,27.16638],[68.34825,27.16796],[68.34824,27.17148],[68.35365,27.18031],[68.35487,27.18665],[68.35393,27.18946],[68.34567,27.19558],[68.34048,27.20483],[68.33704,27.20616],[68.30889,27.20757],[68.29125,27.21571],[68.28902,27.21562],[68.28638,27.2098],[68.28285,27.20881],[68.25954,27.21274],[68.25218,27.2148],[68.24201,27.22065],[68.23168,27.21988],[68.22776,27.2209],[68.22275,27.22485],[68.22072,27.22864],[68.20965,27.23138],[68.20217,27.23535],[68.19426,27.23028],[68.18771,27.22878],[68.17577,27.23042],[68.16779,27.2295],[68.14583,27.21587],[68.13272,27.20339],[68.12582,27.19877],[68.12248,27.19905],[68.11882,27.2037],[68.10688,27.20011],[68.10112,27.20681],[68.09738,27.20685],[68.0905,27.20367],[68.08827,27.1993],[68.09847,27.19399],[68.10035,27.19091],[68.09919,27.18734],[68.08771,27.17663],[68.08065,27.16405],[68.08055,27.16085],[68.09194,27.15098],[68.09408,27.14662],[68.09329,27.14181],[68.09057,27.13921],[68.08499,27.1373],[68.06536,27.13851],[68.06209,27.13776],[68.05914,27.13502],[68.05923,27.13235],[68.06102,27.13083],[68.08375,27.12704],[68.08423,27.12485],[68.07423,27.12395],[68.04825,27.12902],[68.04257,27.12264],[68.03862,27.11494],[68.03657,27.0989],[68.02419,27.0935],[68.01998,27.08981],[68.01316,27.07708],[68.00739,27.07078],[68.00031,27.0694],[67.98415,27.06995],[67.97624,27.06831],[67.94716,27.07154],[67.93372,27.06161],[67.91114,27.05652],[67.90977,27.05065],[67.91006,27.0426],[67.91168,27.04015],[67.9179,27.03656],[67.94032,27.02833],[67.95528,27.02613],[67.95918,27.02011],[67.96232,27.01833],[67.96942,27.01935],[67.97138,27.01828],[67.97717,27.00131],[67.97982,26.98649],[67.97782,26.98227],[67.96952,26.97781],[67.93325,26.97378],[67.92654,26.9717],[67.91705,26.96611],[67.9164,26.95683],[67.92127,26.94695],[67.92919,26.94058],[67.93137,26.93641],[67.93036,26.92887],[67.92747,26.92486],[67.9211,26.92189],[67.91065,26.92143],[67.89914,26.91305],[67.88437,26.91181],[67.86811,26.8992],[67.86064,26.88882],[67.83966,26.86741],[67.83529,26.86003],[67.83408,26.85581],[67.83788,26.83892],[67.84601,26.81561],[67.85166,26.80747],[67.85137,26.79091],[67.85643,26.78313],[67.86152,26.77852],[67.86458,26.76511],[67.85896,26.74539],[67.85209,26.72845],[67.84222,26.72405],[67.83573,26.72302],[67.83624,26.70997],[67.84438,26.69055],[67.8667,26.67951],[67.86942,26.67421],[67.87053,26.66704],[67.86934,26.66082],[67.85353,26.64363],[67.84789,26.63224],[67.83536,26.62468],[67.82981,26.61554],[67.81837,26.60361],[67.80759,26.59724],[67.80162,26.58995],[67.8015,26.58755],[67.80705,26.57113],[67.83652,26.56006],[67.85843,26.54214],[67.86203,26.54064],[67.87323,26.54105],[67.90248,26.54957],[67.90707,26.55029],[67.91136,26.54915],[67.91313,26.54706],[67.92165,26.54515],[67.92859,26.5451],[67.93458,26.54811],[67.93878,26.55228],[67.94076,26.56261],[67.94529,26.57028],[67.95716,26.57862],[67.96897,26.57991],[67.99687,26.5713],[68.00494,26.58234],[68.01352,26.58735],[68.01942,26.59647],[68.02769,26.60437],[68.03823,26.59186],[68.04249,26.59075],[68.04759,26.58418],[68.05323,26.58297],[68.06085,26.57786],[68.07224,26.57628],[68.07386,26.57381],[68.08204,26.57077],[68.09273,26.57165],[68.10514,26.56904],[68.12198,26.57657],[68.12344,26.57934],[68.12903,26.58335],[68.13344,26.59076],[68.14796,26.59719],[68.15613,26.59812],[68.18325,26.59677],[68.19308,26.59442],[68.22676,26.59647],[68.23052,26.59774],[68.23351,26.60496],[68.24016,26.61066],[68.24815,26.61282],[68.25827,26.61818],[68.2813,26.62097],[68.33039,26.63021],[68.35676,26.63006]]]},"properties":{"district":"Naushahro Feroze","province":"Sindh","pcode":"PK717","pop_2023":1777082,"area_km2":3036.9}},{"type":"Feature","geometry":{"type":"Polygon","coordinates":[[[70.12715,26.14046],[70.12125,26.14541],[70.11201,26.14959],[70.07434,26.15266],[70.04816,26.16038],[70.00825,26.17685],[69.98034,26.18054],[69.94415,26.18225],[69.93044,26.18716],[69.89452,26.19046],[69.86923,26.19602],[69.85641,26.20093],[69.83707,26.20555],[69.80592,26.20675],[69.75883,26.20291],[69.71049,26.20385],[69.68851,26.20568],[69.65935,26.21194],[69.6265,26.21014],[69.60215,26.21245],[69.58716,26.20528],[69.57005,26.20021],[69.55787,26.20163],[69.54057,26.20724],[69.50015,26.21196],[69.43311,26.21464],[69.39426,26.21454],[69.36393,26.2183],[69.33386,26.22394],[69.25498,26.23072],[69.23516,26.23774],[69.1889,26.22767],[69.16071,26.22332],[69.11673,26.22236],[69.08941,26.22791],[69.07401,26.23436],[69.07292,26.23665],[69.08042,26.25061],[69.08061,26.25484],[69.06877,26.25823],[69.06576,26.25705],[69.0635,26.24927],[69.0556,26.25198],[69.05316,26.25453],[69.05637,26.27162],[69.06203,26.28922],[69.06128,26.29295],[69.01765,26.29839],[68.99765,26.33711],[68.98314,26.36166],[68.97542,26.36572],[68.95246,26.37148],[68.95096,26.37622],[68.95246,26.38943],[68.94344,26.42722],[68.92402,26.45565],[68.91911,26.4692],[68.91477,26.46869],[68.87091,26.44545],[68.84716,26.43683],[68.85445,26.43506],[68.85394,26.42206],[68.84606,26.41369],[68.83731,26.39663],[68.81806,26.36944],[68.79972,26.35157],[68.74793,26.31496],[68.74275,26.31301],[68.74134,26.31581],[68.74189,26.33422],[68.72188,26.33363],[68.71908,26.33415],[68.71824,26.33869],[68.71351,26.33886],[68.71265,26.33244],[68.70999,26.33144],[68.7057,26.33214],[68.70425,26.33692],[68.69947,26.33701],[68.69679,26.33641],[68.69648,26.31609],[68.69253,26.31507],[68.692,26.29487],[68.6901,26.29314],[68.68706,26.30241],[68.6833,26.30151],[68.68303,26.29434],[68.66119,26.29395],[68.65765,26.29904],[68.6536,26.30003],[68.63952,26.29829],[68.63777,26.29346],[68.6385,26.28687],[68.63144,26.27898],[68.63066,26.27603],[68.63143,26.25795],[68.65522,26.25603],[68.65753,26.22111],[68.66385,26.21963],[68.66553,26.21771],[68.66617,26.21172],[68.66606,26.20449],[68.65624,26.19953],[68.65716,26.18717],[68.65222,26.17493],[68.64706,26.16869],[68.63031,26.18872],[68.62112,26.1953],[68.61836,26.19295],[68.61533,26.18442],[68.60971,26.18097],[68.60793,26.17395],[68.60577,26.17133],[68.60247,26.17062],[68.59714,26.17225],[68.5689,26.18487],[68.5656,26.17518],[68.56272,26.17485],[68.55109,26.18027],[68.54596,26.17995],[68.54159,26.17839],[68.52618,26.16563],[68.5186,26.16455],[68.50941,26.17037],[68.50057,26.17268],[68.48701,26.16614],[68.47968,26.16057],[68.47462,26.16006],[68.46555,26.16768],[68.46266,26.17677],[68.45782,26.18006],[68.4473,26.18277],[68.44498,26.18159],[68.44321,26.17584],[68.44353,26.17349],[68.44649,26.17202],[68.44718,26.16494],[68.44432,26.16145],[68.44015,26.16008],[68.44182,26.15946],[68.455,26.1277],[68.4707,26.08852],[68.47221,26.08099],[68.46969,26.07647],[68.44853,26.06759],[68.44496,26.06743],[68.4373,26.07145],[68.43275,26.07132],[68.44388,26.05592],[68.44571,26.04176],[68.44949,26.04103],[68.48524,26.04354],[68.50847,26.04888],[68.51972,26.05427],[68.52562,26.06335],[68.53034,26.06172],[68.53326,26.05808],[68.54163,26.05485],[68.54683,26.05473],[68.54891,26.05257],[68.54799,26.04914],[68.54439,26.04675],[68.53584,26.04399],[68.5287,26.04401],[68.50296,26.03089],[68.50463,26.02401],[68.50359,26.02072],[68.50196,26.0176],[68.49605,26.01297],[68.50417,26.00957],[68.50527,26.00608],[68.50251,25.99976],[68.49491,25.99958],[68.49558,25.99067],[68.4944,25.98576],[68.49104,25.97857],[68.48325,25.97179],[68.48481,25.96791],[68.47964,25.96353],[68.47973,25.95299],[68.47734,25.94379],[68.47799,25.93467],[68.47327,25.9312],[68.46855,25.92467],[68.46457,25.92274],[68.44824,25.92086],[68.44529,25.9188],[68.44249,25.91157],[68.44744,25.9046],[68.45298,25.90029],[68.46234,25.89669],[68.46971,25.897],[68.47651,25.90399],[68.47871,25.90303],[68.48332,25.88642],[68.49089,25.88156],[68.49507,25.87082],[68.49808,25.86806],[68.50196,25.86613],[68.51885,25.86457],[68.52457,25.86127],[68.52432,25.85863],[68.52006,25.85527],[68.50384,25.85016],[68.49123,25.84809],[68.49095,25.8377],[68.49344,25.83367],[68.4967,25.83169],[68.51434,25.82434],[68.52222,25.82352],[68.53464,25.81891],[68.53605,25.80956],[68.54302,25.79607],[68.54409,25.78978],[68.54125,25.77206],[68.55566,25.76235],[68.55812,25.75721],[68.5583,25.75284],[68.5571,25.74832],[68.55178,25.74199],[68.54613,25.73854],[68.54147,25.74],[68.5358,25.73727],[68.53501,25.73231],[68.55005,25.73108],[68.55354,25.73318],[68.55575,25.73779],[68.55949,25.73918],[68.56371,25.73861],[68.57678,25.72732],[68.58149,25.72459],[68.59025,25.7229],[68.59278,25.71807],[68.5982,25.71667],[68.59966,25.7104],[68.61877,25.69122],[68.62163,25.69222],[68.62406,25.69691],[68.62965,25.68906],[68.64214,25.69103],[68.64901,25.68927],[68.66534,25.67104],[68.66782,25.66991],[68.67113,25.67096],[68.67276,25.67987],[68.68174,25.6969],[68.67951,25.70158],[68.68488,25.70532],[68.69059,25.7122],[68.69157,25.72235],[68.68905,25.72973],[68.71684,25.71546],[68.72353,25.71586],[68.72853,25.72376],[68.73474,25.74844],[68.73855,25.75463],[68.74551,25.75312],[68.76908,25.74228],[68.80256,25.73745],[68.82792,25.72771],[68.85419,25.70862],[68.86819,25.69435],[68.87529,25.69689],[68.88025,25.70271],[68.87895,25.73195],[68.88126,25.73451],[68.8883,25.73677],[68.90336,25.73791],[68.91478,25.7364],[68.91381,25.75014],[68.91513,25.75213],[68.92332,25.75075],[68.9893,25.69977],[68.99592,25.70018],[68.99691,25.70867],[69.00459,25.70903],[69.00423,25.71616],[69.02006,25.71699],[69.02146,25.71889],[69.02101,25.72424],[69.03217,25.72416],[69.03076,25.74086],[69.04415,25.7344],[69.05802,25.72274],[69.06338,25.73377],[69.07029,25.72641],[69.07231,25.72996],[69.0647,25.73493],[69.0652,25.74031],[69.06388,25.74325],[69.05314,25.75658],[69.08701,25.75151],[69.09635,25.75556],[69.10873,25.77822],[69.09686,25.78462],[69.09602,25.7877],[69.09492,25.80834],[69.09717,25.81189],[69.10054,25.81307],[69.15852,25.80014],[69.1651,25.80643],[69.18293,25.79674],[69.19937,25.79424],[69.21868,25.80186],[69.22575,25.80339],[69.23288,25.8024],[69.23886,25.79776],[69.24533,25.7875],[69.24416,25.7842],[69.24449,25.76959],[69.25083,25.75517],[69.25655,25.755],[69.26622,25.75769],[69.28074,25.75068],[69.28826,25.74336],[69.29586,25.75625],[69.30059,25.75989],[69.30452,25.76016],[69.31544,25.75007],[69.32354,25.74942],[69.34124,25.74439],[69.34627,25.73894],[69.34928,25.73088],[69.35506,25.73138],[69.36024,25.72983],[69.35998,25.72503],[69.36518,25.71662],[69.36536,25.70258],[69.36261,25.7001],[69.35977,25.70092],[69.34777,25.69904],[69.33896,25.70671],[69.33321,25.70857],[69.32443,25.70758],[69.32483,25.70309],[69.31911,25.69628],[69.31182,25.66557],[69.30443,25.65788],[69.30426,25.65411],[69.30649,25.65079],[69.314,25.64561],[69.32356,25.61541],[69.31224,25.61102],[69.30799,25.60787],[69.28729,25.60669],[69.27032,25.60801],[69.27119,25.59762],[69.27555,25.5871],[69.29262,25.56819],[69.29614,25.55956],[69.29431,25.54657],[69.29954,25.54735],[69.32236,25.5561],[69.3263,25.56471],[69.33107,25.56907],[69.344,25.56342],[69.3815,25.55472],[69.38459,25.55491],[69.39105,25.56289],[69.39518,25.56296],[69.41841,25.55],[69.44215,25.54105],[69.44499,25.54161],[69.4545,25.54939],[69.45905,25.5504],[69.47447,25.55999],[69.48082,25.55929],[69.48297,25.55439],[69.48896,25.55684],[69.49071,25.55208],[69.49433,25.55363],[69.50026,25.56391],[69.50941,25.56601],[69.51411,25.57354],[69.5179,25.57642],[69.52314,25.57499],[69.52533,25.56798],[69.532,25.56619],[69.5376,25.56627],[69.54281,25.57116],[69.54794,25.57244],[69.55049,25.56994],[69.54578,25.562],[69.54838,25.56088],[69.55526,25.56681],[69.56403,25.57042],[69.56745,25.5686],[69.56648,25.56525],[69.55252,25.55556],[69.55301,25.5533],[69.55979,25.55016],[69.55666,25.54451],[69.5634,25.53318],[69.5627,25.5309],[69.54961,25.52243],[69.54579,25.5221],[69.54219,25.52551],[69.53643,25.52676],[69.53456,25.52419],[69.53696,25.51774],[69.54755,25.50692],[69.55082,25.5051],[69.55494,25.5053],[69.55723,25.5084],[69.56028,25.51885],[69.56217,25.52063],[69.56496,25.52053],[69.56617,25.51841],[69.57083,25.52115],[69.57293,25.51908],[69.57455,25.51133],[69.5629,25.50422],[69.55983,25.50044],[69.56095,25.49832],[69.57298,25.50037],[69.59006,25.5001],[69.60956,25.49612],[69.62557,25.49024],[69.62772,25.4936],[69.63098,25.50859],[69.63851,25.51591],[69.64187,25.51703],[69.64947,25.5118],[69.65332,25.51079],[69.65772,25.51165],[69.67198,25.52093],[69.68151,25.52918],[69.69096,25.53001],[69.69942,25.53467],[69.70207,25.53819],[69.71929,25.54375],[69.73183,25.55113],[69.73979,25.55813],[69.74584,25.56622],[69.75165,25.57991],[69.77117,25.60206],[69.78999,25.6487],[69.79898,25.6579],[69.8145,25.66478],[69.84192,25.68355],[69.8538,25.68757],[69.86002,25.68565],[69.86281,25.68649],[69.88025,25.70299],[69.92219,25.75038],[69.92919,25.7558],[69.93418,25.75773],[69.93831,25.75751],[69.94841,25.7531],[69.97449,25.72484],[69.97777,25.72275],[69.9878,25.7226],[69.99527,25.72408],[70.00745,25.73083],[70.01913,25.73951],[70.03474,25.74182],[70.03943,25.74374],[70.04552,25.75155],[70.05255,25.75564],[70.09216,25.76845],[70.0994,25.7671],[70.10818,25.76274],[70.11357,25.76282],[70.11909,25.76339],[70.13316,25.77102],[70.14822,25.7709],[70.1636,25.76839],[70.17185,25.76928],[70.18121,25.77591],[70.18411,25.78008],[70.19146,25.78282],[70.20837,25.77605],[70.23264,25.78267],[70.20767,25.81048],[70.14502,25.86852],[70.14166,25.87538],[70.10668,25.92421],[70.09608,25.94432],[70.0913,25.96516],[70.09098,25.99682],[70.08656,26.03121],[70.08045,26.05824],[70.08257,26.07386],[70.09428,26.09736],[70.12715,26.14046]]]},"properties":{"district":"Sanghar","province":"Sindh","pcode":"PK718","pop_2023":2308465,"area_km2":10158.3}},{"type":"Feature","geometry":{"type":"Polygon","coordinates":[[[68.84716,26.43683],[68.85224,26.46504],[68.84921,26.48219],[68.84558,26.48984],[68.83506,26.50228],[68.82088,26.54285],[68.8141,26.55278],[68.80411,26.56235],[68.78212,26.57603],[68.76103,26.58629],[68.75828,26.58691],[68.75175,26.58391],[68.74306,26.58984],[68.73833,26.59101],[68.71301,26.59323],[68.67246,26.5929],[68.57585,26.60208],[68.51266,26.6145],[68.49039,26.61525],[68.47646,26.61205],[68.46283,26.61635],[68.43675,26.62123],[68.42042,26.62005],[68.40067,26.62704],[68.37267,26.62722],[68.35676,26.63006],[68.33039,26.63021],[68.2813,26.62097],[68.25827,26.61818],[68.24815,26.61282],[68.24016,26.61066],[68.23351,26.60496],[68.23052,26.59774],[68.22676,26.59647],[68.19308,26.59442],[68.18325,26.59677],[68.15613,26.59812],[68.14796,26.59719],[68.13344,26.59076],[68.12903,26.58335],[68.12344,26.57934],[68.12198,26.57657],[68.10514,26.56904],[68.09273,26.57165],[68.08204,26.57077],[68.07386,26.57381],[68.07224,26.57628],[68.06085,26.57786],[68.05323,26.58297],[68.04759,26.58418],[68.04249,26.59075],[68.03823,26.59186],[68.02769,26.60437],[68.01942,26.59647],[68.01352,26.58735],[68.00494,26.58234],[67.99687,26.5713],[67.96897,26.57991],[67.95716,26.57862],[67.94529,26.57028],[67.94076,26.56261],[67.93878,26.55228],[67.93458,26.54811],[67.92859,26.5451],[67.92165,26.54515],[67.91313,26.54706],[67.91136,26.54915],[67.90907,26.54592],[67.90904,26.54261],[67.91673,26.52434],[67.92095,26.50957],[67.92203,26.4976],[67.92085,26.48475],[67.91242,26.46798],[67.88071,26.43224],[67.87451,26.42125],[67.87431,26.41834],[67.87776,26.41452],[67.88753,26.41204],[67.90475,26.41083],[67.9056,26.40681],[67.90305,26.39567],[67.89611,26.37884],[67.89039,26.35234],[67.87294,26.33838],[67.87228,26.33378],[67.87742,26.30441],[67.87268,26.29698],[67.88036,26.28641],[67.88155,26.27301],[67.88557,26.27117],[67.89033,26.27375],[67.89232,26.28308],[67.89879,26.29476],[67.90544,26.29442],[67.90691,26.29155],[67.90746,26.26186],[67.91148,26.25185],[67.91756,26.245],[67.92991,26.23771],[67.94246,26.23584],[67.95846,26.22349],[67.96493,26.22032],[67.98354,26.20443],[67.9911,26.20123],[68.01243,26.19958],[68.01615,26.1965],[68.02078,26.18844],[68.02239,26.17306],[68.02035,26.16274],[68.02113,26.15431],[68.0242,26.14878],[68.04477,26.12737],[68.13341,26.04512],[68.17345,26.00118],[68.18849,25.99787],[68.21191,25.99717],[68.24037,25.99905],[68.25949,26.00414],[68.2678,25.99473],[68.27747,25.99266],[68.2963,26.00903],[68.29881,26.00892],[68.30183,26.0039],[68.30346,26.00377],[68.30509,26.01281],[68.3079,26.01589],[68.31551,26.01834],[68.32317,26.01708],[68.3292,26.03918],[68.34502,26.07207],[68.34991,26.07484],[68.36862,26.09606],[68.38273,26.10543],[68.38645,26.1061],[68.40441,26.09706],[68.41131,26.09053],[68.42048,26.08513],[68.43275,26.07132],[68.4373,26.07145],[68.44496,26.06743],[68.44853,26.06759],[68.46969,26.07647],[68.47221,26.08099],[68.4707,26.08852],[68.455,26.1277],[68.44182,26.15946],[68.44015,26.16008],[68.44432,26.16145],[68.44718,26.16494],[68.44649,26.17202],[68.44353,26.17349],[68.44321,26.17584],[68.44498,26.18159],[68.4473,26.18277],[68.45782,26.18006],[68.46266,26.17677],[68.46555,26.16768],[68.47462,26.16006],[68.47968,26.16057],[68.48701,26.16614],[68.50057,26.17268],[68.50941,26.17037],[68.5186,26.16455],[68.52618,26.16563],[68.54159,26.17839],[68.54596,26.17995],[68.55109,26.18027],[68.56272,26.17485],[68.5656,26.17518],[68.5689,26.18487],[68.59714,26.17225],[68.60247,26.17062],[68.60577,26.17133],[68.60793,26.17395],[68.60971,26.18097],[68.61533,26.18442],[68.61836,26.19295],[68.62112,26.1953],[68.63031,26.18872],[68.64706,26.16869],[68.65222,26.17493],[68.65716,26.18717],[68.65624,26.19953],[68.66606,26.20449],[68.66617,26.21172],[68.66553,26.21771],[68.66385,26.21963],[68.65753,26.22111],[68.65522,26.25603],[68.63143,26.25795],[68.63066,26.27603],[68.63144,26.27898],[68.6385,26.28687],[68.63777,26.29346],[68.63952,26.29829],[68.6536,26.30003],[68.65765,26.29904],[68.66119,26.29395],[68.68303,26.29434],[68.6833,26.30151],[68.68706,26.30241],[68.6901,26.29314],[68.692,26.29487],[68.69253,26.31507],[68.69648,26.31609],[68.69679,26.33641],[68.69947,26.33701],[68.70425,26.33692],[68.7057,26.33214],[68.70999,26.33144],[68.71265,26.33244],[68.71351,26.33886],[68.71824,26.33869],[68.71908,26.33415],[68.72188,26.33363],[68.74189,26.33422],[68.74134,26.31581],[68.74275,26.31301],[68.74793,26.31496],[68.79972,26.35157],[68.81806,26.36944],[68.83731,26.39663],[68.84606,26.41369],[68.85394,26.42206],[68.85445,26.43506],[68.84716,26.43683]]]},"properties":{"district":"Shaheed Benazir Abad","province":"Sindh","pcode":"PK719","pop_2023":1845102,"area_km2":4582.2}},{"type":"Feature","geometry":{"type":"Polygon","coordinates":[[[68.9291,28.08821],[68.91715,28.09491],[68.89938,28.09044],[68.88271,28.08272],[68.85519,28.09597],[68.84175,28.09768],[68.81579,28.10632],[68.78751,28.11082],[68.7585,28.12503],[68.73837,28.1289],[68.7209,28.12756],[68.70461,28.12975],[68.68783,28.13593],[68.67898,28.14162],[68.66695,28.14654],[68.64131,28.15355],[68.62308,28.15528],[68.59419,28.15211],[68.56495,28.15406],[68.52693,28.16066],[68.50736,28.15835],[68.48706,28.15303],[68.46986,28.14486],[68.44361,28.12693],[68.40096,28.11357],[68.37971,28.11191],[68.36549,28.11494],[68.32354,28.12023],[68.32087,28.11401],[68.32091,28.09585],[68.30927,27.99989],[68.31245,27.94371],[68.31161,27.93105],[68.30922,27.93071],[68.29745,27.93545],[68.28848,27.93695],[68.2911,27.92628],[68.28874,27.92459],[68.27281,27.92296],[68.24487,27.92417],[68.25196,27.8993],[68.26106,27.88217],[68.27278,27.86779],[68.27591,27.86657],[68.28388,27.86971],[68.29266,27.86284],[68.29404,27.85708],[68.28982,27.8501],[68.28997,27.84451],[68.31893,27.81329],[68.33704,27.79088],[68.3419,27.78046],[68.34479,27.76567],[68.34392,27.74998],[68.34936,27.7466],[68.3648,27.74196],[68.37756,27.73453],[68.38768,27.737],[68.39396,27.73631],[68.39812,27.73246],[68.39889,27.7284],[68.3951,27.72224],[68.39439,27.71759],[68.3985,27.71614],[68.41625,27.7178],[68.42842,27.71412],[68.43337,27.71032],[68.4393,27.69452],[68.46231,27.68495],[68.48694,27.70119],[68.50199,27.7146],[68.51058,27.71852],[68.53155,27.71753],[68.55295,27.71058],[68.56125,27.70924],[68.58084,27.7164],[68.59874,27.72485],[68.61122,27.74653],[68.6203,27.75736],[68.62638,27.76212],[68.63501,27.77742],[68.64044,27.78136],[68.65801,27.77869],[68.67744,27.78097],[68.68408,27.77951],[68.68975,27.77643],[68.68969,27.77765],[68.69858,27.77975],[68.7042,27.80654],[68.7041,27.81695],[68.71829,27.81081],[68.72095,27.81388],[68.72891,27.80676],[68.74013,27.80151],[68.76218,27.78491],[68.76568,27.78391],[68.77961,27.79218],[68.79145,27.79612],[68.80865,27.7957],[68.81512,27.79711],[68.82393,27.81237],[68.85169,27.83632],[68.86792,27.85765],[68.86798,27.8636],[68.85924,27.87532],[68.85798,27.88213],[68.8627,27.88912],[68.87468,27.90015],[68.88351,27.89533],[68.89757,27.90919],[68.89966,27.914],[68.89766,27.92785],[68.89883,27.9359],[68.90345,27.9382],[68.91377,27.93741],[68.92587,27.94011],[68.93673,27.94832],[68.95093,27.95597],[68.95974,27.9646],[68.97945,27.97731],[69.01034,27.97695],[69.01379,27.97863],[69.03079,27.99951],[69.04327,28.02119],[69.0522,28.02463],[69.06469,28.02535],[69.06515,28.02939],[69.06262,28.03295],[69.03361,28.06557],[69.01587,28.07967],[69.00628,28.08521],[68.99325,28.0865],[68.96861,28.07973],[68.95435,28.07953],[68.94868,28.08628],[68.94681,28.0943],[68.94495,28.09636],[68.93751,28.0892],[68.93318,28.08767],[68.9291,28.08821]]]},"properties":{"district":"Shikarpur","province":"Sindh","pcode":"PK720","pop_2023":1386330,"area_km2":2551.8}},{"type":"Feature","geometry":{"type":"MultiPolygon","coordinates":[[[[67.0218,24.88243],[67.01494,24.87831],[66.99678,24.88036],[66.98739,24.87653],[66.96439,24.89154],[66.949,24.90532],[66.94182,24.91407],[66.92859,24.94122],[66.93642,24.94692],[66.94954,24.95226],[66.96029,24.95921],[66.95141,24.9705],[66.96814,24.97995],[66.96904,24.98272],[66.93824,25.02936],[66.91594,25.0137],[66.85739,25.00253],[66.83868,24.99364],[66.82233,24.98134],[66.78407,24.96533],[66.77264,24.95692],[66.74137,24.92803],[66.71488,24.90735],[66.70295,24.89269],[66.70856,24.89522],[66.71261,24.89484],[66.71555,24.89256],[66.72142,24.89424],[66.72199,24.89176],[66.71176,24.88009],[66.70311,24.87914],[66.69473,24.88217],[66.68992,24.87739],[66.68427,24.87572],[66.65956,24.85076],[66.65822,24.84006],[66.65191,24.83313],[66.65139,24.82935],[66.65754,24.82499],[66.67167,24.82115],[66.68333,24.82138],[66.69261,24.8234],[66.71622,24.83244],[66.72881,24.83228],[66.73423,24.83875],[66.7514,24.84357],[66.7562,24.84375],[66.76792,24.8373],[66.77299,24.83644],[66.78935,24.83893],[66.81082,24.83451],[66.81906,24.83439],[66.82241,24.83619],[66.82889,24.84499],[66.83463,24.84958],[66.8515,24.85605],[66.86199,24.85685],[66.87032,24.85486],[66.89632,24.84098],[66.91986,24.83076],[66.97918,24.79175],[66.98152,24.79481],[66.96838,24.80891],[66.95782,24.82586],[66.93906,24.83626],[66.9342,24.83775],[66.92348,24.83695],[66.9186,24.83865],[66.91216,24.84468],[66.91254,24.85201],[66.91904,24.85496],[66.93771,24.85688],[66.95378,24.86101],[66.95792,24.86053],[66.96101,24.85793],[66.964,24.85198],[66.96909,24.85091],[66.97142,24.85517],[66.97529,24.85572],[66.97836,24.85855],[66.98251,24.85786],[66.98311,24.85475],[66.97894,24.85063],[66.96866,24.84484],[66.96538,24.84138],[66.96265,24.82499],[66.96344,24.82272],[66.96637,24.82366],[66.96959,24.82858],[66.97363,24.8306],[66.97498,24.82564],[66.97215,24.81698],[66.97585,24.81085],[66.98002,24.80953],[66.98232,24.81463],[66.9861,24.81685],[66.99229,24.81665],[67.02169,24.8083],[67.02662,24.80534],[67.04961,24.78068],[67.05669,24.7755],[67.09313,24.75694],[67.09657,24.75664],[67.09988,24.75968],[67.10104,24.76452],[67.09901,24.76925],[67.0899,24.77415],[67.08783,24.77972],[67.09143,24.78653],[67.09074,24.79214],[67.07989,24.79814],[67.07843,24.80084],[67.07485,24.83035],[67.07745,24.83263],[67.08552,24.83462],[67.09389,24.85292],[67.09002,24.85909],[67.08534,24.86541],[67.07631,24.86066],[67.07771,24.85761],[67.06583,24.85105],[67.06291,24.85535],[67.0546,24.85248],[67.05298,24.8575],[67.04941,24.8567],[67.03774,24.86165],[67.03145,24.8683],[67.03234,24.87041],[67.03083,24.87381],[67.02668,24.87212],[67.02563,24.87366],[67.02379,24.87294],[67.02376,24.87862],[67.0218,24.88243]]],[[[66.61578,24.8871],[66.61814,24.89053],[66.61883,24.89536],[66.61748,24.8999],[66.61272,24.9039],[66.60623,24.90553],[66.60177,24.90306],[66.60095,24.89593],[66.5965,24.89325],[66.59615,24.89094],[66.59831,24.88872],[66.61198,24.88507],[66.61578,24.8871]]]]},"properties":{"district":"South Karachi","province":"Sindh","pcode":"PK721","pop_2023":2329764,"area_km2":507.6}},{"type":"Feature","geometry":{"type":"MultiPolygon","coordinates":[[[[68.35406,24.7572],[68.35017,24.77358],[68.34598,24.78057],[68.32752,24.79554],[68.31828,24.80036],[68.30238,24.80585],[68.29636,24.80991],[68.29532,24.8127],[68.3009,24.8303],[68.29443,24.83646],[68.28285,24.83873],[68.27994,24.84075],[68.27591,24.84875],[68.2756,24.86924],[68.26938,24.87598],[68.26282,24.88038],[68.2615,24.88303],[68.26202,24.88597],[68.27733,24.89331],[68.28271,24.89899],[68.28333,24.90143],[68.27994,24.91017],[68.28152,24.91766],[68.28518,24.92148],[68.29113,24.92361],[68.30481,24.92539],[68.30831,24.92828],[68.31036,24.93415],[68.30786,24.9414],[68.29209,24.95692],[68.28054,24.97948],[68.27341,24.98482],[68.25874,24.98854],[68.25588,24.98121],[68.25066,24.97792],[68.23636,24.97267],[68.22956,24.96772],[68.22337,24.95745],[68.21638,24.95445],[68.21347,24.95537],[68.20835,24.96206],[68.20367,24.9652],[68.18698,24.96724],[68.18154,24.97029],[68.17777,24.97449],[68.14551,24.97242],[68.13349,24.96823],[68.12595,24.96148],[68.12513,24.95872],[68.12382,24.9271],[68.11956,24.91173],[68.11404,24.90674],[68.0892,24.89742],[68.0847,24.89293],[68.0835,24.88669],[68.08445,24.88269],[68.08802,24.87804],[68.11217,24.85923],[68.11774,24.85325],[68.12014,24.84788],[68.11898,24.84266],[68.10829,24.84144],[68.08546,24.85005],[68.07179,24.85276],[68.0616,24.8524],[68.03914,24.84274],[68.02989,24.83706],[68.02396,24.82916],[68.02234,24.82282],[68.02324,24.81799],[68.03171,24.79303],[68.03257,24.78665],[68.02886,24.76714],[68.02225,24.75382],[68.00185,24.72482],[67.98826,24.70159],[67.97625,24.68819],[67.96194,24.66615],[67.96152,24.65614],[67.96707,24.63909],[67.96877,24.60749],[67.9707,24.60307],[67.99208,24.58486],[67.99698,24.571],[67.99704,24.55398],[67.96128,24.5209],[67.94994,24.50103],[67.94762,24.48558],[67.95092,24.47734],[67.95874,24.47195],[67.96617,24.44142],[67.96703,24.43569],[67.96497,24.41933],[67.9434,24.41768],[67.88616,24.42658],[67.86301,24.42561],[67.84465,24.41858],[67.84175,24.41514],[67.84066,24.40881],[67.84355,24.39493],[67.85406,24.37188],[67.85982,24.36692],[67.86306,24.35941],[67.86177,24.35267],[67.85566,24.34406],[67.83684,24.32056],[67.828,24.32109],[67.81648,24.33217],[67.80362,24.34028],[67.79205,24.33961],[67.78327,24.33645],[67.77977,24.33426],[67.77404,24.3236],[67.77378,24.3165],[67.77922,24.30374],[67.7984,24.27543],[67.81137,24.2658],[67.8125,24.24796],[67.8099,24.24416],[67.80514,24.24177],[67.79946,24.24135],[67.78986,24.24159],[67.76999,24.24674],[67.75668,24.24551],[67.74819,24.23697],[67.74534,24.23065],[67.74124,24.20541],[67.72301,24.16797],[67.71923,24.1656],[67.70971,24.16727],[67.6876,24.16646],[67.6654,24.15891],[67.63487,24.18119],[67.62593,24.18342],[67.61846,24.17975],[67.60786,24.16553],[67.59931,24.15761],[67.58188,24.15472],[67.5668,24.15864],[67.56283,24.15831],[67.54475,24.15583],[67.53744,24.15355],[67.53252,24.14981],[67.5266,24.14065],[67.52546,24.12878],[67.53221,24.12604],[67.54805,24.12675],[67.55397,24.12603],[67.55679,24.12416],[67.5587,24.12131],[67.56127,24.08902],[67.55619,24.07428],[67.55779,24.07244],[67.57069,24.06947],[67.57168,24.06635],[67.56876,24.06195],[67.56184,24.05684],[67.48745,24.02932],[67.48608,24.02465],[67.48814,24.0236],[67.49523,24.02629],[67.4975,24.02504],[67.49757,24.02283],[67.49024,24.00926],[67.48109,23.99714],[67.4807,23.99433],[67.48484,23.98277],[67.48455,23.9734],[67.49268,23.97331],[67.50076,23.96985],[67.50437,23.96604],[67.50148,23.96253],[67.48888,23.95855],[67.47901,23.94684],[67.46902,23.94704],[67.46609,23.94536],[67.46598,23.94213],[67.46951,23.93926],[67.4812,23.94024],[67.48553,23.93737],[67.48848,23.93034],[67.48673,23.92227],[67.49097,23.9139],[67.48837,23.90948],[67.48347,23.9066],[67.47997,23.90697],[67.4728,23.91298],[67.46834,23.92043],[67.46606,23.92152],[67.4626,23.92052],[67.46172,23.91683],[67.46552,23.90661],[67.4696,23.90327],[67.49364,23.89998],[67.50954,23.88525],[67.51917,23.87976],[67.53353,23.87461],[67.53499,23.87603],[67.53403,23.88311],[67.53075,23.89289],[67.53548,23.893],[67.5461,23.88799],[67.55465,23.87697],[67.5492,23.87569],[67.54877,23.87339],[67.56512,23.86829],[67.57037,23.86819],[67.57256,23.86962],[67.57343,23.87423],[67.57217,23.88314],[67.57623,23.88897],[67.57912,23.88377],[67.58052,23.87028],[67.57899,23.85442],[67.58343,23.8394],[67.5847,23.83828],[67.59792,23.83815],[67.60034,23.8405],[67.60108,23.84923],[67.61751,23.84138],[67.62543,23.84295],[67.63185,23.83669],[67.63268,23.83372],[67.62608,23.81224],[67.62693,23.80882],[67.63824,23.80543],[67.65201,23.79453],[67.65599,23.79463],[67.66336,23.79824],[67.67156,23.7989],[67.67686,23.79696],[67.68509,23.80519],[67.69285,23.804],[67.70695,23.79838],[67.71755,23.80253],[67.72562,23.79928],[67.74654,23.79955],[67.75022,23.80147],[67.75112,23.8047],[67.7485,23.80946],[67.71732,23.83668],[67.70506,23.85565],[67.70904,23.8562],[67.73499,23.83779],[67.75313,23.83066],[67.77168,23.82651],[67.78228,23.82195],[67.79066,23.81641],[67.8007,23.81367],[67.80765,23.81475],[67.82095,23.81139],[67.82736,23.8136],[67.83418,23.81949],[67.83602,23.82458],[67.83497,23.8445],[67.83891,23.87302],[67.83784,23.87551],[67.84563,23.90916],[67.85452,23.92152],[67.86356,23.94625],[67.87205,23.95493],[67.88069,23.96705],[67.89202,23.97212],[67.89394,23.97507],[67.90269,23.96472],[67.88622,23.94746],[67.87299,23.92951],[67.86529,23.90159],[67.86505,23.89219],[67.87196,23.85865],[67.89417,23.84839],[67.92434,23.82959],[67.92984,23.82903],[67.92204,23.841],[67.91934,23.8485],[67.92025,23.85173],[67.92644,23.84408],[67.93633,23.83788],[67.95197,23.81211],[67.95524,23.81126],[67.9581,23.81591],[67.9631,23.81534],[67.97018,23.81137],[67.97862,23.8033],[67.98105,23.79648],[67.99625,23.78673],[68.03358,23.78802],[68.04274,23.79029],[68.04461,23.79492],[68.04372,23.80017],[68.04017,23.80284],[68.0427,23.81069],[68.04017,23.82164],[68.04218,23.83017],[68.02769,23.86928],[68.02816,23.8796],[68.03275,23.89461],[68.02983,23.90321],[68.04196,23.91185],[68.04564,23.91102],[68.04848,23.90518],[68.05534,23.903],[68.05038,23.89706],[68.04783,23.8899],[68.04706,23.8814],[68.05302,23.85379],[68.0556,23.85087],[68.06339,23.84806],[68.07005,23.8411],[68.07296,23.83474],[68.07599,23.83321],[68.08394,23.8343],[68.10439,23.84322],[68.10756,23.84582],[68.10353,23.85554],[68.11687,23.85175],[68.11954,23.8447],[68.1241,23.84228],[68.14211,23.83969],[68.1433,23.84155],[68.13694,23.85631],[68.1347,23.86589],[68.13605,23.86954],[68.1435,23.86965],[68.1599,23.85474],[68.16784,23.85651],[68.17321,23.85113],[68.17812,23.85421],[68.18893,23.85009],[68.19038,23.85195],[68.19287,23.87149],[68.18562,23.8863],[68.20041,23.88542],[68.21336,23.88889],[68.23776,23.90018],[68.24731,23.90679],[68.26372,23.92868],[68.27448,23.93716],[68.27893,23.93863],[68.28616,23.93832],[68.30697,23.92385],[68.31523,23.92242],[68.31877,23.92358],[68.31957,23.92003],[68.32588,23.92197],[68.33001,23.92458],[68.33201,23.9297],[68.33329,23.93673],[68.33182,23.94245],[68.33158,23.95838],[68.33494,23.96544],[68.34321,23.96937],[68.34807,23.96943],[68.3598,23.97341],[68.36115,23.97661],[68.37423,23.98316],[68.37918,23.97684],[68.38209,23.96732],[68.38492,23.96417],[68.74924,23.96205],[68.75092,24],[68.75956,24.03582],[68.76422,24.28428],[68.75516,24.29329],[68.75571,24.29604],[68.75263,24.2985],[68.74126,24.35045],[68.73421,24.36776],[68.72819,24.37733],[68.70175,24.37889],[68.64779,24.37855],[68.60017,24.37297],[68.58762,24.36327],[68.57872,24.36193],[68.56109,24.36263],[68.52937,24.37028],[68.51042,24.37622],[68.49647,24.38264],[68.48707,24.38261],[68.47982,24.38458],[68.46981,24.38967],[68.4643,24.39561],[68.46043,24.39746],[68.45767,24.3931],[68.45461,24.39237],[68.44591,24.39526],[68.44483,24.40211],[68.45621,24.41656],[68.45931,24.42324],[68.4612,24.43381],[68.45859,24.43774],[68.45365,24.43868],[68.4419,24.43713],[68.43612,24.43479],[68.42255,24.42298],[68.41861,24.42199],[68.41564,24.42452],[68.40727,24.44484],[68.4056,24.45895],[68.40479,24.47174],[68.40893,24.49073],[68.40836,24.5022],[68.40666,24.50567],[68.39754,24.50986],[68.39489,24.51294],[68.39371,24.51766],[68.39847,24.55025],[68.4,24.55317],[68.40617,24.55548],[68.40726,24.55905],[68.40377,24.56409],[68.39115,24.5633],[68.38794,24.56427],[68.37332,24.60101],[68.38294,24.61256],[68.38205,24.61855],[68.37947,24.62052],[68.37572,24.63314],[68.37064,24.64168],[68.36332,24.64603],[68.35493,24.64809],[68.35199,24.65352],[68.35261,24.65674],[68.36271,24.6633],[68.36677,24.66945],[68.3673,24.67412],[68.36384,24.68516],[68.36625,24.70435],[68.37139,24.72121],[68.37081,24.72442],[68.36804,24.72667],[68.3518,24.73649],[68.35026,24.74097],[68.35406,24.7572]]],[[[68.18577,23.83741],[68.18364,23.84264],[68.1674,23.84435],[68.16673,23.84136],[68.17336,23.82591],[68.17294,23.82292],[68.1674,23.82487],[68.16107,23.819],[68.15514,23.81727],[68.14466,23.81796],[68.13235,23.82159],[68.1204,23.83119],[68.11765,23.83136],[68.091,23.81175],[68.08456,23.80087],[68.07714,23.79907],[68.074,23.79533],[68.06606,23.75641],[68.07051,23.7478],[68.06808,23.74545],[68.06458,23.74629],[68.06177,23.74898],[68.0351,23.72134],[68.03284,23.71304],[68.03397,23.70756],[68.03602,23.70554],[68.04475,23.70527],[68.04985,23.70997],[68.04756,23.71153],[68.04012,23.71067],[68.04029,23.71343],[68.04371,23.71626],[68.04866,23.71728],[68.05714,23.71655],[68.10743,23.69771],[68.11064,23.69869],[68.11378,23.70266],[68.1107,23.70603],[68.09481,23.71371],[68.09145,23.71845],[68.09107,23.72349],[68.09327,23.72514],[68.10194,23.71754],[68.10343,23.72697],[68.12508,23.69855],[68.13091,23.69501],[68.13713,23.69468],[68.14998,23.69863],[68.15462,23.70217],[68.15914,23.71029],[68.15889,23.71991],[68.15733,23.7224],[68.14831,23.72473],[68.1787,23.76321],[68.18996,23.78065],[68.19128,23.78755],[68.18577,23.83741]]]]},"properties":{"district":"Sujawal","province":"Sindh","pcode":"PK722","pop_2023":839292,"area_km2":8687.5}},{"type":"Feature","geometry":{"type":"Polygon","coordinates":[[[69.18645,27.99332],[69.16334,27.98984],[69.15268,27.99128],[69.13922,27.99734],[69.11584,28.01239],[69.10897,28.00913],[69.09109,27.99171],[69.08371,27.98936],[69.06378,28.0138],[69.06304,28.01957],[69.06469,28.02535],[69.0522,28.02463],[69.04327,28.02119],[69.03079,27.99951],[69.01379,27.97863],[69.01034,27.97695],[68.97945,27.97731],[68.95974,27.9646],[68.95093,27.95597],[68.93673,27.94832],[68.92587,27.94011],[68.91377,27.93741],[68.90345,27.9382],[68.89883,27.9359],[68.89766,27.92785],[68.89966,27.914],[68.89757,27.90919],[68.88351,27.89533],[68.87468,27.90015],[68.8627,27.88912],[68.85798,27.88213],[68.85924,27.87532],[68.86798,27.8636],[68.86792,27.85765],[68.85169,27.83632],[68.82393,27.81237],[68.81512,27.79711],[68.80865,27.7957],[68.79145,27.79612],[68.77961,27.79218],[68.76568,27.78391],[68.76218,27.78491],[68.74013,27.80151],[68.72891,27.80676],[68.72095,27.81388],[68.71829,27.81081],[68.7041,27.81695],[68.7042,27.80654],[68.69858,27.77975],[68.68969,27.77765],[68.68975,27.77643],[68.69694,27.76966],[68.6995,27.76382],[68.70178,27.74531],[68.71053,27.74211],[68.71601,27.7382],[68.71964,27.72866],[68.73595,27.72794],[68.74668,27.73007],[68.75198,27.72846],[68.75713,27.72456],[68.76142,27.72537],[68.7638,27.72846],[68.77281,27.72684],[68.77791,27.73334],[68.78886,27.73573],[68.78246,27.72781],[68.77877,27.71577],[68.77861,27.71268],[68.78143,27.70769],[68.80986,27.67522],[68.81566,27.67237],[68.84294,27.66836],[68.8456,27.66446],[68.84598,27.65979],[68.85179,27.65919],[68.85151,27.65247],[68.85374,27.64265],[68.86925,27.63381],[68.86741,27.62383],[68.86193,27.62404],[68.85298,27.62166],[68.84072,27.62339],[68.83687,27.61439],[68.83041,27.61699],[68.82884,27.61227],[68.8283,27.59546],[68.81864,27.58884],[68.81464,27.56558],[68.80581,27.55531],[68.81001,27.55211],[68.80337,27.54579],[68.80276,27.52628],[68.79642,27.52528],[68.79533,27.51928],[68.79897,27.50928],[68.80724,27.50338],[68.83021,27.50136],[68.83235,27.49993],[68.83367,27.49782],[68.8329,27.48232],[68.83656,27.47512],[68.84467,27.47474],[68.88271,27.48157],[68.88825,27.48092],[68.89064,27.47887],[68.89101,27.47563],[68.88461,27.46529],[68.87516,27.45542],[68.86702,27.44202],[68.86713,27.4379],[68.86959,27.43351],[68.89185,27.4135],[68.86345,27.37343],[68.85087,27.36404],[68.84194,27.36175],[68.83923,27.35861],[68.83052,27.30474],[68.83223,27.29917],[68.83748,27.29277],[68.8903,27.25492],[68.93217,27.22941],[68.95515,27.22122],[68.97102,27.2131],[69.00816,27.20156],[69.02589,27.19897],[69.05611,27.20019],[69.07843,27.20784],[69.10642,27.20829],[69.12371,27.20648],[69.14317,27.20147],[69.17045,27.18604],[69.17664,27.18437],[69.19975,27.18564],[69.25025,27.17861],[69.29706,27.16446],[69.328,27.15687],[69.36637,27.13437],[69.38039,27.12464],[69.40152,27.1156],[69.42711,27.10807],[69.45275,27.10291],[69.46685,27.09793],[69.48254,27.0842],[69.49655,27.07446],[69.51418,27.06941],[69.53558,27.06561],[69.56519,27.13847],[69.57813,27.16549],[69.58666,27.17798],[69.60061,27.1894],[69.66595,27.25144],[69.69871,27.27774],[69.72468,27.29478],[69.77038,27.32891],[69.72206,27.36318],[69.66153,27.38855],[69.63531,27.39407],[69.61835,27.40043],[69.61076,27.40477],[69.57511,27.43276],[69.52833,27.46049],[69.54374,27.48066],[69.55345,27.49767],[69.55793,27.51602],[69.55633,27.51995],[69.55319,27.52178],[69.54199,27.52191],[69.53529,27.51583],[69.5301,27.51462],[69.44682,27.51248],[69.43369,27.52163],[69.42736,27.52852],[69.42294,27.53029],[69.36509,27.53458],[69.33925,27.53965],[69.32956,27.54373],[69.31563,27.55309],[69.28949,27.57994],[69.26444,27.61348],[69.26118,27.62034],[69.24091,27.64614],[69.24856,27.66512],[69.27022,27.70208],[69.27017,27.71179],[69.27497,27.70982],[69.28062,27.71247],[69.28557,27.71573],[69.29098,27.72564],[69.29391,27.72698],[69.31437,27.73179],[69.31021,27.73727],[69.298,27.74799],[69.29278,27.75554],[69.27311,27.75093],[69.25509,27.76693],[69.25342,27.77075],[69.25381,27.77601],[69.26232,27.78777],[69.26287,27.79196],[69.24805,27.80038],[69.24355,27.80473],[69.23356,27.82429],[69.21655,27.84121],[69.21392,27.84581],[69.2112,27.86148],[69.20237,27.87692],[69.20171,27.88379],[69.1917,27.90097],[69.18954,27.90964],[69.1837,27.91386],[69.17808,27.93696],[69.17953,27.94082],[69.18286,27.94304],[69.1835,27.94664],[69.18059,27.96089],[69.17725,27.96708],[69.17388,27.96963],[69.16438,27.97253],[69.1652,27.97553],[69.17735,27.98036],[69.18273,27.98459],[69.18842,27.99089],[69.18645,27.99332]]]},"properties":{"district":"Sukkur","province":"Sindh","pcode":"PK723","pop_2023":1639897,"area_km2":5178.7}},{"type":"Feature","geometry":{"type":"Polygon","coordinates":[[[68.88025,25.70271],[68.87529,25.69689],[68.86819,25.69435],[68.85419,25.70862],[68.82792,25.72771],[68.80256,25.73745],[68.76908,25.74228],[68.74551,25.75312],[68.73855,25.75463],[68.73474,25.74844],[68.72853,25.72376],[68.72353,25.71586],[68.71684,25.71546],[68.68905,25.72973],[68.69157,25.72235],[68.69059,25.7122],[68.68488,25.70532],[68.67951,25.70158],[68.68174,25.6969],[68.67276,25.67987],[68.67113,25.67096],[68.66782,25.66991],[68.66761,25.66541],[68.66241,25.65639],[68.65467,25.65388],[68.65263,25.65003],[68.65026,25.63433],[68.65848,25.62538],[68.65888,25.61533],[68.66355,25.60994],[68.66536,25.60495],[68.67334,25.60188],[68.67293,25.59886],[68.66705,25.59039],[68.63384,25.56405],[68.61901,25.54775],[68.60086,25.53185],[68.60141,25.52638],[68.61024,25.52071],[68.61166,25.51729],[68.60178,25.47947],[68.58822,25.46258],[68.58798,25.4409],[68.58647,25.43581],[68.58846,25.43128],[68.61127,25.40664],[68.61598,25.39966],[68.61456,25.39354],[68.60764,25.38672],[68.60642,25.38027],[68.62501,25.3576],[68.62549,25.35083],[68.62211,25.34636],[68.61568,25.34445],[68.59254,25.34684],[68.58112,25.3548],[68.57466,25.36526],[68.57175,25.36715],[68.56949,25.36625],[68.58644,25.32796],[68.6075,25.31804],[68.61412,25.31247],[68.61696,25.30377],[68.61703,25.29216],[68.63356,25.28708],[68.64007,25.28301],[68.64445,25.2779],[68.65032,25.27596],[68.65261,25.2771],[68.65828,25.28623],[68.66486,25.28985],[68.6823,25.2905],[68.70294,25.28898],[68.70717,25.28745],[68.71056,25.28341],[68.71616,25.26884],[68.71983,25.26427],[68.73227,25.25717],[68.73928,25.25609],[68.76144,25.24473],[68.77532,25.24231],[68.77512,25.2381],[68.76925,25.22447],[68.76939,25.21394],[68.77142,25.2101],[68.77631,25.2067],[68.78845,25.20653],[68.83415,25.21991],[68.85194,25.22062],[68.8636,25.22445],[68.88498,25.22872],[68.88899,25.23607],[68.88577,25.24905],[68.88744,25.25555],[68.88629,25.26488],[68.88753,25.26645],[68.89755,25.25889],[68.90163,25.25872],[68.92094,25.26934],[68.92997,25.27054],[68.93405,25.27308],[68.95043,25.29338],[68.96585,25.29862],[68.96627,25.3123],[68.96281,25.32095],[68.96019,25.35443],[68.95927,25.38863],[68.95521,25.40328],[68.93651,25.43874],[68.92534,25.45337],[68.91044,25.46806],[68.9068,25.47395],[68.90079,25.48556],[68.8867,25.52187],[68.88391,25.54277],[68.88597,25.55812],[68.88916,25.56992],[68.89581,25.61422],[68.90548,25.64454],[68.90067,25.66506],[68.88025,25.70271]]]},"properties":{"district":"Tando Allahyar","province":"Sindh","pcode":"PK724","pop_2023":922012,"area_km2":1544.2}},{"type":"Feature","geometry":{"type":"Polygon","coordinates":[[[68.73227,25.25717],[68.71983,25.26427],[68.71616,25.26884],[68.71056,25.28341],[68.70717,25.28745],[68.70294,25.28898],[68.6823,25.2905],[68.66486,25.28985],[68.65828,25.28623],[68.65261,25.2771],[68.65032,25.27596],[68.64445,25.2779],[68.64007,25.28301],[68.63356,25.28708],[68.61703,25.29216],[68.61861,25.28479],[68.62204,25.27903],[68.64189,25.25762],[68.64321,25.25029],[68.64064,25.24609],[68.631,25.24232],[68.60172,25.23801],[68.59975,25.23499],[68.60567,25.21675],[68.6077,25.19762],[68.60407,25.19191],[68.59071,25.17907],[68.58329,25.17939],[68.58094,25.18299],[68.58036,25.18991],[68.57873,25.19221],[68.56536,25.20232],[68.5592,25.2134],[68.55521,25.21744],[68.54669,25.22152],[68.53915,25.22122],[68.53657,25.21733],[68.53771,25.2132],[68.55295,25.20203],[68.55798,25.19286],[68.55875,25.18207],[68.55525,25.17378],[68.55246,25.17284],[68.54584,25.17937],[68.54333,25.17802],[68.54334,25.17092],[68.54179,25.16778],[68.53002,25.16571],[68.52974,25.1579],[68.52385,25.15816],[68.51762,25.1619],[68.50553,25.15945],[68.48791,25.15938],[68.4762,25.16485],[68.47225,25.17674],[68.46896,25.17924],[68.46494,25.17993],[68.45366,25.17859],[68.43884,25.17291],[68.43011,25.17434],[68.42502,25.17188],[68.41889,25.16617],[68.41676,25.16603],[68.40729,25.17182],[68.40304,25.16971],[68.39606,25.17054],[68.38565,25.1784],[68.37324,25.17773],[68.36524,25.18203],[68.36305,25.18498],[68.34858,25.21306],[68.34419,25.21894],[68.33388,25.19263],[68.33459,25.18808],[68.34809,25.17607],[68.35225,25.16866],[68.35494,25.15156],[68.35276,25.14085],[68.34188,25.12679],[68.33808,25.12551],[68.28884,25.12736],[68.28658,25.12716],[68.28002,25.12214],[68.27824,25.11482],[68.27021,25.09988],[68.26038,25.05289],[68.25662,25.01349],[68.25874,24.98854],[68.27341,24.98482],[68.28054,24.97948],[68.29209,24.95692],[68.30786,24.9414],[68.31036,24.93415],[68.30831,24.92828],[68.30481,24.92539],[68.29113,24.92361],[68.28518,24.92148],[68.28152,24.91766],[68.27994,24.91017],[68.28333,24.90143],[68.28271,24.89899],[68.27733,24.89331],[68.26202,24.88597],[68.2615,24.88303],[68.26282,24.88038],[68.26938,24.87598],[68.2756,24.86924],[68.27591,24.84875],[68.27994,24.84075],[68.28285,24.83873],[68.29443,24.83646],[68.3009,24.8303],[68.29532,24.8127],[68.29636,24.80991],[68.30238,24.80585],[68.31828,24.80036],[68.32752,24.79554],[68.34598,24.78057],[68.35017,24.77358],[68.35406,24.7572],[68.36189,24.76151],[68.38162,24.77879],[68.39498,24.78712],[68.39959,24.78899],[68.40794,24.78957],[68.4119,24.79231],[68.42218,24.78954],[68.43328,24.79278],[68.43553,24.79713],[68.43439,24.80622],[68.43534,24.81257],[68.44833,24.8304],[68.45044,24.83702],[68.4475,24.84192],[68.44729,24.84602],[68.45028,24.84756],[68.46248,24.83763],[68.46459,24.83821],[68.4704,24.84533],[68.47492,24.84735],[68.47845,24.85608],[68.48389,24.85867],[68.48224,24.86826],[68.4851,24.87581],[68.48726,24.87589],[68.48882,24.87377],[68.48941,24.86445],[68.49227,24.86022],[68.50111,24.85319],[68.50344,24.85498],[68.5042,24.86416],[68.50894,24.87142],[68.52044,24.87977],[68.52409,24.88619],[68.52762,24.88759],[68.54334,24.88127],[68.56555,24.88169],[68.56832,24.87955],[68.57263,24.86843],[68.57565,24.86555],[68.62688,24.88781],[68.64475,24.89209],[68.64878,24.89704],[68.64847,24.90109],[68.64665,24.90333],[68.64105,24.90541],[68.63896,24.90803],[68.64012,24.91106],[68.65526,24.91418],[68.66211,24.91894],[68.6861,24.9204],[68.68874,24.91829],[68.68966,24.91224],[68.68761,24.89511],[68.6897,24.89262],[68.70048,24.89215],[68.6979,24.8889],[68.6972,24.88263],[68.70415,24.8766],[68.70527,24.87343],[68.70249,24.86385],[68.69437,24.84903],[68.69349,24.84478],[68.69791,24.83681],[68.70486,24.83123],[68.73858,24.83153],[68.73749,24.8449],[68.73885,24.8472],[68.7448,24.8447],[68.74999,24.84617],[68.75503,24.84285],[68.76373,24.84105],[68.77327,24.83577],[68.79321,24.83568],[68.8037,24.83226],[68.82095,24.83269],[68.83097,24.83848],[68.8392,24.85118],[68.84199,24.86207],[68.84669,24.87174],[68.84275,24.87825],[68.83521,24.88036],[68.82931,24.88574],[68.82027,24.88823],[68.8093,24.89566],[68.80775,24.89909],[68.80689,24.91232],[68.80457,24.91803],[68.80138,24.92264],[68.78721,24.93392],[68.78442,24.93776],[68.78294,24.94383],[68.78467,24.96077],[68.7831,24.96954],[68.77868,24.96591],[68.77125,24.96398],[68.75689,24.9667],[68.74268,24.97302],[68.73859,24.98104],[68.71238,24.98823],[68.69776,24.99565],[68.68046,25.01465],[68.64767,25.03242],[68.64471,25.03289],[68.64245,25.02609],[68.63887,25.02549],[68.63513,25.0268],[68.63067,25.03163],[68.63333,25.03854],[68.61888,25.04528],[68.60618,25.06565],[68.60039,25.07141],[68.58974,25.07653],[68.57454,25.08],[68.57113,25.08278],[68.56598,25.09096],[68.56717,25.09286],[68.57827,25.09141],[68.58369,25.09228],[68.59978,25.0998],[68.62094,25.11555],[68.63681,25.12479],[68.6627,25.14608],[68.66579,25.15155],[68.66296,25.15701],[68.65376,25.15597],[68.63061,25.14714],[68.62739,25.14769],[68.6216,25.15307],[68.6134,25.15473],[68.61117,25.15735],[68.61593,25.16436],[68.62708,25.16806],[68.63313,25.17235],[68.64725,25.17598],[68.65082,25.17811],[68.65101,25.18583],[68.6525,25.18774],[68.66106,25.1882],[68.67281,25.19408],[68.68854,25.19694],[68.70327,25.203],[68.70401,25.20613],[68.70234,25.20947],[68.69417,25.21198],[68.69194,25.21448],[68.69271,25.21814],[68.70851,25.22369],[68.72141,25.232],[68.72926,25.24312],[68.73187,25.24969],[68.73227,25.25717]]]},"properties":{"district":"Tando Muhammad Khan","province":"Sindh","pcode":"PK725","pop_2023":726119,"area_km2":1676.9}},{"type":"Feature","geometry":{"type":"Polygon","coordinates":[[[69.07004,24.2602],[69.08544,24.26828],[69.09293,24.26908],[69.11829,24.26238],[69.13696,24.25327],[69.14828,24.24917],[69.15548,24.24897],[69.15809,24.24626],[69.19002,24.23574],[69.19977,24.2352],[69.22897,24.25122],[69.23643,24.25184],[69.2434,24.25533],[69.27074,24.2642],[69.27145,24.26674],[69.27491,24.26885],[69.29257,24.27392],[69.31027,24.27669],[69.33081,24.274],[69.36194,24.26618],[69.38219,24.266],[69.41163,24.27385],[69.43158,24.27365],[69.4682,24.26438],[69.47771,24.26336],[69.47773,24.26228],[69.50421,24.26301],[69.54254,24.27404],[69.55974,24.27746],[69.5791,24.28686],[69.5901,24.28676],[69.61288,24.26755],[69.61748,24.26028],[69.67512,24.21236],[69.68121,24.20509],[69.7024,24.19043],[69.70866,24.1889],[69.71653,24.17959],[69.72458,24.1751],[69.87031,24.16471],[69.87379,24.16612],[69.89877,24.16522],[69.906,24.1662],[69.91226,24.1642],[70.00064,24.1664],[70.01859,24.16976],[70.02409,24.16935],[70.0489,24.18355],[70.0593,24.1928],[70.07731,24.21564],[70.08835,24.23522],[70.1101,24.2849],[70.11904,24.2907],[70.15045,24.30057],[70.23706,24.31727],[70.29689,24.33991],[70.32559,24.34744],[70.37031,24.35345],[70.45963,24.38698],[70.46614,24.38678],[70.48313,24.39077],[70.53155,24.41004],[70.56013,24.4186],[70.57487,24.42031],[70.59319,24.41173],[70.59612,24.40027],[70.59472,24.39223],[70.58159,24.36834],[70.57387,24.3628],[70.56139,24.35839],[70.56192,24.3522],[70.57761,24.31927],[70.58742,24.31015],[70.57349,24.29817],[70.57226,24.29358],[70.57418,24.28964],[70.58781,24.2854],[70.57737,24.27389],[70.57243,24.26493],[70.5722,24.2592],[70.57425,24.25233],[70.58429,24.24413],[70.59355,24.24027],[70.6138,24.23945],[70.65531,24.22509],[70.72582,24.22086],[70.7638,24.22076],[70.80576,24.22272],[70.81625,24.22505],[70.83719,24.2345],[70.84617,24.243],[70.85365,24.24738],[70.8941,24.2571],[70.90408,24.26514],[70.89281,24.2736],[70.87255,24.27813],[70.86578,24.2843],[70.86452,24.29166],[70.86649,24.29874],[70.87272,24.30495],[70.89645,24.31417],[70.91467,24.32314],[70.93139,24.33808],[70.9559,24.34465],[70.98086,24.36337],[70.99136,24.3627],[71.01389,24.35242],[71.03816,24.35612],[71.05015,24.36209],[71.08066,24.39137],[71.1116,24.39872],[71.1244,24.40937],[71.1234,24.4206],[71.11788,24.42724],[71.10737,24.43319],[71.09309,24.43594],[71.07558,24.43363],[71.02026,24.43334],[71.00999,24.44135],[71.00398,24.44317],[71.00071,24.4489],[70.9944,24.47342],[70.99387,24.48717],[70.99884,24.51056],[70.9968,24.52706],[70.98849,24.5502],[70.98939,24.60315],[70.99812,24.62243],[71.00813,24.63574],[71.0209,24.64515],[71.0585,24.65895],[71.06502,24.66262],[71.0793,24.67433],[71.08581,24.68763],[71.08605,24.69336],[71.07423,24.7133],[71.06745,24.71765],[71.05715,24.73071],[71.04507,24.75339],[71.03524,24.77723],[71.03297,24.7864],[70.99619,24.84413],[70.96251,24.88732],[70.95564,24.90167],[70.91794,24.98639],[70.90169,25.0414],[70.90166,25.04943],[70.88891,25.10925],[70.88914,25.1166],[70.88125,25.14593],[70.87669,25.15234],[70.85204,25.17696],[70.7525,25.27172],[70.73718,25.32573],[70.70418,25.36147],[70.66589,25.39596],[70.66408,25.40536],[70.66499,25.42647],[70.67043,25.50105],[70.66437,25.55035],[70.66537,25.60632],[70.67243,25.66142],[70.67239,25.67151],[70.66877,25.68618],[70.65933,25.70151],[70.64941,25.71111],[70.64002,25.71543],[70.6048,25.71849],[70.56866,25.7064],[70.56312,25.70133],[70.52649,25.68853],[70.48421,25.68947],[70.40984,25.68125],[70.40652,25.68376],[70.39617,25.68095],[70.37465,25.68128],[70.30866,25.70266],[70.27539,25.71132],[70.26745,25.7185],[70.26524,25.72387],[70.25152,25.71247],[70.24741,25.70475],[70.24402,25.70196],[70.19826,25.67719],[70.18365,25.66163],[70.18047,25.65981],[70.1646,25.65723],[70.15876,25.65374],[70.15418,25.64834],[70.15331,25.64354],[70.15472,25.63087],[70.14433,25.62514],[70.1394,25.61209],[70.1232,25.58976],[70.12377,25.58715],[70.14405,25.5853],[70.15029,25.58527],[70.15852,25.58943],[70.16572,25.58733],[70.17336,25.59149],[70.1806,25.59905],[70.18865,25.60131],[70.21086,25.5948],[70.22902,25.59267],[70.23103,25.59049],[70.22958,25.5877],[70.22034,25.58146],[70.20995,25.57705],[70.17267,25.54266],[70.17008,25.53892],[70.17064,25.53614],[70.17265,25.53352],[70.17754,25.53116],[70.18589,25.53062],[70.1908,25.53479],[70.19746,25.54443],[70.20236,25.54625],[70.20438,25.54465],[70.20493,25.53697],[70.20794,25.5337],[70.21356,25.53369],[70.23119,25.54983],[70.24563,25.55893],[70.25428,25.55917],[70.27374,25.55192],[70.28008,25.5519],[70.28413,25.5545],[70.28932,25.55527],[70.29191,25.55383],[70.2917,25.5487],[70.28337,25.54341],[70.28033,25.53937],[70.28477,25.53296],[70.28475,25.52852],[70.28185,25.52396],[70.27595,25.52007],[70.2739,25.51693],[70.27532,25.51014],[70.28653,25.50371],[70.28593,25.496],[70.28303,25.49053],[70.27435,25.48168],[70.26656,25.47491],[70.25414,25.46738],[70.23908,25.45336],[70.23705,25.44815],[70.23875,25.44031],[70.22981,25.43485],[70.22895,25.43243],[70.23065,25.42701],[70.23553,25.42361],[70.24013,25.42177],[70.25634,25.42077],[70.25624,25.41755],[70.25335,25.41468],[70.25073,25.40764],[70.25317,25.40411],[70.25791,25.40266],[70.26626,25.40472],[70.27117,25.40837],[70.27551,25.41488],[70.28616,25.4168],[70.29714,25.42682],[70.30059,25.42446],[70.30028,25.41924],[70.29854,25.41664],[70.29996,25.41076],[70.30341,25.41035],[70.31493,25.41423],[70.31708,25.4124],[70.31431,25.40301],[70.31603,25.39961],[70.31948,25.39907],[70.331,25.40269],[70.33531,25.40059],[70.3353,25.39771],[70.33211,25.39355],[70.32172,25.38575],[70.28375,25.36583],[70.28113,25.35879],[70.28111,25.35357],[70.28628,25.34963],[70.29852,25.34515],[70.30697,25.3446],[70.30896,25.34069],[70.30116,25.33236],[70.30168,25.31769],[70.29989,25.30052],[70.30328,25.28828],[70.30493,25.27026],[70.30347,25.26348],[70.2997,25.25619],[70.29162,25.24525],[70.26942,25.22575],[70.25877,25.21873],[70.25274,25.21849],[70.25175,25.22201],[70.25393,25.23049],[70.25308,25.23362],[70.24705,25.23599],[70.23471,25.23785],[70.22248,25.23175],[70.21743,25.22393],[70.21395,25.22329],[70.20856,25.22344],[70.18933,25.22897],[70.16722,25.22928],[70.16374,25.22793],[70.16074,25.22185],[70.15714,25.21886],[70.1491,25.21901],[70.14348,25.20962],[70.14075,25.20819],[70.12725,25.21056],[70.12136,25.20953],[70.11561,25.2038],[70.11173,25.20302],[70.08906,25.2101],[70.07585,25.21142],[70.05861,25.20779],[70.03542,25.1984],[70.02968,25.20127],[70.02409,25.20832],[70.02107,25.20859],[70.00355,25.1979],[69.99292,25.19843],[69.98215,25.20164],[69.9286,25.23029],[69.89901,25.24255],[69.89039,25.24307],[69.82958,25.21223],[69.80145,25.19576],[69.73834,25.16619],[69.72797,25.16177],[69.71542,25.16066],[69.67542,25.14561],[69.67538,25.1432],[69.67835,25.14075],[69.70334,25.12486],[69.71299,25.11645],[69.74176,25.10118],[69.7357,25.0876],[69.73747,25.08207],[69.74112,25.07617],[69.75553,25.06114],[69.75321,25.05878],[69.7388,25.0556],[69.73458,25.05223],[69.736,25.04809],[69.73358,25.04057],[69.74017,25.03118],[69.74084,25.02705],[69.7404,25.0061],[69.73732,25.00306],[69.72554,24.99915],[69.71192,24.99732],[69.68822,25.00789],[69.65964,25.02878],[69.65115,25.03751],[69.64111,25.04321],[69.63178,25.04555],[69.61195,25.03078],[69.59899,25.0164],[69.58979,25.00161],[69.58214,24.97759],[69.56899,24.97208],[69.56597,24.96948],[69.55347,24.95204],[69.49741,24.89301],[69.47962,24.88257],[69.47113,24.8756],[69.45163,24.85513],[69.44549,24.85359],[69.43122,24.854],[69.42633,24.85267],[69.42276,24.84846],[69.41936,24.84695],[69.41583,24.84669],[69.40949,24.84972],[69.40527,24.84965],[69.40177,24.84793],[69.38547,24.82792],[69.36237,24.81599],[69.35824,24.8109],[69.32388,24.80067],[69.31749,24.78332],[69.3073,24.77305],[69.29634,24.7674],[69.28023,24.76179],[69.27254,24.75698],[69.26083,24.75309],[69.25011,24.75286],[69.24744,24.75082],[69.24646,24.74768],[69.2501,24.73603],[69.25391,24.73229],[69.28264,24.73029],[69.28503,24.72825],[69.2833,24.72407],[69.27975,24.72167],[69.25725,24.71543],[69.24958,24.71115],[69.24755,24.70769],[69.22927,24.69385],[69.21534,24.67523],[69.21458,24.66979],[69.24284,24.65862],[69.2482,24.65424],[69.24995,24.65037],[69.24912,24.64736],[69.2415,24.6444],[69.23744,24.64092],[69.23368,24.63489],[69.23165,24.6001],[69.22954,24.59725],[69.22749,24.59652],[69.22492,24.59765],[69.21724,24.61],[69.20573,24.62035],[69.203,24.62018],[69.19691,24.61584],[69.197,24.60977],[69.19962,24.60514],[69.21319,24.59243],[69.2243,24.57879],[69.22063,24.57269],[69.20619,24.56411],[69.20332,24.56024],[69.21445,24.55296],[69.21895,24.54609],[69.20258,24.52955],[69.19848,24.52912],[69.19586,24.53327],[69.19433,24.54033],[69.19219,24.5417],[69.18886,24.54058],[69.1807,24.53416],[69.16165,24.52298],[69.15682,24.51852],[69.13928,24.50817],[69.12751,24.49869],[69.12115,24.49644],[69.11149,24.48945],[69.10636,24.48444],[69.10291,24.47419],[69.09692,24.46306],[69.08935,24.4608],[69.08266,24.46326],[69.07994,24.46214],[69.07814,24.45908],[69.07523,24.44021],[69.06863,24.42991],[69.06461,24.3969],[69.05922,24.388],[69.05388,24.3664],[69.05675,24.34581],[69.05081,24.32926],[69.05361,24.3165],[69.07139,24.28473],[69.07234,24.28125],[69.07004,24.2602]]]},"properties":{"district":"Tharparkar","province":"Sindh","pcode":"PK726","pop_2023":1778407,"area_km2":19682.9}},{"type":"Feature","geometry":{"type":"MultiPolygon","coordinates":[[[[68.34268,25.29412],[68.32071,25.28695],[68.30489,25.28551],[68.2674,25.28578],[68.25986,25.28752],[68.25196,25.2937],[68.23829,25.29169],[68.21798,25.30026],[68.20065,25.29659],[68.17041,25.30153],[68.15724,25.31232],[68.13971,25.33659],[68.10506,25.39645],[68.09028,25.40828],[68.0333,25.44119],[68.01874,25.44461],[67.99655,25.44383],[67.99139,25.44102],[67.98457,25.43333],[67.96792,25.41014],[67.95148,25.40719],[67.94445,25.40839],[67.93929,25.40727],[67.93885,25.39566],[67.93526,25.39021],[67.93009,25.37557],[67.92557,25.37114],[67.90657,25.36018],[67.90436,25.35357],[67.90572,25.34637],[67.91341,25.33279],[67.91383,25.32874],[67.90669,25.31582],[67.90663,25.31222],[67.90904,25.3086],[67.90849,25.30546],[67.90595,25.30146],[67.88599,25.29051],[67.8743,25.27091],[67.86137,25.2666],[67.85635,25.26217],[67.85333,25.25862],[67.84431,25.23762],[67.83467,25.22554],[67.82032,25.21417],[67.82054,25.2056],[67.82655,25.19494],[67.82756,25.18998],[67.81508,25.11791],[67.80643,25.09432],[67.80233,25.09038],[67.79572,25.08714],[67.77574,25.08542],[67.76664,25.08322],[67.75712,25.07773],[67.7362,25.06182],[67.72542,25.03962],[67.71294,25.0048],[67.71034,25.00087],[67.7002,25.00132],[67.65763,25.01536],[67.64794,25.01708],[67.63842,25.01592],[67.62047,25.00227],[67.58707,24.9713],[67.57904,24.96743],[67.55877,24.96931],[67.52269,24.98157],[67.51797,24.98475],[67.52568,24.93229],[67.52969,24.91632],[67.57207,24.83271],[67.57846,24.81347],[67.58151,24.79507],[67.57994,24.79111],[67.57531,24.7883],[67.57039,24.78821],[67.54477,24.79198],[67.51804,24.80055],[67.50139,24.81048],[67.48885,24.83434],[67.48125,24.84061],[67.46603,24.8458],[67.43622,24.84541],[67.43869,24.83884],[67.4377,24.82811],[67.43547,24.82503],[67.43597,24.8175],[67.44018,24.80607],[67.44028,24.79596],[67.4439,24.78185],[67.44914,24.78223],[67.46088,24.7801],[67.46373,24.77748],[67.46315,24.77475],[67.45935,24.77254],[67.4597,24.76942],[67.46937,24.76179],[67.47086,24.7585],[67.46807,24.75382],[67.46201,24.75696],[67.46059,24.76402],[67.45625,24.76993],[67.45613,24.77306],[67.45281,24.77608],[67.44276,24.77597],[67.42657,24.76898],[67.40971,24.77365],[67.39336,24.77103],[67.38057,24.77646],[67.37441,24.77605],[67.36483,24.76989],[67.35461,24.7683],[67.34933,24.76291],[67.35089,24.75231],[67.34956,24.74579],[67.35152,24.74231],[67.35593,24.74057],[67.35771,24.73604],[67.36517,24.73211],[67.36839,24.72616],[67.37143,24.72417],[67.38213,24.72536],[67.38517,24.72337],[67.38722,24.71759],[67.39136,24.7171],[67.39279,24.71548],[67.39146,24.70854],[67.39322,24.70463],[67.40411,24.7006],[67.41547,24.70201],[67.43253,24.69818],[67.43587,24.69432],[67.43628,24.68995],[67.43439,24.68572],[67.42027,24.67274],[67.4315,24.66015],[67.43805,24.65598],[67.44156,24.64795],[67.44386,24.64761],[67.4523,24.65957],[67.45321,24.65376],[67.44653,24.64331],[67.44048,24.6404],[67.43408,24.64061],[67.41939,24.6487],[67.41434,24.64937],[67.41218,24.64032],[67.40688,24.63577],[67.39889,24.63571],[67.39012,24.63814],[67.38374,24.63772],[67.38088,24.63492],[67.3799,24.61944],[67.37671,24.61349],[67.37099,24.60808],[67.36605,24.60583],[67.35589,24.60884],[67.34979,24.60717],[67.34099,24.59895],[67.33683,24.58879],[67.3332,24.58825],[67.32307,24.59063],[67.32157,24.58808],[67.32389,24.58148],[67.32331,24.57874],[67.32024,24.57572],[67.31546,24.57535],[67.30509,24.58356],[67.30055,24.583],[67.29901,24.58148],[67.29964,24.57712],[67.31521,24.55885],[67.3146,24.55695],[67.30553,24.5556],[67.30402,24.55326],[67.30547,24.55143],[67.31519,24.55363],[67.32335,24.5491],[67.33609,24.54994],[67.35209,24.55506],[67.36749,24.56371],[67.38338,24.57738],[67.40044,24.58441],[67.40709,24.58943],[67.41711,24.59017],[67.43719,24.57809],[67.43961,24.57462],[67.43858,24.57187],[67.43236,24.57334],[67.41821,24.58541],[67.41363,24.58567],[67.40896,24.5826],[67.39787,24.58015],[67.38066,24.57103],[67.35706,24.55042],[67.35519,24.54598],[67.35786,24.54189],[67.36835,24.53597],[67.37359,24.53615],[67.37486,24.53869],[67.37285,24.54343],[67.37393,24.54493],[67.37666,24.54502],[67.38001,24.54116],[67.38387,24.54149],[67.38913,24.54709],[67.39151,24.54446],[67.39528,24.54729],[67.39872,24.54678],[67.40157,24.54395],[67.40198,24.53937],[67.40134,24.53246],[67.39754,24.52461],[67.39532,24.52287],[67.39095,24.52398],[67.38015,24.53177],[67.376,24.53288],[67.37017,24.5304],[67.35529,24.50277],[67.35661,24.49259],[67.35139,24.48636],[67.35233,24.47971],[67.34685,24.47431],[67.33961,24.47282],[67.33576,24.48355],[67.33065,24.48609],[67.32818,24.48518],[67.32632,24.4801],[67.32828,24.4712],[67.32578,24.46527],[67.32152,24.46346],[67.31308,24.46359],[67.30994,24.46224],[67.30939,24.45888],[67.3122,24.45688],[67.31748,24.45602],[67.3227,24.45661],[67.32852,24.4593],[67.34243,24.45914],[67.35314,24.46492],[67.35904,24.46574],[67.37429,24.47209],[67.38249,24.48384],[67.38866,24.48926],[67.39957,24.49003],[67.40219,24.49304],[67.4021,24.50117],[67.39994,24.50403],[67.39487,24.50532],[67.39111,24.51418],[67.39194,24.51608],[67.39581,24.51642],[67.3982,24.51336],[67.4025,24.51413],[67.41203,24.52154],[67.41312,24.51698],[67.40532,24.51213],[67.40395,24.50645],[67.40791,24.4926],[67.41547,24.48596],[67.41769,24.4758],[67.4213,24.4707],[67.42646,24.47295],[67.42803,24.47927],[67.436,24.47973],[67.43721,24.47789],[67.43504,24.47511],[67.43496,24.47114],[67.44065,24.46548],[67.4446,24.46373],[67.45501,24.46553],[67.454,24.46216],[67.45043,24.46016],[67.44336,24.46035],[67.43513,24.46676],[67.43148,24.46685],[67.42702,24.4642],[67.42178,24.46445],[67.41849,24.46685],[67.41319,24.47983],[67.40779,24.48404],[67.39504,24.48341],[67.38744,24.47982],[67.38011,24.46894],[67.36037,24.46078],[67.36111,24.45955],[67.3695,24.46066],[67.37615,24.45942],[67.38342,24.45444],[67.38422,24.45154],[67.38186,24.4477],[67.37167,24.44007],[67.37067,24.43669],[67.37533,24.43413],[67.38127,24.43934],[67.38822,24.44228],[67.38866,24.44855],[67.3902,24.45007],[67.39317,24.44975],[67.39581,24.44065],[67.39836,24.43948],[67.43449,24.44232],[67.44042,24.43604],[67.44546,24.43558],[67.45345,24.42937],[67.45982,24.42937],[67.46927,24.43259],[67.47209,24.43039],[67.47268,24.42686],[67.4705,24.42449],[67.46461,24.42347],[67.45197,24.4264],[67.44469,24.4318],[67.43333,24.43686],[67.41692,24.43674],[67.40614,24.43284],[67.40022,24.42702],[67.39838,24.42153],[67.39029,24.41855],[67.38591,24.41402],[67.37346,24.40631],[67.36569,24.40689],[67.35705,24.40076],[67.34908,24.4005],[67.3469,24.39813],[67.34778,24.39315],[67.35065,24.3897],[67.36052,24.38773],[67.36263,24.39218],[67.37562,24.39782],[67.3874,24.39946],[67.39836,24.39878],[67.40627,24.39444],[67.40944,24.39496],[67.41579,24.40143],[67.41891,24.39757],[67.41755,24.39147],[67.41964,24.3905],[67.42779,24.3918],[67.42955,24.36995],[67.42831,24.36093],[67.42286,24.36034],[67.41939,24.36189],[67.41814,24.36457],[67.42317,24.37579],[67.42222,24.38265],[67.41775,24.38647],[67.40546,24.39191],[67.38743,24.39278],[67.37636,24.39054],[67.36903,24.38571],[67.36361,24.37864],[67.36202,24.37275],[67.36463,24.36428],[67.36902,24.35712],[67.36652,24.35098],[67.36961,24.34774],[67.39668,24.3311],[67.40337,24.32881],[67.41724,24.32927],[67.42096,24.33314],[67.42593,24.33414],[67.42461,24.32721],[67.42738,24.32626],[67.43187,24.32765],[67.43443,24.32272],[67.438,24.32243],[67.44846,24.34009],[67.45658,24.34223],[67.46091,24.33611],[67.46647,24.33378],[67.47565,24.32573],[67.48724,24.32631],[67.49388,24.33737],[67.49998,24.33861],[67.50858,24.34598],[67.51243,24.35257],[67.51633,24.35186],[67.52905,24.33453],[67.52513,24.32981],[67.51809,24.34127],[67.51463,24.34242],[67.49635,24.33223],[67.4906,24.32183],[67.48214,24.32281],[67.47376,24.3217],[67.46624,24.32793],[67.45873,24.32769],[67.45239,24.3327],[67.449,24.33217],[67.44643,24.32207],[67.44211,24.31609],[67.4348,24.31669],[67.42809,24.3196],[67.42013,24.31934],[67.41501,24.31646],[67.41088,24.31132],[67.4063,24.31221],[67.40047,24.32141],[67.37373,24.33577],[67.3509,24.34295],[67.34658,24.34281],[67.33882,24.33754],[67.33857,24.33232],[67.35938,24.30128],[67.36214,24.29449],[67.35957,24.29065],[67.3547,24.29299],[67.34311,24.30408],[67.34019,24.30879],[67.3385,24.32272],[67.3341,24.33029],[67.32986,24.33391],[67.32532,24.33355],[67.31637,24.3297],[67.31444,24.32672],[67.3154,24.32529],[67.32088,24.32484],[67.32259,24.32219],[67.32176,24.31986],[67.31626,24.31509],[67.30671,24.31498],[67.30181,24.3121],[67.29723,24.30736],[67.29543,24.30104],[67.29736,24.29818],[67.30189,24.30459],[67.30441,24.30426],[67.30632,24.30182],[67.30377,24.29151],[67.2998,24.28845],[67.29992,24.28553],[67.30521,24.27841],[67.30843,24.2662],[67.31282,24.25863],[67.32588,24.24487],[67.32886,24.24434],[67.33099,24.24796],[67.33013,24.25252],[67.33411,24.25537],[67.33796,24.25591],[67.3434,24.26215],[67.35189,24.27766],[67.35847,24.28372],[67.36317,24.28576],[67.36922,24.28514],[67.37506,24.27863],[67.37897,24.27772],[67.39338,24.28737],[67.39568,24.28662],[67.39811,24.28273],[67.38142,24.27321],[67.3755,24.27343],[67.36852,24.27717],[67.3613,24.27568],[67.35102,24.26511],[67.34894,24.26024],[67.35008,24.25423],[67.37395,24.24333],[67.3972,24.242],[67.4091,24.23425],[67.41434,24.23401],[67.41915,24.22749],[67.41982,24.21784],[67.42116,24.2167],[67.42501,24.21704],[67.42828,24.22653],[67.42645,24.23878],[67.42727,24.24695],[67.43166,24.24718],[67.43295,24.24129],[67.43121,24.22141],[67.42815,24.21255],[67.42075,24.2098],[67.41684,24.21093],[67.41517,24.21296],[67.41516,24.22485],[67.41248,24.22956],[67.40701,24.2296],[67.40163,24.23339],[67.36253,24.23857],[67.3596,24.23785],[67.36122,24.23143],[67.35057,24.23609],[67.34196,24.23518],[67.33707,24.22646],[67.3388,24.22318],[67.34511,24.219],[67.34567,24.2161],[67.34416,24.21417],[67.33633,24.21642],[67.33461,24.21407],[67.33437,24.20884],[67.33753,24.20352],[67.33944,24.19544],[67.34352,24.18995],[67.35091,24.18706],[67.35449,24.1828],[67.35118,24.18039],[67.3402,24.18191],[67.33685,24.18054],[67.33443,24.17253],[67.33817,24.16452],[67.34533,24.15578],[67.35516,24.15444],[67.35635,24.14717],[67.36063,24.14252],[67.36947,24.13738],[67.38284,24.1326],[67.39909,24.12938],[67.41457,24.12885],[67.42286,24.13204],[67.42451,24.13021],[67.42506,24.12814],[67.42068,24.12383],[67.41183,24.12333],[67.37217,24.13225],[67.36262,24.13236],[67.3625,24.11796],[67.36595,24.11118],[67.36475,24.10718],[67.36905,24.10169],[67.36896,24.0925],[67.37098,24.08735],[67.37592,24.08293],[67.38488,24.0803],[67.38792,24.07247],[67.39497,24.06623],[67.39554,24.06333],[67.39379,24.06161],[67.38969,24.0621],[67.38148,24.06871],[67.37852,24.06861],[67.37796,24.06568],[67.38139,24.05911],[67.39206,24.04778],[67.3969,24.04606],[67.40142,24.04642],[67.40503,24.07637],[67.40882,24.08401],[67.42315,24.09532],[67.4337,24.11027],[67.44308,24.12017],[67.44649,24.12028],[67.4489,24.11681],[67.44656,24.11277],[67.43762,24.10873],[67.43525,24.10552],[67.43311,24.09627],[67.42829,24.09152],[67.41842,24.08828],[67.41805,24.08618],[67.42089,24.08315],[67.43014,24.07907],[67.43803,24.06363],[67.43534,24.06118],[67.42434,24.05864],[67.41,24.0421],[67.4092,24.03916],[67.40919,24.03373],[67.42175,24.00243],[67.40831,24],[67.4157,23.99475],[67.4329,23.99518],[67.43652,23.99069],[67.43477,23.98285],[67.42824,23.97627],[67.42739,23.9712],[67.42122,23.96096],[67.41982,23.94969],[67.42245,23.94495],[67.42798,23.94371],[67.47754,23.97087],[67.48455,23.9734],[67.48484,23.98277],[67.4807,23.99433],[67.48109,23.99714],[67.49024,24.00926],[67.49757,24.02283],[67.4975,24.02504],[67.49523,24.02629],[67.48814,24.0236],[67.48608,24.02465],[67.48745,24.02932],[67.56184,24.05684],[67.56876,24.06195],[67.57168,24.06635],[67.57069,24.06947],[67.55779,24.07244],[67.55619,24.07428],[67.56127,24.08902],[67.5587,24.12131],[67.55679,24.12416],[67.55397,24.12603],[67.54805,24.12675],[67.53221,24.12604],[67.52546,24.12878],[67.5266,24.14065],[67.53252,24.14981],[67.53744,24.15355],[67.54475,24.15583],[67.56283,24.15831],[67.5668,24.15864],[67.58188,24.15472],[67.59931,24.15761],[67.60786,24.16553],[67.61846,24.17975],[67.62593,24.18342],[67.63487,24.18119],[67.6654,24.15891],[67.6876,24.16646],[67.70971,24.16727],[67.71923,24.1656],[67.72301,24.16797],[67.74124,24.20541],[67.74534,24.23065],[67.74819,24.23697],[67.75668,24.24551],[67.76999,24.24674],[67.78986,24.24159],[67.79946,24.24135],[67.80514,24.24177],[67.8099,24.24416],[67.8125,24.24796],[67.81137,24.2658],[67.7984,24.27543],[67.77922,24.30374],[67.77378,24.3165],[67.77404,24.3236],[67.77977,24.33426],[67.78327,24.33645],[67.79205,24.33961],[67.80362,24.34028],[67.81648,24.33217],[67.828,24.32109],[67.83684,24.32056],[67.85566,24.34406],[67.86177,24.35267],[67.86306,24.35941],[67.85982,24.36692],[67.85406,24.37188],[67.84355,24.39493],[67.84066,24.40881],[67.84175,24.41514],[67.84465,24.41858],[67.86301,24.42561],[67.88616,24.42658],[67.9434,24.41768],[67.96497,24.41933],[67.96703,24.43569],[67.96617,24.44142],[67.95874,24.47195],[67.95092,24.47734],[67.94762,24.48558],[67.94994,24.50103],[67.96128,24.5209],[67.99704,24.55398],[67.99698,24.571],[67.99208,24.58486],[67.9707,24.60307],[67.96877,24.60749],[67.96707,24.63909],[67.96152,24.65614],[67.96194,24.66615],[67.97625,24.68819],[67.98826,24.70159],[68.00185,24.72482],[68.02225,24.75382],[68.02886,24.76714],[68.03257,24.78665],[68.03171,24.79303],[68.02324,24.81799],[68.02234,24.82282],[68.02396,24.82916],[68.02989,24.83706],[68.03914,24.84274],[68.0616,24.8524],[68.07179,24.85276],[68.08546,24.85005],[68.10829,24.84144],[68.11898,24.84266],[68.12014,24.84788],[68.11774,24.85325],[68.11217,24.85923],[68.08802,24.87804],[68.08445,24.88269],[68.0835,24.88669],[68.0847,24.89293],[68.0892,24.89742],[68.11404,24.90674],[68.11956,24.91173],[68.12382,24.9271],[68.12513,24.95872],[68.12595,24.96148],[68.13349,24.96823],[68.14551,24.97242],[68.17777,24.97449],[68.18154,24.97029],[68.18698,24.96724],[68.20367,24.9652],[68.20835,24.96206],[68.21347,24.95537],[68.21638,24.95445],[68.22337,24.95745],[68.22956,24.96772],[68.23636,24.97267],[68.25066,24.97792],[68.25588,24.98121],[68.25874,24.98854],[68.25662,25.01349],[68.26038,25.05289],[68.27021,25.09988],[68.27824,25.11482],[68.28002,25.12214],[68.28658,25.12716],[68.28884,25.12736],[68.33808,25.12551],[68.34188,25.12679],[68.35276,25.14085],[68.35494,25.15156],[68.35225,25.16866],[68.34809,25.17607],[68.33459,25.18808],[68.33388,25.19263],[68.34419,25.21894],[68.32343,25.24079],[68.32128,25.24582],[68.33517,25.26831],[68.34143,25.28543],[68.34268,25.29412]]],[[[67.40456,23.97544],[67.39713,23.98212],[67.39288,23.98247],[67.39098,23.97944],[67.40608,23.95851],[67.40936,23.95722],[67.41058,23.96619],[67.4125,23.96876],[67.42059,23.97355],[67.42395,23.97776],[67.42212,23.98047],[67.40682,23.97503],[67.40456,23.97544]]],[[[67.42226,24.06525],[67.42309,24.06757],[67.41676,24.07237],[67.41515,24.07879],[67.41304,24.0806],[67.41055,24.08051],[67.40865,24.0767],[67.40944,24.0738],[67.40515,24.07037],[67.41042,24.06632],[67.40988,24.06255],[67.41296,24.05931],[67.42226,24.06525]]],[[[67.35785,24.35737],[67.3591,24.36034],[67.35579,24.3692],[67.35734,24.38178],[67.35567,24.38381],[67.34609,24.37827],[67.34117,24.37018],[67.33765,24.36714],[67.33708,24.3642],[67.33858,24.36091],[67.35284,24.35721],[67.35785,24.35737]]],[[[67.33376,24.37328],[67.33473,24.37748],[67.33318,24.38202],[67.33037,24.38422],[67.31571,24.38603],[67.31036,24.38314],[67.30872,24.3785],[67.31542,24.36473],[67.33376,24.37328]]],[[[67.38605,24.42196],[67.39144,24.42422],[67.39451,24.42725],[67.3951,24.42956],[67.39269,24.43282],[67.38646,24.43491],[67.37739,24.43378],[67.37186,24.42943],[67.37132,24.42607],[67.37416,24.42324],[67.37901,24.42152],[67.38605,24.42196]]],[[[67.36526,24.42942],[67.36074,24.43407],[67.35289,24.43673],[67.33522,24.43406],[67.3206,24.42919],[67.31039,24.42802],[67.30647,24.42371],[67.31493,24.42274],[67.32205,24.42715],[67.32869,24.42633],[67.33543,24.42321],[67.33997,24.41773],[67.33283,24.41958],[67.32212,24.41964],[67.31612,24.41589],[67.30861,24.41564],[67.31014,24.41152],[67.30967,24.40629],[67.30537,24.39425],[67.30801,24.39058],[67.32182,24.39292],[67.32729,24.39268],[67.3317,24.39074],[67.33875,24.39118],[67.34001,24.39373],[67.33817,24.40014],[67.33866,24.40475],[67.34393,24.40993],[67.3438,24.41306],[67.34164,24.41591],[67.3441,24.41703],[67.35757,24.41038],[67.36322,24.41182],[67.366,24.41629],[67.36709,24.42343],[67.36526,24.42942]]],[[[67.37064,24.45485],[67.36234,24.45729],[67.35011,24.45522],[67.34608,24.45321],[67.33582,24.45349],[67.31611,24.45054],[67.30853,24.45175],[67.30177,24.45007],[67.29663,24.44175],[67.30103,24.43418],[67.30591,24.43204],[67.3372,24.44164],[67.34269,24.4412],[67.34786,24.44283],[67.35275,24.44049],[67.35953,24.44175],[67.37173,24.45009],[67.37276,24.45283],[67.37064,24.45485]]],[[[67.32104,24.4697],[67.32253,24.47226],[67.3238,24.48628],[67.32903,24.4923],[67.3236,24.49692],[67.31976,24.49596],[67.31003,24.4829],[67.30968,24.47454],[67.31626,24.46954],[67.32104,24.4697]]],[[[67.34076,24.48977],[67.34482,24.49095],[67.34677,24.49352],[67.34803,24.49627],[67.34658,24.49831],[67.33497,24.50356],[67.32627,24.51016],[67.31905,24.51953],[67.31618,24.51713],[67.31303,24.51035],[67.31428,24.50788],[67.33558,24.49398],[67.33643,24.48962],[67.34076,24.48977]]],[[[67.29256,24.52052],[67.288,24.52621],[67.28373,24.52461],[67.27943,24.51799],[67.26933,24.51974],[67.26755,24.51864],[67.26746,24.49839],[67.27461,24.49612],[67.27355,24.49421],[67.26614,24.49145],[67.25616,24.49007],[67.25356,24.48665],[67.25669,24.47694],[67.26068,24.47415],[67.26753,24.47376],[67.27185,24.46848],[67.27509,24.46733],[67.30275,24.47097],[67.3049,24.47417],[67.30328,24.48059],[67.30557,24.49173],[67.31028,24.49377],[67.31277,24.4999],[67.3062,24.51033],[67.29256,24.52052]]],[[[67.3618,24.52866],[67.3595,24.53485],[67.34754,24.54301],[67.33337,24.5438],[67.32002,24.54669],[67.31207,24.54601],[67.30827,24.54401],[67.30401,24.53656],[67.29617,24.53275],[67.29335,24.52931],[67.2944,24.5258],[67.30431,24.51757],[67.30748,24.5181],[67.312,24.52472],[67.31535,24.52671],[67.32178,24.52546],[67.32539,24.52078],[67.32773,24.51355],[67.3329,24.50976],[67.35052,24.50241],[67.36149,24.52489],[67.3618,24.52866]]],[[[67.2858,24.58104],[67.26991,24.57905],[67.25866,24.58055],[67.25304,24.57869],[67.23866,24.57883],[67.23287,24.57508],[67.22754,24.5772],[67.22416,24.57604],[67.22247,24.57265],[67.22471,24.56813],[67.22351,24.56391],[67.21748,24.56079],[67.21629,24.55657],[67.21783,24.55224],[67.23647,24.54264],[67.23862,24.54021],[67.24047,24.52837],[67.24297,24.52867],[67.24533,24.53793],[67.24988,24.53829],[67.25335,24.53695],[67.26027,24.52946],[67.26669,24.52863],[67.27048,24.525],[67.27322,24.52488],[67.27647,24.52938],[67.28386,24.53275],[67.28706,24.53808],[67.29565,24.54025],[67.30009,24.54332],[67.30287,24.54779],[67.29894,24.55476],[67.29967,24.55938],[67.30576,24.56104],[67.30497,24.56373],[67.29932,24.56813],[67.29585,24.57491],[67.2916,24.57873],[67.2858,24.58104]]],[[[67.30787,24.58825],[67.3093,24.59247],[67.30862,24.60393],[67.30499,24.60319],[67.30172,24.59932],[67.30062,24.5926],[67.30493,24.58753],[67.30787,24.58825]]],[[[67.34627,24.60977],[67.34914,24.6178],[67.34786,24.62131],[67.34332,24.62095],[67.3398,24.61749],[67.34241,24.60923],[67.34627,24.60977]]],[[[67.3345,24.61293],[67.32668,24.62019],[67.32055,24.63084],[67.31654,24.63405],[67.31239,24.63495],[67.29607,24.62648],[67.29196,24.6207],[67.29018,24.61396],[67.29135,24.59041],[67.29333,24.58651],[67.29887,24.60215],[67.30463,24.61215],[67.30804,24.61268],[67.31432,24.60976],[67.31534,24.60708],[67.31672,24.60107],[67.31364,24.58656],[67.3147,24.58305],[67.31767,24.58273],[67.31783,24.59046],[67.31969,24.59511],[67.32239,24.59625],[67.33357,24.5962],[67.33501,24.60021],[67.33265,24.60786],[67.33527,24.61066],[67.3345,24.61293]]],[[[67.37401,24.62989],[67.37248,24.63381],[67.35562,24.64453],[67.34766,24.64385],[67.33957,24.64045],[67.33318,24.6346],[67.32821,24.63339],[67.32674,24.63],[67.32894,24.62653],[67.33219,24.62517],[67.34755,24.62923],[67.35316,24.62607],[67.35709,24.6189],[67.36224,24.61552],[67.3683,24.61822],[67.37401,24.62989]]],[[[67.36491,24.65214],[67.36879,24.66375],[67.36707,24.66703],[67.3584,24.66675],[67.35212,24.66383],[67.34671,24.65613],[67.34335,24.65477],[67.34468,24.6498],[67.36491,24.65214]]],[[[67.34487,24.66233],[67.34283,24.66749],[67.3379,24.67108],[67.33425,24.6766],[67.33134,24.66961],[67.32529,24.66649],[67.3199,24.65859],[67.31625,24.65867],[67.31177,24.66207],[67.30879,24.66218],[67.30662,24.65961],[67.3126,24.64707],[67.32427,24.64057],[67.32926,24.64136],[67.33276,24.64544],[67.33415,24.6505],[67.34296,24.655],[67.34487,24.66233]]],[[[67.41518,24.67445],[67.42202,24.68073],[67.42893,24.69076],[67.42573,24.69692],[67.42087,24.69843],[67.40565,24.69648],[67.38561,24.68893],[67.35181,24.68887],[67.34052,24.68578],[67.33929,24.68198],[67.34183,24.6756],[67.34746,24.67182],[67.36663,24.67224],[67.36989,24.67067],[67.37724,24.66382],[67.38689,24.65056],[67.38992,24.6492],[67.39507,24.65146],[67.39852,24.65094],[67.40188,24.64688],[67.40687,24.64767],[67.40996,24.65632],[67.41196,24.65743],[67.41656,24.65675],[67.43209,24.64493],[67.43573,24.64526],[67.43697,24.64843],[67.42621,24.66103],[67.41582,24.66988],[67.41518,24.67445]]],[[[67.32535,24.72808],[67.31276,24.73434],[67.30305,24.73715],[67.29487,24.73605],[67.27495,24.72577],[67.26118,24.71028],[67.25449,24.7063],[67.24788,24.70587],[67.24301,24.70758],[67.22572,24.72266],[67.22,24.72288],[67.21715,24.72007],[67.21731,24.71611],[67.22371,24.6992],[67.22722,24.69724],[67.23636,24.69713],[67.23969,24.69369],[67.24814,24.67706],[67.25323,24.67536],[67.25995,24.6785],[67.26592,24.67766],[67.26882,24.67943],[67.27227,24.67892],[67.27323,24.6777],[67.2655,24.67118],[67.26295,24.66086],[67.26563,24.65656],[67.271,24.65361],[67.27486,24.65437],[67.27171,24.66429],[67.27248,24.66807],[67.27559,24.67026],[67.29227,24.66998],[67.29497,24.67112],[67.29551,24.67468],[67.2874,24.68318],[67.28605,24.68836],[67.28728,24.69174],[67.29295,24.69297],[67.30469,24.69065],[67.31236,24.68151],[67.31725,24.67937],[67.32201,24.67995],[67.32716,24.67699],[67.33009,24.67813],[67.33338,24.68701],[67.34026,24.69225],[67.34955,24.69401],[67.37214,24.69455],[67.38269,24.69343],[67.39147,24.69664],[67.39087,24.70038],[67.3857,24.70397],[67.38497,24.71104],[67.38129,24.71176],[67.37486,24.71844],[67.36852,24.71698],[67.36137,24.72447],[67.35324,24.72775],[67.34653,24.73546],[67.33785,24.73538],[67.32972,24.72739],[67.32535,24.72808]]]]},"properties":{"district":"Thatta","province":"Sindh","pcode":"PK727","pop_2023":1083191,"area_km2":7630.5}},{"type":"Feature","geometry":{"type":"Polygon","coordinates":[[[70.23264,25.78267],[70.20837,25.77605],[70.19146,25.78282],[70.18411,25.78008],[70.18121,25.77591],[70.17185,25.76928],[70.1636,25.76839],[70.14822,25.7709],[70.13316,25.77102],[70.11909,25.76339],[70.11357,25.76282],[70.10818,25.76274],[70.0994,25.7671],[70.09216,25.76845],[70.05255,25.75564],[70.04552,25.75155],[70.03943,25.74374],[70.03474,25.74182],[70.01913,25.73951],[70.00745,25.73083],[69.99527,25.72408],[69.9878,25.7226],[69.97777,25.72275],[69.97449,25.72484],[69.94841,25.7531],[69.93831,25.75751],[69.93418,25.75773],[69.92919,25.7558],[69.92219,25.75038],[69.88025,25.70299],[69.86281,25.68649],[69.86002,25.68565],[69.8538,25.68757],[69.84192,25.68355],[69.8145,25.66478],[69.79898,25.6579],[69.78999,25.6487],[69.77117,25.60206],[69.75165,25.57991],[69.74584,25.56622],[69.73979,25.55813],[69.73183,25.55113],[69.71929,25.54375],[69.70207,25.53819],[69.69942,25.53467],[69.69096,25.53001],[69.68151,25.52918],[69.67198,25.52093],[69.65772,25.51165],[69.65332,25.51079],[69.64947,25.5118],[69.64187,25.51703],[69.63851,25.51591],[69.63098,25.50859],[69.62772,25.4936],[69.62557,25.49024],[69.60956,25.49612],[69.59006,25.5001],[69.57298,25.50037],[69.56095,25.49832],[69.55983,25.50044],[69.5629,25.50422],[69.57455,25.51133],[69.57293,25.51908],[69.57083,25.52115],[69.56617,25.51841],[69.56496,25.52053],[69.56217,25.52063],[69.56028,25.51885],[69.55723,25.5084],[69.55494,25.5053],[69.55082,25.5051],[69.54755,25.50692],[69.53696,25.51774],[69.53456,25.52419],[69.53643,25.52676],[69.54219,25.52551],[69.54579,25.5221],[69.54961,25.52243],[69.5627,25.5309],[69.5634,25.53318],[69.55666,25.54451],[69.55979,25.55016],[69.55301,25.5533],[69.55252,25.55556],[69.56648,25.56525],[69.56745,25.5686],[69.56403,25.57042],[69.55526,25.56681],[69.54838,25.56088],[69.54578,25.562],[69.55049,25.56994],[69.54794,25.57244],[69.54281,25.57116],[69.5376,25.56627],[69.532,25.56619],[69.52533,25.56798],[69.52314,25.57499],[69.5179,25.57642],[69.51411,25.57354],[69.50941,25.56601],[69.50026,25.56391],[69.49433,25.55363],[69.49071,25.55208],[69.48896,25.55684],[69.48297,25.55439],[69.48082,25.55929],[69.47447,25.55999],[69.45905,25.5504],[69.4545,25.54939],[69.44499,25.54161],[69.44215,25.54105],[69.41841,25.55],[69.39518,25.56296],[69.39105,25.56289],[69.38459,25.55491],[69.3815,25.55472],[69.344,25.56342],[69.33107,25.56907],[69.3263,25.56471],[69.32236,25.5561],[69.29954,25.54735],[69.29431,25.54657],[69.29012,25.54595],[69.26652,25.55032],[69.25503,25.55091],[69.24714,25.55679],[69.2279,25.56663],[69.21473,25.56871],[69.21435,25.57249],[69.20401,25.57249],[69.18562,25.56638],[69.18555,25.56248],[69.18141,25.55773],[69.17371,25.52738],[69.18927,25.52656],[69.19085,25.51805],[69.19176,25.4935],[69.19024,25.47908],[69.1881,25.47136],[69.1834,25.46724],[69.18283,25.45581],[69.20386,25.43836],[69.21803,25.42407],[69.23872,25.41162],[69.25193,25.40812],[69.25412,25.40593],[69.25342,25.4026],[69.24944,25.40037],[69.26359,25.39903],[69.2724,25.39309],[69.27683,25.38644],[69.26864,25.3701],[69.28164,25.36817],[69.2856,25.37218],[69.29157,25.37332],[69.29933,25.36721],[69.30961,25.36749],[69.31111,25.36365],[69.30954,25.35355],[69.31028,25.35134],[69.31635,25.34625],[69.31702,25.33766],[69.33041,25.32341],[69.3591,25.30211],[69.36467,25.25642],[69.36294,25.23418],[69.37077,25.21441],[69.3742,25.18238],[69.38317,25.15865],[69.38829,25.15113],[69.38612,25.14487],[69.39979,25.12728],[69.4062,25.11228],[69.40764,25.09812],[69.40033,25.08252],[69.39698,25.07025],[69.40023,25.06089],[69.40107,25.05273],[69.44598,24.99912],[69.45543,24.99254],[69.46315,24.98319],[69.4673,24.97181],[69.46736,24.9551],[69.47432,24.94753],[69.4749,24.94312],[69.47178,24.89613],[69.47386,24.89039],[69.47962,24.88257],[69.49741,24.89301],[69.55347,24.95204],[69.56597,24.96948],[69.56899,24.97208],[69.58214,24.97759],[69.58979,25.00161],[69.59899,25.0164],[69.61195,25.03078],[69.63178,25.04555],[69.64111,25.04321],[69.65115,25.03751],[69.65964,25.02878],[69.68822,25.00789],[69.71192,24.99732],[69.72554,24.99915],[69.73732,25.00306],[69.7404,25.0061],[69.74084,25.02705],[69.74017,25.03118],[69.73358,25.04057],[69.736,25.04809],[69.73458,25.05223],[69.7388,25.0556],[69.75321,25.05878],[69.75553,25.06114],[69.74112,25.07617],[69.73747,25.08207],[69.7357,25.0876],[69.74176,25.10118],[69.71299,25.11645],[69.70334,25.12486],[69.67835,25.14075],[69.67538,25.1432],[69.67542,25.14561],[69.71542,25.16066],[69.72797,25.16177],[69.73834,25.16619],[69.80145,25.19576],[69.82958,25.21223],[69.89039,25.24307],[69.89901,25.24255],[69.9286,25.23029],[69.98215,25.20164],[69.99292,25.19843],[70.00355,25.1979],[70.02107,25.20859],[70.02409,25.20832],[70.02968,25.20127],[70.03542,25.1984],[70.05861,25.20779],[70.07585,25.21142],[70.08906,25.2101],[70.11173,25.20302],[70.11561,25.2038],[70.12136,25.20953],[70.12725,25.21056],[70.14075,25.20819],[70.14348,25.20962],[70.1491,25.21901],[70.15714,25.21886],[70.16074,25.22185],[70.16374,25.22793],[70.16722,25.22928],[70.18933,25.22897],[70.20856,25.22344],[70.21395,25.22329],[70.21743,25.22393],[70.22248,25.23175],[70.23471,25.23785],[70.24705,25.23599],[70.25308,25.23362],[70.25393,25.23049],[70.25175,25.22201],[70.25274,25.21849],[70.25877,25.21873],[70.26942,25.22575],[70.29162,25.24525],[70.2997,25.25619],[70.30347,25.26348],[70.30493,25.27026],[70.30328,25.28828],[70.29989,25.30052],[70.30168,25.31769],[70.30116,25.33236],[70.30896,25.34069],[70.30697,25.3446],[70.29852,25.34515],[70.28628,25.34963],[70.28111,25.35357],[70.28113,25.35879],[70.28375,25.36583],[70.32172,25.38575],[70.33211,25.39355],[70.3353,25.39771],[70.33531,25.40059],[70.331,25.40269],[70.31948,25.39907],[70.31603,25.39961],[70.31431,25.40301],[70.31708,25.4124],[70.31493,25.41423],[70.30341,25.41035],[70.29996,25.41076],[70.29854,25.41664],[70.30028,25.41924],[70.30059,25.42446],[70.29714,25.42682],[70.28616,25.4168],[70.27551,25.41488],[70.27117,25.40837],[70.26626,25.40472],[70.25791,25.40266],[70.25317,25.40411],[70.25073,25.40764],[70.25335,25.41468],[70.25624,25.41755],[70.25634,25.42077],[70.24013,25.42177],[70.23553,25.42361],[70.23065,25.42701],[70.22895,25.43243],[70.22981,25.43485],[70.23875,25.44031],[70.23705,25.44815],[70.23908,25.45336],[70.25414,25.46738],[70.26656,25.47491],[70.27435,25.48168],[70.28303,25.49053],[70.28593,25.496],[70.28653,25.50371],[70.27532,25.51014],[70.2739,25.51693],[70.27595,25.52007],[70.28185,25.52396],[70.28475,25.52852],[70.28477,25.53296],[70.28033,25.53937],[70.28337,25.54341],[70.2917,25.5487],[70.29191,25.55383],[70.28932,25.55527],[70.28413,25.5545],[70.28008,25.5519],[70.27374,25.55192],[70.25428,25.55917],[70.24563,25.55893],[70.23119,25.54983],[70.21356,25.53369],[70.20794,25.5337],[70.20493,25.53697],[70.20438,25.54465],[70.20236,25.54625],[70.19746,25.54443],[70.1908,25.53479],[70.18589,25.53062],[70.17754,25.53116],[70.17265,25.53352],[70.17064,25.53614],[70.17008,25.53892],[70.17267,25.54266],[70.20995,25.57705],[70.22034,25.58146],[70.22958,25.5877],[70.23103,25.59049],[70.22902,25.59267],[70.21086,25.5948],[70.18865,25.60131],[70.1806,25.59905],[70.17336,25.59149],[70.16572,25.58733],[70.15852,25.58943],[70.15029,25.58527],[70.14405,25.5853],[70.12377,25.58715],[70.1232,25.58976],[70.1394,25.61209],[70.14433,25.62514],[70.15472,25.63087],[70.15331,25.64354],[70.15418,25.64834],[70.15876,25.65374],[70.1646,25.65723],[70.18047,25.65981],[70.18365,25.66163],[70.19826,25.67719],[70.24402,25.70196],[70.24741,25.70475],[70.25152,25.71247],[70.26524,25.72387],[70.25432,25.75047],[70.2425,25.76989],[70.23264,25.78267]]]},"properties":{"district":"Umer Kot","province":"Sindh","pcode":"PK728","pop_2023":1159831,"area_km2":5489.6}},{"type":"Feature","geometry":{"type":"Polygon","coordinates":[[[67.12048,25.0128],[67.11828,25.01469],[67.11301,25.02715],[67.10342,25.03818],[67.09,25.06502],[67.0725,25.08683],[67.05836,25.08755],[67.05213,25.08995],[67.04398,25.0957],[67.02481,25.09378],[67.00507,25.09781],[66.93824,25.02936],[66.96904,24.98272],[66.96814,24.97995],[66.95141,24.9705],[66.96029,24.95921],[66.94954,24.95226],[66.93642,24.94692],[66.92859,24.94122],[66.94182,24.91407],[66.949,24.90532],[66.96439,24.89154],[66.98739,24.87653],[66.99678,24.88036],[67.01494,24.87831],[67.0218,24.88243],[67.02634,24.88699],[67.02551,24.88957],[67.0203,24.89448],[67.02143,24.904],[67.01788,24.90959],[67.01825,24.92441],[67.01365,24.92485],[67.01129,24.92718],[67.02401,24.93631],[67.03299,24.94525],[67.04349,24.95983],[67.04435,24.97053],[67.0511,24.99335],[67.05035,24.99765],[67.04774,25.00087],[67.03979,25.00291],[67.0515,25.00651],[67.09203,25.00901],[67.12048,25.0128]]]},"properties":{"district":"West Karachi","province":"Sindh","pcode":"PK729","pop_2023":4747831,"area_km2":241.8}}]}